80.72021(0.0, 0.0, 0.0)
81.22352(0.0, 15.0, 0.0)
81.7402(0.0, 15.0, 0.0)
82.25685(0.0, 15.0, 0.0)
82.77351(0.0, 357.1, 0.0)
83.29015(0.0, 32.2, 0.0)
83.80681(0.0, 10.0, 0.0)
84.32348(0.0, 3.0, 0.0)
84.84013(0.0, 3.0, 0.0)
85.35678(0.0, 3.0, 0.0)
85.85679(0.0, 3.0, 0.0)
86.37344(0.0, 3.0, 0.0)
86.89011(0.0, 3.0, 0.0)
87.40675(0.0, 3.0, 0.0)
87.92342(0.0, 3.0, 0.0)
88.44008(0.0, 3.0, 0.0)
88.95672(0.0, 3.0, 0.0)
89.45673(0.0, 3.0, 0.0)
89.97337(0.0, 3.0, 0.0)
90.47337(0.0, 3.0, 0.0)
90.99004(0.0, 3.0, 0.0)
91.50668(0.0, 3.0, 0.0)
92.00668(0.0, 3.0, 0.0)
92.52334(0.0, 3.0, 0.0)
93.04(0.0, 3.0, 0.0)
93.55664(0.0, 3.0, 0.0)
94.05665(0.0, 3.0, 0.0)
94.5733(0.0, 3.0, 0.0)
95.08994(0.0, 3.0, 0.0)
95.60663(0.0, 3.0, 0.0)
96.12328(0.0, 3.0, 0.0)
96.63992(0.0, 3.0, 0.0)
11, 1
97.23992(0.0, 3.0, 0.0)
97.75654(0.0, 3.0, 0.0)
98.25655(0.0, 3.0, 0.0)
98.7732(0.0, 3.0, 0.0)
99.28984(0.0, 3.0, 0.0)
99.78985(0.0, 3.0, 0.0)
100.3065(0.0, 3.0, 0.0)
100.8065(0.0, 3.0, 0.0)
101.3232(0.0, 3.0, 0.0)
101.8398(0.0, 3.0, 0.0)
102.3565(0.0, 3.0, 0.0)
102.8565(0.0, 3.0, 0.0)
103.3731(0.0, 3.0, 0.0)
103.8731(0.0, 3.0, 0.0)
104.3897(0.0, 3.0, 0.0)
104.8898(0.0, 3.0, 0.0)
105.4064(0.0, 3.0, 0.0)
105.9064(0.0, 3.0, 0.0)
106.4231(0.0, 3.0, 0.0)
106.9397(0.0, 3.0, 0.0)
107.4564(0.0, 3.0, 0.0)
107.9564(0.0, 3.0, 0.0)
108.473(0.0, 3.0, 0.0)
108.9897(0.0, 3.0, 0.0)
109.4897(0.0, 3.0, 0.0)
110.0063(0.0, 3.0, 0.0)
110.523(0.0, 3.0, 0.0)
111.023(0.0, 3.0, 0.0)
111.5396(0.0, 3.0, 0.0)
112.0396(0.0, 3.0, 0.0)
112.5563(0.0, 3.0, 0.0)
113.0563(0.0, 3.0, 0.0)
113.573(0.0, 3.0, 0.0)
114.0896(0.0, 3.0, 0.0)
114.5896(0.0, 3.0, 0.0)
115.1062(0.0, 3.0, 0.0)
115.6062(0.0, 3.0, 0.0)
116.1229(0.0, 3.0, 0.0)
116.6396(0.0, 3.0, 0.0)
117.1562(0.0, 3.0, 0.0)
117.6563(0.0, 3.0, 0.0)
118.1729(0.0, 3.0, 0.0)
118.6896(0.0, 3.0, 0.0)
119.1896(0.0, 3.0, 0.0)
119.7062(0.0, 3.0, 0.0)
11, 2
120.2062(0.0, 3.0, 0.0)
120.7228(0.0, 3.0, 0.0)
121.2395(0.0, 3.0, 0.0)
121.7561(0.0, 3.0, 0.0)
122.2561(0.0, 3.0, 0.0)
122.7728(0.0, 3.0, 0.0)
123.2894(0.0, 3.0, 0.0)
123.8061(0.0, 3.0, 0.0)
124.3228(0.0, 3.0, 0.0)
124.8394(0.0, 3.0, 0.0)
125.3561(0.0, 3.0, 0.0)
125.8727(0.0, 3.0, 0.0)
126.3894(0.0, 3.0, 0.0)
126.8894(0.0, 3.0, 0.0)
127.4061(0.0, 3.0, 0.0)
127.9227(0.0, 3.0, 0.0)
128.4394(0.0, 3.0, 0.0)
128.956(0.0, 3.0, 0.0)
129.4727(0.0, 3.0, 0.0)
129.9893(0.0, 3.0, 0.0)
130.506(0.0, 3.0, 0.0)
131.0226(0.0, 3.0, 0.0)
131.5227(0.0, 3.0, 0.0)
132.0393(0.0, 3.0, 0.0)
132.5393(0.0, 3.0, 0.0)
133.056(0.0, 3.0, 0.0)
133.556(0.0, 3.0, 0.0)
134.0726(0.0, 3.0, 0.0)
134.5893(0.0, 3.0, 0.0)
135.106(0.0, 3.0, 0.0)
135.6226(0.0, 3.0, 0.0)
136.1393(0.0, 3.0, 0.0)
136.6559(0.0, 3.0, 0.0)
137.1726(0.0, 3.0, 0.0)
11, 3
137.6892(0.0, 3.0, 0.0)
138.1892(0.0, 3.0, 0.0)
138.7059(0.0, 3.0, 0.0)
139.2225(0.0, 3.0, 0.0)
139.7392(0.0, 3.0, 0.0)
140.2558(0.0, 3.0, 0.0)
140.7725(0.0, 3.0, 0.0)
141.2891(0.0, 3.0, 0.0)
141.8058(0.0, 3.0, 0.0)
142.3225(0.0, 3.0, 0.0)
142.8225(0.0, 3.0, 0.0)
143.3391(0.0, 3.0, 0.0)
143.8558(0.0, 3.0, 0.0)
144.3724(0.0, 3.0, 0.0)
144.8724(0.0, 3.0, 0.0)
145.3891(0.0, 3.0, 0.0)
145.9057(0.0, 3.0, 0.0)
146.4057(0.0, 3.0, 0.0)
146.9224(0.0, 3.0, 0.0)
147.4244(0.0, 3.0, 0.0)
147.9406(0.0, 3.0, 0.0)
148.4567(0.0, 3.0, 0.0)
148.9729(0.0, 3.0, 0.0)
149.489(0.0, 3.0, 0.0)
150.0057(0.0, 3.0, 0.0)
150.5223(0.0, 3.0, 0.0)
151.039(0.0, 3.0, 0.0)
151.5556(0.0, 3.0, 0.0)
152.0723(0.0, 3.0, 0.0)
152.589(0.0, 3.0, 0.0)
153.089(0.0, 3.0, 0.0)
153.6057(0.0, 3.0, 0.0)
154.1223(0.0, 3.0, 0.0)
154.6389(0.0, 3.0, 0.0)
155.1556(0.0, 3.0, 0.0)
155.6723(0.0, 3.0, 0.0)
11, 4
156.1889(0.0, 3.0, 0.0)
156.7056(0.0, 3.0, 0.0)
157.2222(0.0, 3.0, 0.0)
157.7389(0.0, 3.0, 0.0)
158.2555(0.0, 3.0, 0.0)
158.7722(0.0, 3.0, 0.0)
159.2889(0.0, 3.0, 0.0)
159.8055(0.0, 3.0, 0.0)
160.3221(0.0, 3.0, 0.0)
160.8222(0.0, 3.0, 0.0)
161.3388(0.0, 3.0, 0.0)
161.8469(0.0, 3.0, 0.0)
162.363(0.0, 3.0, 0.0)
162.8792(0.0, 3.0, 0.0)
163.3953(0.0, 3.0, 0.0)
163.9115(0.0, 3.0, 0.0)
164.4276(0.0, 3.0, 0.0)
164.9438(0.0, 3.0, 0.0)
165.4599(0.0, 3.0, 0.0)
165.9761(0.0, 3.0, 0.0)
166.4922(0.0, 3.0, 0.0)
167.0084(0.0, 3.0, 0.0)
167.5245(0.0, 3.0, 0.0)
168.0407(0.0, 3.0, 0.0)
168.5568(0.0, 3.0, 0.0)
169.073(0.0, 3.0, 0.0)
169.5891(0.0, 3.0, 0.0)
170.1054(0.0, 3.0, 0.0)
170.622(0.0, 3.0, 0.0)
171.122(0.0, 3.0, 0.0)
171.6387(0.0, 3.0, 0.0)
172.1553(0.0, 3.0, 0.0)
172.672(0.0, 3.0, 0.0)
173.1887(0.0, 3.0, 0.0)
173.7054(0.0, 3.0, 0.0)
174.222(0.0, 3.0, 0.0)
174.7386(0.0, 3.0, 0.0)
175.2553(0.0, 3.0, 0.0)
175.772(0.0, 3.0, 0.0)
176.2886(0.0, 3.0, 0.0)
176.8053(0.0, 3.0, 0.0)
177.3219(0.0, 3.0, 0.0)
177.8386(0.0, 3.0, 0.0)
178.3553(0.0, 3.0, 0.0)
178.8719(0.0, 3.0, 0.0)
11, 5
179.3885(0.0, 3.0, 0.0)
179.9052(0.0, 3.0, 0.0)
180.4218(0.0, 3.0, 0.0)
180.9385(0.0, 3.0, 0.0)
181.4385(0.0, 3.0, 0.0)
181.9552(0.0, 3.0, 0.0)
182.4718(0.0, 3.0, 0.0)
182.9884(0.0, 3.0, 0.0)
183.4884(0.0, 3.0, 0.0)
184.0051(0.0, 3.0, 0.0)
184.5218(0.0, 3.0, 0.0)
185.0384(0.0, 3.0, 0.0)
185.5551(0.0, 3.0, 0.0)
186.0717(0.0, 3.0, 0.0)
186.5884(0.0, 3.0, 0.0)
187.0884(0.0, 3.0, 0.0)
187.605(0.0, 3.0, 0.0)
188.1051(0.0, 3.0, 0.0)
188.6217(0.0, 3.0, 0.0)
189.1384(0.0, 3.0, 0.0)
189.655(0.0, 3.0, 0.0)
190.155(0.0, 3.0, 0.0)
190.6717(0.0, 3.0, 0.0)
191.1883(0.0, 3.0, 0.0)
191.705(0.0, 3.0, 0.0)
192.2216(0.0, 3.0, 0.0)
192.7217(0.0, 3.0, 0.0)
193.2383(0.0, 3.0, 0.0)
193.7383(0.0, 3.0, 0.0)
194.255(0.0, 3.0, 0.0)
194.7716(0.0, 3.0, 0.0)
195.2883(0.0, 3.0, 0.0)
195.8049(0.0, 3.0, 0.0)
196.3049(0.0, 3.0, 0.0)
196.805(0.0, 3.0, 0.0)
197.3216(0.0, 3.0, 0.0)
197.8216(0.0, 3.0, 0.0)
11, 6
198.3883(0.0, 3.0, 0.0)
198.9217(0.0, 3.0, 0.0)
199.455(0.0, 3.0, 0.0)
199.9883(0.0, 3.0, 0.0)
200.4883(0.0, 3.0, 0.0)
201.0216(0.0, 3.0, 0.0)
201.5217(0.0, 3.0, 0.0)
202.0549(0.0, 3.0, 0.0)
202.555(0.0, 3.0, 0.0)
203.0883(0.0, 3.0, 0.0)
203.6216(0.0, 3.0, 0.0)
204.155(0.0, 3.0, 0.0)
204.6883(0.0, 3.0, 0.0)
205.2216(0.0, 3.0, 0.0)
205.7549(0.0, 3.0, 0.0)
206.2882(0.0, 3.0, 0.0)
206.8216(0.0, 3.0, 0.0)
207.3548(0.0, 3.0, 0.0)
207.8549(0.0, 3.0, 0.0)
208.3715(0.0, 3.0, 0.0)
208.9049(0.0, 3.0, 0.0)
209.4215(0.0, 3.0, 0.0)
209.9548(0.0, 3.0, 0.0)
210.4882(0.0, 3.0, 0.0)
211.0215(0.0, 3.0, 0.0)
211.5548(0.0, 3.0, 0.0)
212.0882(0.0, 3.0, 0.0)
212.6048(0.0, 3.0, 0.0)
213.1048(0.0, 3.0, 0.0)
12, 1
213.6381(0.0, 3.0, 0.0)
214.1714(0.0, 3.0, 0.0)
214.7047(0.0, 3.0, 0.0)
215.2048(0.0, 3.0, 0.0)
215.738(0.0, 3.0, 0.0)
216.2381(0.0, 3.0, 0.0)
216.7714(0.0, 3.0, 0.0)
217.3047(0.0, 3.0, 0.0)
217.838(0.0, 3.0, 0.0)
218.3714(0.0, 3.0, 0.0)
218.9047(0.0, 3.0, 0.0)
219.438(0.0, 3.0, 0.0)
219.9714(0.0, 3.0, 0.0)
220.5046(0.0, 3.0, 0.0)
221.0047(0.0, 3.0, 0.0)
221.538(0.0, 3.0, 0.0)
222.0713(0.0, 3.0, 0.0)
222.6046(0.0, 3.0, 0.0)
223.138(0.0, 3.0, 0.0)
223.6712(0.0, 3.0, 0.0)
224.1713(0.0, 3.0, 0.0)
224.7046(0.0, 3.0, 0.0)
225.2379(0.0, 3.0, 0.0)
225.7713(0.0, 3.0, 0.0)
226.3046(0.0, 3.0, 0.0)
226.8379(0.0, 3.0, 0.0)
227.3712(0.0, 3.0, 0.0)
227.8712(0.0, 3.0, 0.0)
228.3712(0.0, 3.0, 0.0)
228.9045(0.0, 3.0, 0.0)
229.4045(0.0, 3.0, 0.0)
229.9045(0.0, 3.0, 0.0)
230.4379(0.0, 3.0, 0.0)
230.9711(0.0, 3.0, 0.0)
231.4712(0.0, 3.0, 0.0)
232.0044(0.0, 3.0, 0.0)
232.5378(0.0, 3.0, 0.0)
233.0711(0.0, 3.0, 0.0)
233.6044(0.0, 3.0, 0.0)
234.1044(0.0, 3.0, 0.0)
234.6044(0.0, 3.0, 0.0)
235.1211(0.0, 3.0, 0.0)
12, 2
235.6378(0.0, 3.0, 0.0)
236.171(0.0, 3.0, 0.0)
236.6711(0.0, 3.0, 0.0)
237.2044(0.0, 3.0, 0.0)
237.7377(0.0, 3.0, 0.0)
238.2377(0.0, 3.0, 0.0)
238.771(0.0, 3.0, 0.0)
239.271(0.0, 3.0, 0.0)
239.8043(0.0, 3.0, 0.0)
240.3044(0.0, 3.0, 0.0)
240.8377(0.0, 3.0, 0.0)
241.371(0.0, 3.0, 0.0)
241.9043(0.0, 3.0, 0.0)
242.4376(0.0, 3.0, 0.0)
242.9377(0.0, 3.0, 0.0)
243.4709(0.0, 3.0, 0.0)
243.9876(0.0, 3.0, 0.0)
244.4876(0.0, 3.0, 0.0)
245.0043(0.0, 3.0, 0.0)
12, 3
245.5209(0.0, 3.0, 0.0)
246.0209(0.0, 3.0, 0.0)
246.5543(0.0, 3.0, 0.0)
247.0876(0.0, 3.0, 0.0)
247.6209(0.0, 3.0, 0.0)
248.1542(0.0, 3.0, 0.0)
248.6875(0.0, 3.0, 0.0)
249.1875(0.0, 3.0, 0.0)
249.7209(0.0, 3.0, 0.0)
250.2542(0.0, 3.0, 0.0)
250.7875(0.0, 3.0, 0.0)
251.3208(0.0, 3.0, 0.0)
251.8542(0.0, 3.0, 0.0)
252.3875(0.0, 3.0, 0.0)
252.9208(0.0, 3.0, 0.0)
253.4541(0.0, 3.0, 0.0)
253.9875(0.0, 3.0, 0.0)
254.5208(0.0, 3.0, 0.0)
255.0541(0.0, 3.0, 0.0)
255.5708(0.0, 3.0, 0.0)
256.1041(0.0, 3.0, 0.0)
256.6374(0.0, 3.0, 0.0)
257.1707(0.0, 3.0, 0.0)
257.6874(0.0, 3.0, 0.0)
258.204(0.0, 3.0, 0.0)
258.7207(0.0, 3.0, 0.0)
12, 4
259.254(0.0, 3.0, 0.0)
259.7874(0.0, 3.0, 0.0)
260.3207(0.0, 3.0, 0.0)
260.854(0.0, 3.0, 0.0)
261.354(0.0, 3.0, 0.0)
261.8874(0.0, 3.0, 0.0)
262.4207(0.0, 3.0, 0.0)
262.954(0.0, 3.0, 0.0)
263.4872(0.0, 3.0, 0.0)
263.9873(0.0, 3.0, 0.0)
264.5207(0.0, 3.0, 0.0)
265.0373(0.0, 3.0, 0.0)
265.5373(0.0, 3.0, 0.0)
266.0706(0.0, 3.0, 0.0)
266.5873(0.0, 3.0, 0.0)
267.1206(0.0, 3.0, 0.0)
267.6539(0.0, 3.0, 0.0)
268.1705(0.0, 3.0, 0.0)
268.6706(0.0, 3.0, 0.0)
269.1872(0.0, 3.0, 0.0)
12, 5
269.7205(0.0, 3.0, 0.0)
270.2206(0.0, 3.0, 0.0)
270.7539(0.0, 3.0, 0.0)
271.2872(0.0, 3.0, 0.0)
271.8205(0.0, 3.0, 0.0)
272.3539(0.0, 3.0, 0.0)
272.8872(0.0, 3.0, 0.0)
273.4205(0.0, 3.0, 0.0)
273.9538(0.0, 3.0, 0.0)
274.4872(0.0, 3.0, 0.0)
275.0205(0.0, 3.0, 0.0)
275.5537(0.0, 3.0, 0.0)
276.0538(0.0, 3.0, 0.0)
276.5871(0.0, 3.0, 0.0)
277.1205(0.0, 3.0, 0.0)
277.6538(0.0, 3.0, 0.0)
278.1871(0.0, 3.0, 0.0)
278.7204(0.0, 3.0, 0.0)
279.2371(0.0, 3.0, 0.0)
279.7537(0.0, 3.0, 0.0)
12, 6
280.5536(0.0, 3.0, 0.0)
281.0537(0.0, 3.0, 0.0)
281.5704(0.0, 3.0, 0.0)
282.087(0.0, 3.0, 0.0)
282.5871(0.0, 3.0, 0.0)
283.1037(0.0, 3.0, 0.0)
283.6204(0.0, 3.0, 0.0)
284.137(0.0, 3.0, 0.0)
284.6537(0.0, 3.0, 0.0)
285.1703(0.0, 3.0, 0.0)
285.687(0.0, 3.0, 0.0)
286.2036(0.0, 3.0, 0.0)
286.7037(0.0, 3.0, 0.0)
287.2203(0.0, 3.0, 0.0)
287.7203(0.0, 3.0, 0.0)
288.237(0.0, 3.0, 0.0)
288.7536(0.0, 3.0, 0.0)
289.2703(0.0, 3.0, 0.0)
289.787(0.0, 3.0, 0.0)
290.3036(0.0, 3.0, 0.0)
290.8203(0.0, 3.0, 0.0)
13, 1
291.3203(0.0, 3.0, 0.0)
291.8369(0.0, 3.0, 0.0)
292.3536(0.0, 3.0, 0.0)
292.8702(0.0, 3.0, 0.0)
293.3869(0.0, 3.0, 0.0)
293.9036(0.0, 3.0, 0.0)
294.4202(0.0, 3.0, 0.0)
294.9202(0.0, 3.0, 0.0)
295.4369(0.0, 3.0, 0.0)
295.9535(0.0, 3.0, 0.0)
296.4702(0.0, 3.0, 0.0)
296.9868(0.0, 3.0, 0.0)
297.5035(0.0, 3.0, 0.0)
298.0035(0.0, 3.0, 0.0)
298.5202(0.0, 3.0, 0.0)
299.0368(0.0, 3.0, 0.0)
299.5534(0.0, 3.0, 0.0)
300.0701(0.0, 3.0, 0.0)
300.5868(0.0, 3.0, 0.0)
301.1034(0.0, 3.0, 0.0)
13, 2
301.6201(0.0, 3.0, 0.0)
302.1201(0.0, 3.0, 0.0)
302.6368(0.0, 3.0, 0.0)
303.1534(0.0, 3.0, 0.0)
303.67(0.0, 3.0, 0.0)
304.1867(0.0, 3.0, 0.0)
304.7034(0.0, 3.0, 0.0)
305.2201(0.0, 3.0, 0.0)
305.7367(0.0, 3.0, 0.0)
306.2534(0.0, 3.0, 0.0)
306.77(0.0, 3.0, 0.0)
307.2867(0.0, 3.0, 0.0)
307.8033(0.0, 3.0, 0.0)
308.32(0.0, 3.0, 0.0)
308.8367(0.0, 3.0, 0.0)
309.3533(0.0, 3.0, 0.0)
309.87(0.0, 3.0, 0.0)
310.3866(0.0, 3.0, 0.0)
310.9033(0.0, 3.0, 0.0)
311.42(0.0, 3.0, 0.0)
311.9366(0.0, 3.0, 0.0)
312.4532(0.0, 3.0, 0.0)
312.9699(0.0, 3.0, 0.0)
313.4866(0.0, 3.0, 0.0)
314.0032(0.0, 3.0, 0.0)
314.5199(0.0, 3.0, 0.0)
315.0199(0.0, 3.0, 0.0)
315.5366(0.0, 3.0, 0.0)
316.0532(0.0, 3.0, 0.0)
316.5699(0.0, 3.0, 0.0)
317.0865(0.0, 3.0, 0.0)
13, 3
317.6032(0.0, 3.0, 0.0)
318.1198(0.0, 3.0, 0.0)
318.6365(0.0, 3.0, 0.0)
319.1532(0.0, 3.0, 0.0)
319.6698(0.0, 3.0, 0.0)
320.1865(0.0, 3.0, 0.0)
320.6865(0.0, 3.0, 0.0)
321.2032(0.0, 3.0, 0.0)
321.7198(0.0, 3.0, 0.0)
322.2365(0.0, 3.0, 0.0)
322.7531(0.0, 3.0, 0.0)
323.2697(0.0, 3.0, 0.0)
323.7698(0.0, 3.0, 0.0)
324.2864(0.0, 3.0, 0.0)
324.8031(0.0, 3.0, 0.0)
325.3197(0.0, 3.0, 0.0)
325.8364(0.0, 3.0, 0.0)
326.3531(0.0, 3.0, 0.0)
326.8697(0.0, 3.0, 0.0)
327.3697(0.0, 3.0, 0.0)
327.8864(0.0, 3.0, 0.0)
328.403(0.0, 3.0, 0.0)
328.9197(0.0, 3.0, 0.0)
329.4363(0.0, 3.0, 0.0)
13, 4
329.953(0.0, 3.0, 0.0)
330.4697(0.0, 3.0, 0.0)
330.9863(0.0, 3.0, 0.0)
331.4863(0.0, 3.0, 0.0)
332.003(0.0, 3.0, 0.0)
332.5196(0.0, 3.0, 0.0)
333.0363(0.0, 3.0, 0.0)
333.5529(0.0, 3.0, 0.0)
334.0696(0.0, 3.0, 0.0)
334.5862(0.0, 3.0, 0.0)
335.0863(0.0, 3.0, 0.0)
335.6029(0.0, 3.0, 0.0)
336.1195(0.0, 3.0, 0.0)
336.6196(0.0, 3.0, 0.0)
337.1362(0.0, 3.0, 0.0)
337.6529(0.0, 3.0, 0.0)
338.1529(0.0, 3.0, 0.0)
338.6695(0.0, 3.0, 0.0)
339.1862(0.0, 3.0, 0.0)
339.7029(0.0, 3.0, 0.0)
340.2195(0.0, 3.0, 0.0)
340.7361(0.0, 3.0, 0.0)
341.2362(0.0, 3.0, 0.0)
341.7528(0.0, 3.0, 0.0)
13, 5
342.2695(0.0, 3.0, 0.0)
342.7862(0.0, 3.0, 0.0)
343.3028(0.0, 3.0, 0.0)
343.8195(0.0, 3.0, 0.0)
344.3361(0.0, 3.0, 0.0)
344.8528(0.0, 3.0, 0.0)
345.3694(0.0, 3.0, 0.0)
345.8861(0.0, 3.0, 0.0)
346.4027(0.0, 3.0, 0.0)
346.9194(0.0, 3.0, 0.0)
347.4361(0.0, 3.0, 0.0)
347.9527(0.0, 3.0, 0.0)
348.4694(0.0, 3.0, 0.0)
348.9694(0.0, 3.0, 0.0)
349.4861(0.0, 3.0, 0.0)
350.0027(0.0, 3.0, 0.0)
350.5193(0.0, 3.0, 0.0)
351.0193(0.0, 3.0, 0.0)
351.536(0.0, 3.0, 0.0)
352.0527(0.0, 3.0, 0.0)
13, 6
352.8193(0.0, 3.0, 0.0)
353.3194(0.0, 3.0, 0.0)
353.836(0.0, 3.0, 0.0)
354.3527(0.0, 3.0, 0.0)
354.8694(0.0, 3.0, 0.0)
355.386(0.0, 3.0, 0.0)
355.9026(0.0, 3.0, 0.0)
356.4193(0.0, 3.0, 0.0)
356.936(0.0, 3.0, 0.0)
357.4526(0.0, 3.0, 0.0)
357.9693(0.0, 3.0, 0.0)
358.4859(0.0, 3.0, 0.0)
359.0026(0.0, 3.0, 0.0)
359.5193(0.0, 3.0, 0.0)
360.0359(0.0, 3.0, 0.0)
360.5526(0.0, 3.0, 0.0)
361.0526(0.0, 3.0, 0.0)
361.5692(0.0, 3.0, 0.0)
362.0859(0.0, 3.0, 0.0)
362.6026(0.0, 3.0, 0.0)
363.1192(0.0, 3.0, 0.0)
363.6359(0.0, 3.0, 0.0)
364.1525(0.0, 3.0, 0.0)
364.6692(0.0, 3.0, 0.0)
365.1859(0.0, 3.0, 0.0)
365.7025(0.0, 3.0, 0.0)
366.2192(0.0, 3.0, 0.0)
366.7358(0.0, 3.0, 0.0)
367.2525(0.0, 3.0, 0.0)
367.7691(0.0, 3.0, 0.0)
368.2858(0.0, 3.0, 0.0)
368.8025(0.0, 3.0, 0.0)
14, 1
369.3191(0.0, 3.0, 0.0)
369.8358(0.0, 3.0, 0.0)
370.3524(0.0, 3.0, 0.0)
370.8691(0.0, 3.0, 0.0)
371.3858(0.0, 3.0, 0.0)
371.9024(0.0, 3.0, 0.0)
372.4191(0.0, 3.0, 0.0)
372.9357(0.0, 3.0, 0.0)
373.4524(0.0, 3.0, 0.0)
373.969(0.0, 3.0, 0.0)
374.4857(0.0, 3.0, 0.0)
375.0023(0.0, 3.0, 0.0)
375.519(0.0, 3.0, 0.0)
376.019(0.0, 3.0, 0.0)
376.5357(0.0, 3.0, 0.0)
377.0523(0.0, 3.0, 0.0)
377.569(0.0, 3.0, 0.0)
378.0857(0.0, 3.0, 0.0)
378.6023(0.0, 3.0, 0.0)
379.119(0.0, 3.0, 0.0)
379.6356(0.0, 3.0, 0.0)
380.1356(0.0, 3.0, 0.0)
14, 2
380.6523(0.0, 3.0, 0.0)
381.1689(0.0, 3.0, 0.0)
381.6856(0.0, 3.0, 0.0)
382.2023(0.0, 3.0, 0.0)
382.7189(0.0, 3.0, 0.0)
383.2203(0.0, 3.0, 0.0)
383.7365(0.0, 3.0, 0.0)
384.2526(0.0, 3.0, 0.0)
384.7689(0.0, 3.0, 0.0)
385.2689(0.0, 3.0, 0.0)
385.7855(0.0, 3.0, 0.0)
386.3022(0.0, 3.0, 0.0)
386.8188(0.0, 3.0, 0.0)
387.3355(0.0, 3.0, 0.0)
14, 3
387.8522(0.0, 3.0, 0.0)
388.3688(0.0, 3.0, 0.0)
388.8855(0.0, 3.0, 0.0)
389.4022(0.0, 3.0, 0.0)
389.9188(0.0, 3.0, 0.0)
390.4355(0.0, 3.0, 0.0)
390.9521(0.0, 3.0, 0.0)
391.4688(0.0, 3.0, 0.0)
391.9854(0.0, 3.0, 0.0)
392.5021(0.0, 3.0, 0.0)
393.0188(0.0, 3.0, 0.0)
393.5354(0.0, 3.0, 0.0)
394.0521(0.0, 3.0, 0.0)
394.5687(0.0, 3.0, 0.0)
395.0854(0.0, 3.0, 0.0)
395.6021(0.0, 3.0, 0.0)
396.1187(0.0, 3.0, 0.0)
396.6354(0.0, 3.0, 0.0)
397.152(0.0, 3.0, 0.0)
397.6521(0.0, 3.0, 0.0)
398.1686(0.0, 3.0, 0.0)
398.6687(0.0, 3.0, 0.0)
399.1853(0.0, 3.0, 0.0)
14, 4
399.702(0.0, 3.0, 0.0)
400.202(0.0, 3.0, 0.0)
400.7187(0.0, 3.0, 0.0)
401.2353(0.0, 3.0, 0.0)
401.752(0.0, 3.0, 0.0)
402.2686(0.0, 3.0, 0.0)
402.7852(0.0, 3.0, 0.0)
403.2853(0.0, 3.0, 0.0)
403.8019(0.0, 3.0, 0.0)
404.3186(0.0, 3.0, 0.0)
404.8352(0.0, 3.0, 0.0)
405.3519(0.0, 3.0, 0.0)
405.8686(0.0, 3.0, 0.0)
406.3852(0.0, 3.0, 0.0)
406.9019(0.0, 3.0, 0.0)
407.4185(0.0, 3.0, 0.0)
407.9351(0.0, 3.0, 0.0)
408.4352(0.0, 3.0, 0.0)
408.9518(0.0, 3.0, 0.0)
409.4518(0.0, 3.0, 0.0)
409.9685(0.0, 3.0, 0.0)
410.4685(0.0, 3.0, 0.0)
410.9852(0.0, 3.0, 0.0)
14, 5
411.5018(0.0, 3.0, 0.0)
412.0185(0.0, 3.0, 0.0)
412.5351(0.0, 3.0, 0.0)
413.0518(0.0, 3.0, 0.0)
413.5684(0.0, 3.0, 0.0)
414.085(0.0, 3.0, 0.0)
414.6017(0.0, 3.0, 0.0)
415.1017(0.0, 3.0, 0.0)
415.6184(0.0, 3.0, 0.0)
416.135(0.0, 3.0, 0.0)
416.6516(0.0, 3.0, 0.0)
417.1517(0.0, 3.0, 0.0)
417.6684(0.0, 3.0, 0.0)
418.1851(0.0, 3.0, 0.0)
418.7017(0.0, 3.0, 0.0)
419.2183(0.0, 3.0, 0.0)
419.735(0.0, 3.0, 0.0)
420.235(0.0, 3.0, 0.0)
420.735(0.0, 3.0, 0.0)
14, 6
421.5517(0.0, 3.0, 0.0)
422.0851(0.0, 3.0, 0.0)
422.6183(0.0, 3.0, 0.0)
423.1184(0.0, 3.0, 0.0)
423.6517(0.0, 3.0, 0.0)
424.1851(0.0, 3.0, 0.0)
424.7184(0.0, 3.0, 0.0)
425.2516(0.0, 3.0, 0.0)
425.7517(0.0, 3.0, 0.0)
426.2849(0.0, 3.0, 0.0)
426.8183(0.0, 3.0, 0.0)
427.3516(0.0, 3.0, 0.0)
427.8517(0.0, 3.0, 0.0)
428.3849(0.0, 3.0, 0.0)
428.885(0.0, 3.0, 0.0)
429.4183(0.0, 3.0, 0.0)
429.9515(0.0, 3.0, 0.0)
430.4516(0.0, 3.0, 0.0)
15, 1
430.9683(0.0, 3.0, 0.0)
431.5016(0.0, 3.0, 0.0)
432.0349(0.0, 3.0, 0.0)
432.5682(0.0, 3.0, 0.0)
433.1016(0.0, 3.0, 0.0)
433.6349(0.0, 3.0, 0.0)
434.1682(0.0, 3.0, 0.0)
434.7015(0.0, 3.0, 0.0)
435.2349(0.0, 3.0, 0.0)
435.7682(0.0, 3.0, 0.0)
436.3015(0.0, 3.0, 0.0)
436.8348(0.0, 3.0, 0.0)
437.3348(0.0, 3.0, 0.0)
437.8682(0.0, 3.0, 0.0)
438.4015(0.0, 3.0, 0.0)
438.9348(0.0, 3.0, 0.0)
439.4681(0.0, 3.0, 0.0)
439.9681(0.0, 3.0, 0.0)
440.5014(0.0, 3.0, 0.0)
441.0015(0.0, 3.0, 0.0)
441.5181(0.0, 3.0, 0.0)
15, 2
442.0348(0.0, 3.0, 0.0)
442.5681(0.0, 3.0, 0.0)
443.1013(0.0, 3.0, 0.0)
443.6014(0.0, 3.0, 0.0)
444.1347(0.0, 3.0, 0.0)
444.6347(0.0, 3.0, 0.0)
445.1681(0.0, 3.0, 0.0)
445.7014(0.0, 3.0, 0.0)
446.2347(0.0, 3.0, 0.0)
446.768(0.0, 3.0, 0.0)
447.3013(0.0, 3.0, 0.0)
447.8014(0.0, 3.0, 0.0)
448.3347(0.0, 3.0, 0.0)
448.868(0.0, 3.0, 0.0)
449.4013(0.0, 3.0, 0.0)
449.9347(0.0, 3.0, 0.0)
450.468(0.0, 3.0, 0.0)
451.0013(0.0, 3.0, 0.0)
451.5346(0.0, 3.0, 0.0)
452.0679(0.0, 3.0, 0.0)
452.5679(0.0, 3.0, 0.0)
453.0846(0.0, 3.0, 0.0)
453.6013(0.0, 3.0, 0.0)
454.1179(0.0, 3.0, 0.0)
15, 3
454.6512(0.0, 3.0, 0.0)
455.1845(0.0, 3.0, 0.0)
455.6846(0.0, 3.0, 0.0)
456.2178(0.0, 3.0, 0.0)
456.7512(0.0, 3.0, 0.0)
457.2845(0.0, 3.0, 0.0)
457.8179(0.0, 3.0, 0.0)
458.3512(0.0, 3.0, 0.0)
458.8845(0.0, 3.0, 0.0)
459.4178(0.0, 3.0, 0.0)
459.9512(0.0, 3.0, 0.0)
460.4845(0.0, 3.0, 0.0)
461.0178(0.0, 3.0, 0.0)
461.5511(0.0, 3.0, 0.0)
462.0844(0.0, 3.0, 0.0)
462.6178(0.0, 3.0, 0.0)
463.1511(0.0, 3.0, 0.0)
463.6844(0.0, 3.0, 0.0)
464.2177(0.0, 3.0, 0.0)
464.751(0.0, 3.0, 0.0)
465.2844(0.0, 3.0, 0.0)
465.8177(0.0, 3.0, 0.0)
466.3344(0.0, 3.0, 0.0)
466.8511(0.0, 3.0, 0.0)
467.3844(0.0, 3.0, 0.0)
467.9177(0.0, 3.0, 0.0)
468.451(0.0, 3.0, 0.0)
468.9677(0.0, 3.0, 0.0)
469.4844(0.0, 3.0, 0.0)
470.001(0.0, 3.0, 0.0)
470.501(0.0, 3.0, 0.0)
15, 4
471.0343(0.0, 3.0, 0.0)
471.5677(0.0, 3.0, 0.0)
472.1009(0.0, 3.0, 0.0)
472.6343(0.0, 3.0, 0.0)
473.1676(0.0, 3.0, 0.0)
473.701(0.0, 3.0, 0.0)
474.2342(0.0, 3.0, 0.0)
474.7343(0.0, 3.0, 0.0)
475.2676(0.0, 3.0, 0.0)
475.8009(0.0, 3.0, 0.0)
476.3343(0.0, 3.0, 0.0)
476.8676(0.0, 3.0, 0.0)
477.4009(0.0, 3.0, 0.0)
477.9009(0.0, 3.0, 0.0)
478.4342(0.0, 3.0, 0.0)
478.9676(0.0, 3.0, 0.0)
479.5009(0.0, 3.0, 0.0)
480.0341(0.0, 3.0, 0.0)
480.5675(0.0, 3.0, 0.0)
481.0675(0.0, 3.0, 0.0)
481.6008(0.0, 3.0, 0.0)
482.1341(0.0, 3.0, 0.0)
482.6342(0.0, 3.0, 0.0)
483.1675(0.0, 3.0, 0.0)
483.6841(0.0, 3.0, 0.0)
484.1841(0.0, 3.0, 0.0)
484.7008(0.0, 3.0, 0.0)
15, 5
485.2341(0.0, 3.0, 0.0)
485.7675(0.0, 3.0, 0.0)
486.3007(0.0, 3.0, 0.0)
486.8008(0.0, 3.0, 0.0)
487.3341(0.0, 3.0, 0.0)
487.8674(0.0, 3.0, 0.0)
488.4007(0.0, 3.0, 0.0)
488.9008(0.0, 3.0, 0.0)
489.434(0.0, 3.0, 0.0)
489.9341(0.0, 3.0, 0.0)
490.4674(0.0, 3.0, 0.0)
491.0006(0.0, 3.0, 0.0)
491.5007(0.0, 3.0, 0.0)
492.034(0.0, 3.0, 0.0)
492.5673(0.0, 3.0, 0.0)
15, 6
493.0674(0.0, 3.0, 0.0)
493.5674(0.0, 3.0, 0.0)
494.0841(0.0, 3.0, 0.0)
494.6008(0.0, 3.0, 0.0)
495.1174(0.0, 3.0, 0.0)
495.6174(0.0, 3.0, 0.0)
496.1341(0.0, 3.0, 0.0)
496.6508(0.0, 3.0, 0.0)
497.1674(0.0, 3.0, 0.0)
497.6841(0.0, 3.0, 0.0)
498.2007(0.0, 3.0, 0.0)
498.7174(0.0, 3.0, 0.0)
499.234(0.0, 3.0, 0.0)
499.7507(0.0, 3.0, 0.0)
500.2674(0.0, 3.0, 0.0)
500.784(0.0, 3.0, 0.0)
501.3007(0.0, 3.0, 0.0)
501.813(0.0, 3.0, 0.0)
502.3291(0.0, 3.0, 0.0)
502.8453(0.0, 3.0, 0.0)
503.3615(0.0, 3.0, 0.0)
16, 1
503.8776(0.0, 3.0, 0.0)
504.3937(0.0, 3.0, 0.0)
504.9099(0.0, 3.0, 0.0)
505.426(0.0, 3.0, 0.0)
505.9422(0.0, 3.0, 0.0)
506.4583(0.0, 3.0, 0.0)
506.9745(0.0, 3.0, 0.0)
507.4906(0.0, 3.0, 0.0)
508.0068(0.0, 3.0, 0.0)
508.5229(0.0, 3.0, 0.0)
509.0391(0.0, 3.0, 0.0)
509.5552(0.0, 3.0, 0.0)
510.0714(0.0, 3.0, 0.0)
510.5875(0.0, 3.0, 0.0)
511.1037(0.0, 3.0, 0.0)
511.6198(0.0, 3.0, 0.0)
512.136(0.0, 3.0, 0.0)
512.6522(0.0, 3.0, 0.0)
513.1683(0.0, 3.0, 0.0)
513.6844(0.0, 3.0, 0.0)
514.2006(0.0, 3.0, 0.0)
514.7172(0.0, 3.0, 0.0)
16, 2
515.2672(0.0, 3.0, 0.0)
515.7838(0.0, 3.0, 0.0)
516.3005(0.0, 3.0, 0.0)
516.8171(0.0, 3.0, 0.0)
517.3338(0.0, 3.0, 0.0)
517.8505(0.0, 3.0, 0.0)
518.3671(0.0, 3.0, 0.0)
518.8838(0.0, 3.0, 0.0)
519.4005(0.0, 3.0, 0.0)
519.9171(0.0, 3.0, 0.0)
520.4338(0.0, 3.0, 0.0)
520.9504(0.0, 3.0, 0.0)
521.467(0.0, 3.0, 0.0)
521.9837(0.0, 3.0, 0.0)
522.5004(0.0, 3.0, 0.0)
523.017(0.0, 3.0, 0.0)
523.5337(0.0, 3.0, 0.0)
524.0504(0.0, 3.0, 0.0)
524.567(0.0, 3.0, 0.0)
525.0837(0.0, 3.0, 0.0)
16, 3
525.6003(0.0, 3.0, 0.0)
526.117(0.0, 3.0, 0.0)
526.6337(0.0, 3.0, 0.0)
527.1503(0.0, 3.0, 0.0)
527.667(0.0, 3.0, 0.0)
528.1836(0.0, 3.0, 0.0)
528.6837(0.0, 3.0, 0.0)
529.2003(0.0, 3.0, 0.0)
529.7169(0.0, 3.0, 0.0)
530.2336(0.0, 3.0, 0.0)
530.7502(0.0, 3.0, 0.0)
531.2669(0.0, 3.0, 0.0)
531.7836(0.0, 3.0, 0.0)
532.3002(0.0, 3.0, 0.0)
532.8169(0.0, 3.0, 0.0)
533.3336(0.0, 3.0, 0.0)
533.8502(0.0, 3.0, 0.0)
534.3502(0.0, 3.0, 0.0)
534.8669(0.0, 3.0, 0.0)
535.3835(0.0, 3.0, 0.0)
535.9001(0.0, 3.0, 0.0)
16, 4
536.4168(0.0, 3.0, 0.0)
536.9335(0.0, 3.0, 0.0)
537.4501(0.0, 3.0, 0.0)
537.9668(0.0, 3.0, 0.0)
538.4835(0.0, 3.0, 0.0)
539.0001(0.0, 3.0, 0.0)
539.5168(0.0, 3.0, 0.0)
540.0334(0.0, 3.0, 0.0)
540.5501(0.0, 3.0, 0.0)
541.0668(0.0, 3.0, 0.0)
541.5834(0.0, 3.0, 0.0)
542.1001(0.0, 3.0, 0.0)
542.6168(0.0, 3.0, 0.0)
543.1334(0.0, 3.0, 0.0)
543.65(0.0, 3.0, 0.0)
544.1667(0.0, 3.0, 0.0)
544.6833(0.0, 3.0, 0.0)
545.2(0.0, 3.0, 0.0)
545.7167(0.0, 3.0, 0.0)
546.2333(0.0, 3.0, 0.0)
546.75(0.0, 3.0, 0.0)
547.2667(0.0, 3.0, 0.0)
547.7833(0.0, 3.0, 0.0)
548.3(0.0, 3.0, 0.0)
548.8167(0.0, 3.0, 0.0)
16, 5
549.3333(0.0, 3.0, 0.0)
549.85(0.0, 3.0, 0.0)
550.3666(0.0, 3.0, 0.0)
550.8833(0.0, 3.0, 0.0)
551.4(0.0, 3.0, 0.0)
551.9166(0.0, 3.0, 0.0)
552.4332(0.0, 3.0, 0.0)
552.9333(0.0, 3.0, 0.0)
553.4499(0.0, 3.0, 0.0)
553.9666(0.0, 3.0, 0.0)
554.4832(0.0, 3.0, 0.0)
554.9999(0.0, 3.0, 0.0)
555.5165(0.0, 3.0, 0.0)
556.0332(0.0, 3.0, 0.0)
556.5499(0.0, 3.0, 0.0)
557.0665(0.0, 3.0, 0.0)
557.5832(0.0, 3.0, 0.0)
558.0882(0.0, 3.0, 0.0)
16, 6
558.8045(0.0, 3.0, 0.0)
559.3046(0.0, 3.0, 0.0)
559.8212(0.0, 3.0, 0.0)
560.3379(0.0, 3.0, 0.0)
560.8546(0.0, 3.0, 0.0)
561.3712(0.0, 3.0, 0.0)
561.8879(0.0, 3.0, 0.0)
562.4045(0.0, 3.0, 0.0)
562.9212(0.0, 3.0, 0.0)
563.4378(0.0, 3.0, 0.0)
563.9545(0.0, 3.0, 0.0)
564.4545(0.0, 3.0, 0.0)
564.9711(0.0, 3.0, 0.0)
565.4712(0.0, 3.0, 0.0)
565.9878(0.0, 3.0, 0.0)
566.5045(0.0, 3.0, 0.0)
567.0211(0.0, 3.0, 0.0)
567.5378(0.0, 3.0, 0.0)
568.0544(0.0, 3.0, 0.0)
17, 1
568.5711(0.0, 3.0, 0.0)
569.0878(0.0, 3.0, 0.0)
569.6044(0.0, 3.0, 0.0)
570.121(0.0, 3.0, 0.0)
570.6211(0.0, 3.0, 0.0)
571.1378(0.0, 3.0, 0.0)
571.6544(0.0, 3.0, 0.0)
572.1711(0.0, 3.0, 0.0)
572.6877(0.0, 3.0, 0.0)
573.2043(0.0, 3.0, 0.0)
573.721(0.0, 3.0, 0.0)
574.2377(0.0, 3.0, 0.0)
574.7543(0.0, 3.0, 0.0)
575.271(0.0, 3.0, 0.0)
575.7877(0.0, 3.0, 0.0)
576.3043(0.0, 3.0, 0.0)
576.821(0.0, 3.0, 0.0)
577.3376(0.0, 3.0, 0.0)
17, 2
577.8376(0.0, 3.0, 0.0)
578.3543(0.0, 3.0, 0.0)
578.871(0.0, 3.0, 0.0)
579.3876(0.0, 3.0, 0.0)
579.9043(0.0, 3.0, 0.0)
580.4209(0.0, 3.0, 0.0)
580.9376(0.0, 3.0, 0.0)
581.4397(0.0, 3.0, 0.0)
581.9559(0.0, 3.0, 0.0)
582.472(0.0, 3.0, 0.0)
582.9882(0.0, 3.0, 0.0)
583.5043(0.0, 3.0, 0.0)
584.0209(0.0, 3.0, 0.0)
584.5375(0.0, 3.0, 0.0)
585.0542(0.0, 3.0, 0.0)
585.5709(0.0, 3.0, 0.0)
586.0875(0.0, 3.0, 0.0)
586.6041(0.0, 3.0, 0.0)
587.1042(0.0, 3.0, 0.0)
587.6208(0.0, 3.0, 0.0)
588.1375(0.0, 3.0, 0.0)
588.6542(0.0, 3.0, 0.0)
589.1708(0.0, 3.0, 0.0)
589.6874(0.0, 3.0, 0.0)
590.2041(0.0, 3.0, 0.0)
590.7208(0.0, 3.0, 0.0)
591.2374(0.0, 3.0, 0.0)
591.7541(0.0, 3.0, 0.0)
17, 3
592.2708(0.0, 3.0, 0.0)
592.7874(0.0, 3.0, 0.0)
593.3041(0.0, 3.0, 0.0)
593.8207(0.0, 3.0, 0.0)
594.3374(0.0, 3.0, 0.0)
594.854(0.0, 3.0, 0.0)
595.3541(0.0, 3.0, 0.0)
595.8707(0.0, 3.0, 0.0)
596.3874(0.0, 3.0, 0.0)
596.904(0.0, 3.0, 0.0)
597.4207(0.0, 3.0, 0.0)
597.9373(0.0, 3.0, 0.0)
598.454(0.0, 3.0, 0.0)
598.9706(0.0, 3.0, 0.0)
599.4873(0.0, 3.0, 0.0)
600.004(0.0, 3.0, 0.0)
600.5206(0.0, 3.0, 0.0)
601.0373(0.0, 3.0, 0.0)
601.554(0.0, 3.0, 0.0)
602.0706(0.0, 3.0, 0.0)
17, 4
602.5873(0.0, 3.0, 0.0)
603.1039(0.0, 3.0, 0.0)
603.6039(0.0, 3.0, 0.0)
604.1206(0.0, 3.0, 0.0)
604.6373(0.0, 3.0, 0.0)
605.1539(0.0, 3.0, 0.0)
605.6705(0.0, 3.0, 0.0)
606.1872(0.0, 3.0, 0.0)
606.7039(0.0, 3.0, 0.0)
607.2205(0.0, 3.0, 0.0)
607.7372(0.0, 3.0, 0.0)
608.2538(0.0, 3.0, 0.0)
608.7705(0.0, 3.0, 0.0)
609.2872(0.0, 3.0, 0.0)
609.8038(0.0, 3.0, 0.0)
610.3205(0.0, 3.0, 0.0)
610.8372(0.0, 3.0, 0.0)
611.3538(0.0, 3.0, 0.0)
611.8704(0.0, 3.0, 0.0)
612.3871(0.0, 3.0, 0.0)
612.9037(0.0, 3.0, 0.0)
17, 5
613.4204(0.0, 3.0, 0.0)
613.9259(0.0, 3.0, 0.0)
614.442(0.0, 3.0, 0.0)
614.9582(0.0, 3.0, 0.0)
615.4744(0.0, 3.0, 0.0)
615.9905(0.0, 3.0, 0.0)
616.5067(0.0, 3.0, 0.0)
617.0228(0.0, 3.0, 0.0)
617.5389(0.0, 3.0, 0.0)
618.0551(0.0, 3.0, 0.0)
618.5712(0.0, 3.0, 0.0)
619.0874(0.0, 3.0, 0.0)
619.6037(0.0, 3.0, 0.0)
620.1204(0.0, 3.0, 0.0)
620.637(0.0, 3.0, 0.0)
621.1536(0.0, 3.0, 0.0)
621.6703(0.0, 3.0, 0.0)
622.187(0.0, 3.0, 0.0)
17, 6
622.8203(0.0, 3.0, 0.0)
623.3204(0.0, 3.0, 0.0)
623.8537(0.0, 3.0, 0.0)
624.387(0.0, 3.0, 0.0)
624.9203(0.0, 3.0, 0.0)
625.4537(0.0, 3.0, 0.0)
625.987(0.0, 3.0, 0.0)
626.5203(0.0, 3.0, 0.0)
627.037(0.0, 3.0, 0.0)
627.5536(0.0, 3.0, 0.0)
628.0703(0.0, 3.0, 0.0)
628.5703(0.0, 3.0, 0.0)
629.087(0.0, 3.0, 0.0)
629.6202(0.0, 3.0, 0.0)
630.1203(0.0, 3.0, 0.0)
630.6536(0.0, 3.0, 0.0)
631.187(0.0, 3.0, 0.0)
631.7203(0.0, 3.0, 0.0)
632.2535(0.0, 3.0, 0.0)
632.7536(0.0, 3.0, 0.0)
633.2869(0.0, 3.0, 0.0)
633.8035(0.0, 3.0, 0.0)
18, 1
634.3203(0.0, 3.0, 0.0)
634.8536(0.0, 3.0, 0.0)
635.3869(0.0, 3.0, 0.0)
635.9202(0.0, 3.0, 0.0)
636.4536(0.0, 3.0, 0.0)
636.9868(0.0, 3.0, 0.0)
637.4869(0.0, 3.0, 0.0)
638.0201(0.0, 3.0, 0.0)
638.5535(0.0, 3.0, 0.0)
639.0868(0.0, 3.0, 0.0)
639.6201(0.0, 3.0, 0.0)
640.1534(0.0, 3.0, 0.0)
640.6868(0.0, 3.0, 0.0)
641.2201(0.0, 3.0, 0.0)
641.7534(0.0, 3.0, 0.0)
642.2867(0.0, 3.0, 0.0)
642.7867(0.0, 3.0, 0.0)
18, 2
643.3034(0.0, 3.0, 0.0)
643.8367(0.0, 3.0, 0.0)
644.3701(0.0, 3.0, 0.0)
644.9034(0.0, 3.0, 0.0)
645.4367(0.0, 3.0, 0.0)
645.97(0.0, 3.0, 0.0)
646.5034(0.0, 3.0, 0.0)
647.0367(0.0, 3.0, 0.0)
647.57(0.0, 3.0, 0.0)
648.1033(0.0, 3.0, 0.0)
648.6367(0.0, 3.0, 0.0)
649.17(0.0, 3.0, 0.0)
649.7033(0.0, 3.0, 0.0)
650.2366(0.0, 3.0, 0.0)
650.7699(0.0, 3.0, 0.0)
651.27(0.0, 3.0, 0.0)
651.8033(0.0, 3.0, 0.0)
652.3366(0.0, 3.0, 0.0)
652.8699(0.0, 3.0, 0.0)
653.3866(0.0, 3.0, 0.0)
653.9033(0.0, 3.0, 0.0)
654.4199(0.0, 3.0, 0.0)
18, 3
654.9532(0.0, 3.0, 0.0)
655.4532(0.0, 3.0, 0.0)
655.9866(0.0, 3.0, 0.0)
656.5198(0.0, 3.0, 0.0)
657.0199(0.0, 3.0, 0.0)
657.5532(0.0, 3.0, 0.0)
658.0865(0.0, 3.0, 0.0)
658.6199(0.0, 3.0, 0.0)
659.1532(0.0, 3.0, 0.0)
659.6865(0.0, 3.0, 0.0)
660.1865(0.0, 3.0, 0.0)
660.7198(0.0, 3.0, 0.0)
661.2532(0.0, 3.0, 0.0)
661.7865(0.0, 3.0, 0.0)
662.3198(0.0, 3.0, 0.0)
662.8365(0.0, 3.0, 0.0)
663.3531(0.0, 3.0, 0.0)
18, 4
663.8864(0.0, 3.0, 0.0)
664.4198(0.0, 3.0, 0.0)
664.9531(0.0, 3.0, 0.0)
665.4865(0.0, 3.0, 0.0)
666.0198(0.0, 3.0, 0.0)
666.5531(0.0, 3.0, 0.0)
667.0864(0.0, 3.0, 0.0)
667.6198(0.0, 3.0, 0.0)
668.1531(0.0, 3.0, 0.0)
668.6863(0.0, 3.0, 0.0)
669.1863(0.0, 3.0, 0.0)
669.7197(0.0, 3.0, 0.0)
670.2529(0.0, 3.0, 0.0)
670.753(0.0, 3.0, 0.0)
671.2863(0.0, 3.0, 0.0)
671.8196(0.0, 3.0, 0.0)
672.3529(0.0, 3.0, 0.0)
672.853(0.0, 3.0, 0.0)
673.3863(0.0, 3.0, 0.0)
673.9196(0.0, 3.0, 0.0)
674.4363(0.0, 3.0, 0.0)
18, 5
674.9529(0.0, 3.0, 0.0)
675.4529(0.0, 3.0, 0.0)
675.9863(0.0, 3.0, 0.0)
676.5196(0.0, 3.0, 0.0)
677.0529(0.0, 3.0, 0.0)
677.5529(0.0, 3.0, 0.0)
678.0862(0.0, 3.0, 0.0)
678.6196(0.0, 3.0, 0.0)
679.1529(0.0, 3.0, 0.0)
679.6862(0.0, 3.0, 0.0)
680.1862(0.0, 3.0, 0.0)
680.7195(0.0, 3.0, 0.0)
681.2528(0.0, 3.0, 0.0)
681.7529(0.0, 3.0, 0.0)
682.2862(0.0, 3.0, 0.0)
682.8195(0.0, 3.0, 0.0)
683.3528(0.0, 3.0, 0.0)
683.8862(0.0, 3.0, 0.0)
684.4195(0.0, 3.0, 0.0)
684.9361(0.0, 3.0, 0.0)
18, 6
685.4528(0.0, 3.0, 0.0)
685.9694(0.0, 3.0, 0.0)
686.4861(0.0, 3.0, 0.0)
687.0027(0.0, 3.0, 0.0)
687.5194(0.0, 3.0, 0.0)
688.0195(0.0, 3.0, 0.0)
688.5361(0.0, 3.0, 0.0)
689.0527(0.0, 3.0, 0.0)
689.5694(0.0, 3.0, 0.0)
690.0861(0.0, 3.0, 0.0)
690.6027(0.0, 3.0, 0.0)
691.1194(0.0, 3.0, 0.0)
691.636(0.0, 3.0, 0.0)
692.1527(0.0, 3.0, 0.0)
692.6694(0.0, 3.0, 0.0)
693.186(0.0, 3.0, 0.0)
693.7027(0.0, 3.0, 0.0)
694.2194(0.0, 3.0, 0.0)
19, 1
694.736(0.0, 3.0, 0.0)
695.2526(0.0, 3.0, 0.0)
695.7693(0.0, 3.0, 0.0)
696.286(0.0, 3.0, 0.0)
696.8026(0.0, 3.0, 0.0)
697.3193(0.0, 3.0, 0.0)
697.8359(0.0, 3.0, 0.0)
698.3526(0.0, 3.0, 0.0)
698.8693(0.0, 3.0, 0.0)
699.3859(0.0, 3.0, 0.0)
699.9026(0.0, 3.0, 0.0)
700.4193(0.0, 3.0, 0.0)
700.9359(0.0, 3.0, 0.0)
701.4526(0.0, 3.0, 0.0)
701.9692(0.0, 3.0, 0.0)
702.4859(0.0, 3.0, 0.0)
703.0026(0.0, 3.0, 0.0)
703.5192(0.0, 3.0, 0.0)
704.0358(0.0, 3.0, 0.0)
704.5525(0.0, 3.0, 0.0)
705.0692(0.0, 3.0, 0.0)
705.5858(0.0, 3.0, 0.0)
706.0859(0.0, 3.0, 0.0)
706.6025(0.0, 3.0, 0.0)
707.1191(0.0, 3.0, 0.0)
707.6358(0.0, 3.0, 0.0)
708.1525(0.0, 3.0, 0.0)
708.6691(0.0, 3.0, 0.0)
709.1858(0.0, 3.0, 0.0)
709.7025(0.0, 3.0, 0.0)
19, 2
710.2191(0.0, 3.0, 0.0)
710.7358(0.0, 3.0, 0.0)
711.2524(0.0, 3.0, 0.0)
711.769(0.0, 3.0, 0.0)
712.2768(0.0, 3.0, 0.0)
712.7929(0.0, 3.0, 0.0)
713.3091(0.0, 3.0, 0.0)
713.8252(0.0, 3.0, 0.0)
714.3414(0.0, 3.0, 0.0)
714.8575(0.0, 3.0, 0.0)
715.3737(0.0, 3.0, 0.0)
715.8898(0.0, 3.0, 0.0)
716.4059(0.0, 3.0, 0.0)
716.9221(0.0, 3.0, 0.0)
717.4383(0.0, 3.0, 0.0)
717.9544(0.0, 3.0, 0.0)
718.4706(0.0, 3.0, 0.0)
718.9867(0.0, 3.0, 0.0)
719.5029(0.0, 3.0, 0.0)
720.019(0.0, 3.0, 0.0)
720.5356(0.0, 3.0, 0.0)
721.0522(0.0, 3.0, 0.0)
721.5689(0.0, 3.0, 0.0)
722.0856(0.0, 3.0, 0.0)
19, 3
722.6022(0.0, 3.0, 0.0)
723.1189(0.0, 3.0, 0.0)
723.6356(0.0, 3.0, 0.0)
724.1522(0.0, 3.0, 0.0)
724.6689(0.0, 3.0, 0.0)
725.1855(0.0, 3.0, 0.0)
725.7022(0.0, 3.0, 0.0)
726.2189(0.0, 3.0, 0.0)
726.7355(0.0, 3.0, 0.0)
727.2522(0.0, 3.0, 0.0)
727.7689(0.0, 3.0, 0.0)
728.2855(0.0, 3.0, 0.0)
728.8022(0.0, 3.0, 0.0)
729.3188(0.0, 3.0, 0.0)
729.8354(0.0, 3.0, 0.0)
730.3521(0.0, 3.0, 0.0)
730.8688(0.0, 3.0, 0.0)
731.3854(0.0, 3.0, 0.0)
731.9021(0.0, 3.0, 0.0)
732.4188(0.0, 3.0, 0.0)
732.9354(0.0, 3.0, 0.0)
733.4521(0.0, 3.0, 0.0)
733.9688(0.0, 3.0, 0.0)
19, 4
734.4854(0.0, 3.0, 0.0)
735.0021(0.0, 3.0, 0.0)
735.5187(0.0, 3.0, 0.0)
736.0354(0.0, 3.0, 0.0)
736.552(0.0, 3.0, 0.0)
737.0687(0.0, 3.0, 0.0)
737.5854(0.0, 3.0, 0.0)
738.102(0.0, 3.0, 0.0)
738.6187(0.0, 3.0, 0.0)
739.1353(0.0, 3.0, 0.0)
739.652(0.0, 3.0, 0.0)
740.1686(0.0, 3.0, 0.0)
740.6853(0.0, 3.0, 0.0)
741.202(0.0, 3.0, 0.0)
741.7186(0.0, 3.0, 0.0)
742.2353(0.0, 3.0, 0.0)
742.7519(0.0, 3.0, 0.0)
743.252(0.0, 3.0, 0.0)
743.7686(0.0, 3.0, 0.0)
744.2853(0.0, 3.0, 0.0)
744.8019(0.0, 3.0, 0.0)
19, 5
745.3185(0.0, 3.0, 0.0)
745.8352(0.0, 3.0, 0.0)
746.3519(0.0, 3.0, 0.0)
746.8685(0.0, 3.0, 0.0)
747.3852(0.0, 3.0, 0.0)
747.9019(0.0, 3.0, 0.0)
748.4185(0.0, 3.0, 0.0)
748.9352(0.0, 3.0, 0.0)
749.4518(0.0, 3.0, 0.0)
749.9685(0.0, 3.0, 0.0)
750.4852(0.0, 3.0, 0.0)
751.0018(0.0, 3.0, 0.0)
751.5185(0.0, 3.0, 0.0)
752.0352(0.0, 3.0, 0.0)
752.5518(0.0, 3.0, 0.0)
753.0685(0.0, 3.0, 0.0)
753.5851(0.0, 3.0, 0.0)
754.1017(0.0, 3.0, 0.0)
754.6184(0.0, 3.0, 0.0)
755.1351(0.0, 3.0, 0.0)
755.6517(0.0, 3.0, 0.0)
756.1684(0.0, 3.0, 0.0)
756.6851(0.0, 3.0, 0.0)
757.2017(0.0, 3.0, 0.0)
757.7184(0.0, 3.0, 0.0)
19, 6
758.3017(0.0, 3.0, 0.0)
758.8184(0.0, 3.0, 0.0)
759.335(0.0, 3.0, 0.0)
759.835(0.0, 3.0, 0.0)
760.3516(0.0, 3.0, 0.0)
760.8683(0.0, 3.0, 0.0)
761.3849(0.0, 3.0, 0.0)
761.9016(0.0, 3.0, 0.0)
762.4183(0.0, 3.0, 0.0)
762.9349(0.0, 3.0, 0.0)
763.4516(0.0, 3.0, 0.0)
763.9683(0.0, 3.0, 0.0)
764.4849(0.0, 3.0, 0.0)
765.0015(0.0, 3.0, 0.0)
765.5016(0.0, 3.0, 0.0)
766.0182(0.0, 3.0, 0.0)
766.5349(0.0, 3.0, 0.0)
767.0515(0.0, 3.0, 0.0)
767.5682(0.0, 3.0, 0.0)
768.0848(0.0, 3.0, 0.0)
20, 1
768.6015(0.0, 3.0, 0.0)
769.1182(0.0, 3.0, 0.0)
769.6348(0.0, 3.0, 0.0)
770.1515(0.0, 3.0, 0.0)
770.6682(0.0, 3.0, 0.0)
771.1848(0.0, 3.0, 0.0)
771.7015(0.0, 3.0, 0.0)
772.2181(0.0, 3.0, 0.0)
772.7347(0.0, 3.0, 0.0)
773.2348(0.0, 3.0, 0.0)
773.7515(0.0, 3.0, 0.0)
774.2681(0.0, 3.0, 0.0)
774.7848(0.0, 3.0, 0.0)
775.3015(0.0, 3.0, 0.0)
775.8181(0.0, 3.0, 0.0)
776.3347(0.0, 3.0, 0.0)
776.8514(0.0, 3.0, 0.0)
777.368(0.0, 3.0, 0.0)
777.8847(0.0, 3.0, 0.0)
778.4014(0.0, 3.0, 0.0)
778.918(0.0, 3.0, 0.0)
20, 2
779.4347(0.0, 3.0, 0.0)
779.9514(0.0, 3.0, 0.0)
780.468(0.0, 3.0, 0.0)
780.9847(0.0, 3.0, 0.0)
781.5013(0.0, 3.0, 0.0)
782.018(0.0, 3.0, 0.0)
782.5347(0.0, 3.0, 0.0)
783.0513(0.0, 3.0, 0.0)
783.568(0.0, 3.0, 0.0)
784.0847(0.0, 3.0, 0.0)
784.6013(0.0, 3.0, 0.0)
785.1179(0.0, 3.0, 0.0)
785.6346(0.0, 3.0, 0.0)
786.1512(0.0, 3.0, 0.0)
786.6512(0.0, 3.0, 0.0)
787.1679(0.0, 3.0, 0.0)
20, 3
787.6846(0.0, 3.0, 0.0)
788.2012(0.0, 3.0, 0.0)
788.7179(0.0, 3.0, 0.0)
789.2346(0.0, 3.0, 0.0)
789.7512(0.0, 3.0, 0.0)
790.2679(0.0, 3.0, 0.0)
790.7845(0.0, 3.0, 0.0)
791.3012(0.0, 3.0, 0.0)
791.8178(0.0, 3.0, 0.0)
792.3345(0.0, 3.0, 0.0)
792.8511(0.0, 3.0, 0.0)
793.3678(0.0, 3.0, 0.0)
793.8845(0.0, 3.0, 0.0)
794.4011(0.0, 3.0, 0.0)
794.9178(0.0, 3.0, 0.0)
795.4344(0.0, 3.0, 0.0)
795.9511(0.0, 3.0, 0.0)
796.4678(0.0, 3.0, 0.0)
796.9844(0.0, 3.0, 0.0)
797.5011(0.0, 3.0, 0.0)
798.0178(0.0, 3.0, 0.0)
20, 4
798.5344(0.0, 3.0, 0.0)
799.0511(0.0, 3.0, 0.0)
799.5677(0.0, 3.0, 0.0)
800.0844(0.0, 3.0, 0.0)
800.601(0.0, 3.0, 0.0)
801.1177(0.0, 3.0, 0.0)
801.6343(0.0, 3.0, 0.0)
802.151(0.0, 3.0, 0.0)
802.6677(0.0, 3.0, 0.0)
803.1843(0.0, 3.0, 0.0)
803.701(0.0, 3.0, 0.0)
804.2177(0.0, 3.0, 0.0)
804.7343(0.0, 3.0, 0.0)
805.251(0.0, 3.0, 0.0)
805.7676(0.0, 3.0, 0.0)
806.2843(0.0, 3.0, 0.0)
806.801(0.0, 3.0, 0.0)
20, 5
807.3176(0.0, 3.0, 0.0)
807.8343(0.0, 3.0, 0.0)
808.3509(0.0, 3.0, 0.0)
808.8676(0.0, 3.0, 0.0)
809.3842(0.0, 3.0, 0.0)
809.9009(0.0, 3.0, 0.0)
810.4175(0.0, 3.0, 0.0)
810.9342(0.0, 3.0, 0.0)
811.4509(0.0, 3.0, 0.0)
811.9675(0.0, 3.0, 0.0)
812.4842(0.0, 3.0, 0.0)
813.0009(0.0, 3.0, 0.0)
813.5175(0.0, 3.0, 0.0)
814.0175(0.0, 3.0, 0.0)
814.5342(0.0, 3.0, 0.0)
815.0508(0.0, 3.0, 0.0)
815.5508(0.0, 3.0, 0.0)
816.0675(0.0, 3.0, 0.0)
816.5841(0.0, 3.0, 0.0)
817.1008(0.0, 3.0, 0.0)
817.6174(0.0, 3.0, 0.0)
818.1341(0.0, 3.0, 0.0)
20, 6
818.9008(0.0, 3.0, 0.0)
819.4175(0.0, 3.0, 0.0)
819.9342(0.0, 3.0, 0.0)
820.4509(0.0, 3.0, 0.0)
820.9675(0.0, 3.0, 0.0)
821.4842(0.0, 3.0, 0.0)
822.0009(0.0, 3.0, 0.0)
822.5175(0.0, 3.0, 0.0)
823.0341(0.0, 3.0, 0.0)
823.5508(0.0, 3.0, 0.0)
824.0674(0.0, 3.0, 0.0)
824.5841(0.0, 3.0, 0.0)
825.1008(0.0, 3.0, 0.0)
825.6174(0.0, 3.0, 0.0)
826.1341(0.0, 3.0, 0.0)
826.6508(0.0, 3.0, 0.0)
827.1674(0.0, 3.0, 0.0)
827.6841(0.0, 3.0, 0.0)
828.2007(0.0, 3.0, 0.0)
828.7174(0.0, 3.0, 0.0)
829.2341(0.0, 3.0, 0.0)
829.7507(0.0, 3.0, 0.0)
830.2674(0.0, 3.0, 0.0)
21, 1
830.7841(0.0, 3.0, 0.0)
831.3007(0.0, 3.0, 0.0)
831.8174(0.0, 3.0, 0.0)
832.334(0.0, 3.0, 0.0)
832.8506(0.0, 3.0, 0.0)
833.3673(0.0, 3.0, 0.0)
833.884(0.0, 3.0, 0.0)
834.4006(0.0, 3.0, 0.0)
834.9173(0.0, 3.0, 0.0)
835.434(0.0, 3.0, 0.0)
835.9506(0.0, 3.0, 0.0)
836.4672(0.0, 3.0, 0.0)
836.9673(0.0, 3.0, 0.0)
837.4839(0.0, 3.0, 0.0)
838.0006(0.0, 3.0, 0.0)
838.5173(0.0, 3.0, 0.0)
839.0339(0.0, 3.0, 0.0)
839.5506(0.0, 3.0, 0.0)
840.0672(0.0, 3.0, 0.0)
840.5839(0.0, 3.0, 0.0)
841.1005(0.0, 3.0, 0.0)
841.6172(0.0, 3.0, 0.0)
842.1339(0.0, 3.0, 0.0)
21, 2
842.6505(0.0, 3.0, 0.0)
843.1672(0.0, 3.0, 0.0)
843.6838(0.0, 3.0, 0.0)
844.2005(0.0, 3.0, 0.0)
844.7172(0.0, 3.0, 0.0)
845.2338(0.0, 3.0, 0.0)
845.7505(0.0, 3.0, 0.0)
846.2672(0.0, 3.0, 0.0)
846.7838(0.0, 3.0, 0.0)
847.3004(0.0, 3.0, 0.0)
847.8171(0.0, 3.0, 0.0)
848.3212(0.0, 3.0, 0.0)
848.8374(0.0, 3.0, 0.0)
849.3535(0.0, 3.0, 0.0)
849.8697(0.0, 3.0, 0.0)
850.3859(0.0, 3.0, 0.0)
850.902(0.0, 3.0, 0.0)
851.4182(0.0, 3.0, 0.0)
851.9343(0.0, 3.0, 0.0)
852.4504(0.0, 3.0, 0.0)
852.967(0.0, 3.0, 0.0)
853.4837(0.0, 3.0, 0.0)
21, 3
854.0004(0.0, 3.0, 0.0)
854.517(0.0, 3.0, 0.0)
855.0337(0.0, 3.0, 0.0)
855.5503(0.0, 3.0, 0.0)
856.067(0.0, 3.0, 0.0)
856.5836(0.0, 3.0, 0.0)
857.1003(0.0, 3.0, 0.0)
857.6169(0.0, 3.0, 0.0)
858.1336(0.0, 3.0, 0.0)
858.6503(0.0, 3.0, 0.0)
859.1669(0.0, 3.0, 0.0)
859.6836(0.0, 3.0, 0.0)
860.2003(0.0, 3.0, 0.0)
860.7169(0.0, 3.0, 0.0)
861.2336(0.0, 3.0, 0.0)
861.7502(0.0, 3.0, 0.0)
862.2668(0.0, 3.0, 0.0)
862.7836(0.0, 3.0, 0.0)
21, 4
863.3002(0.0, 3.0, 0.0)
863.8169(0.0, 3.0, 0.0)
864.3335(0.0, 3.0, 0.0)
864.8502(0.0, 3.0, 0.0)
865.3668(0.0, 3.0, 0.0)
865.8835(0.0, 3.0, 0.0)
866.4001(0.0, 3.0, 0.0)
866.9168(0.0, 3.0, 0.0)
867.4335(0.0, 3.0, 0.0)
867.9501(0.0, 3.0, 0.0)
868.4667(0.0, 3.0, 0.0)
868.9668(0.0, 3.0, 0.0)
869.4835(0.0, 3.0, 0.0)
870.0001(0.0, 3.0, 0.0)
870.5167(0.0, 3.0, 0.0)
871.0168(0.0, 3.0, 0.0)
871.5334(0.0, 3.0, 0.0)
21, 5
872.0501(0.0, 3.0, 0.0)
872.5667(0.0, 3.0, 0.0)
873.0834(0.0, 3.0, 0.0)
873.6(0.0, 3.0, 0.0)
874.1167(0.0, 3.0, 0.0)
874.6334(0.0, 3.0, 0.0)
875.15(0.0, 3.0, 0.0)
875.6667(0.0, 3.0, 0.0)
876.1833(0.0, 3.0, 0.0)
876.7(0.0, 3.0, 0.0)
877.2167(0.0, 3.0, 0.0)
877.7333(0.0, 3.0, 0.0)
878.2499(0.0, 3.0, 0.0)
878.75(0.0, 3.0, 0.0)
879.2666(0.0, 3.0, 0.0)
879.7833(0.0, 3.0, 0.0)
880.2999(0.0, 3.0, 0.0)
880.8166(0.0, 3.0, 0.0)
881.3333(0.0, 3.0, 0.0)
881.8499(0.0, 3.0, 0.0)
21, 6
882.3666(0.0, 3.0, 0.0)
882.8832(0.0, 3.0, 0.0)
883.3999(0.0, 3.0, 0.0)
883.9166(0.0, 3.0, 0.0)
884.4332(0.0, 3.0, 0.0)
884.9499(0.0, 3.0, 0.0)
885.4666(0.0, 3.0, 0.0)
885.9832(0.0, 3.0, 0.0)
886.4861(0.0, 3.0, 0.0)
887.0023(0.0, 3.0, 0.0)
887.5184(0.0, 3.0, 0.0)
888.0346(0.0, 3.0, 0.0)
888.5507(0.0, 3.0, 0.0)
889.0669(0.0, 3.0, 0.0)
889.5832(0.0, 3.0, 0.0)
890.0999(0.0, 3.0, 0.0)
890.6165(0.0, 3.0, 0.0)
891.1331(0.0, 3.0, 0.0)
891.6498(0.0, 3.0, 0.0)
892.1664(0.0, 3.0, 0.0)
22, 1
892.6831(0.0, 3.0, 0.0)
893.1998(0.0, 3.0, 0.0)
893.7164(0.0, 3.0, 0.0)
894.2331(0.0, 3.0, 0.0)
894.7498(0.0, 3.0, 0.0)
895.2664(0.0, 3.0, 0.0)
895.7831(0.0, 3.0, 0.0)
896.2997(0.0, 3.0, 0.0)
896.8164(0.0, 3.0, 0.0)
897.333(0.0, 3.0, 0.0)
897.8331(0.0, 3.0, 0.0)
898.3497(0.0, 3.0, 0.0)
898.8664(0.0, 3.0, 0.0)
899.383(0.0, 3.0, 0.0)
899.8997(0.0, 3.0, 0.0)
900.4163(0.0, 3.0, 0.0)
900.933(0.0, 3.0, 0.0)
901.4496(0.0, 3.0, 0.0)
901.9663(0.0, 3.0, 0.0)
902.483(0.0, 3.0, 0.0)
902.9996(0.0, 3.0, 0.0)
22, 2
903.5163(0.0, 3.0, 0.0)
904.033(0.0, 3.0, 0.0)
904.5496(0.0, 3.0, 0.0)
905.0662(0.0, 3.0, 0.0)
905.5663(0.0, 3.0, 0.0)
906.0829(0.0, 3.0, 0.0)
906.5995(0.0, 3.0, 0.0)
907.1162(0.0, 3.0, 0.0)
907.6329(0.0, 3.0, 0.0)
908.1495(0.0, 3.0, 0.0)
908.6662(0.0, 3.0, 0.0)
909.1829(0.0, 3.0, 0.0)
909.6995(0.0, 3.0, 0.0)
910.2162(0.0, 3.0, 0.0)
910.7328(0.0, 3.0, 0.0)
911.2495(0.0, 3.0, 0.0)
911.7662(0.0, 3.0, 0.0)
912.2828(0.0, 3.0, 0.0)
912.7995(0.0, 3.0, 0.0)
22, 3
913.3161(0.0, 3.0, 0.0)
913.8162(0.0, 3.0, 0.0)
914.3328(0.0, 3.0, 0.0)
914.8494(0.0, 3.0, 0.0)
915.3661(0.0, 3.0, 0.0)
915.8828(0.0, 3.0, 0.0)
916.3994(0.0, 3.0, 0.0)
916.9161(0.0, 3.0, 0.0)
917.4327(0.0, 3.0, 0.0)
917.9494(0.0, 3.0, 0.0)
918.4661(0.0, 3.0, 0.0)
918.9827(0.0, 3.0, 0.0)
919.4994(0.0, 3.0, 0.0)
920.016(0.0, 3.0, 0.0)
920.5161(0.0, 3.0, 0.0)
921.0327(0.0, 3.0, 0.0)
921.5493(0.0, 3.0, 0.0)
922.066(0.0, 3.0, 0.0)
922.5828(0.0, 3.0, 0.0)
923.0993(0.0, 3.0, 0.0)
22, 4
923.616(0.0, 3.0, 0.0)
924.1326(0.0, 3.0, 0.0)
924.6493(0.0, 3.0, 0.0)
925.166(0.0, 3.0, 0.0)
925.6826(0.0, 3.0, 0.0)
926.1993(0.0, 3.0, 0.0)
926.7159(0.0, 3.0, 0.0)
927.2326(0.0, 3.0, 0.0)
927.7492(0.0, 3.0, 0.0)
928.2493(0.0, 3.0, 0.0)
928.7659(0.0, 3.0, 0.0)
929.2825(0.0, 3.0, 0.0)
929.7992(0.0, 3.0, 0.0)
930.3159(0.0, 3.0, 0.0)
930.8326(0.0, 3.0, 0.0)
931.3492(0.0, 3.0, 0.0)
931.8658(0.0, 3.0, 0.0)
932.3825(0.0, 3.0, 0.0)
932.8992(0.0, 3.0, 0.0)
933.4158(0.0, 3.0, 0.0)
933.9325(0.0, 3.0, 0.0)
934.4492(0.0, 3.0, 0.0)
22, 5
934.9658(0.0, 3.0, 0.0)
935.4658(0.0, 3.0, 0.0)
935.9825(0.0, 3.0, 0.0)
936.4991(0.0, 3.0, 0.0)
937.0157(0.0, 3.0, 0.0)
937.5324(0.0, 3.0, 0.0)
938.0491(0.0, 3.0, 0.0)
938.5657(0.0, 3.0, 0.0)
939.0824(0.0, 3.0, 0.0)
939.5991(0.0, 3.0, 0.0)
940.1157(0.0, 3.0, 0.0)
940.6324(0.0, 3.0, 0.0)
941.149(0.0, 3.0, 0.0)
941.6657(0.0, 3.0, 0.0)
942.1824(0.0, 3.0, 0.0)
942.699(0.0, 3.0, 0.0)
943.2157(0.0, 3.0, 0.0)
943.7323(0.0, 3.0, 0.0)
944.249(0.0, 3.0, 0.0)
22, 6
944.7656(0.0, 3.0, 0.0)
945.2823(0.0, 3.0, 0.0)
945.799(0.0, 3.0, 0.0)
946.3156(0.0, 3.0, 0.0)
946.8323(0.0, 3.0, 0.0)
947.3489(0.0, 3.0, 0.0)
947.8656(0.0, 3.0, 0.0)
948.3823(0.0, 3.0, 0.0)
948.8989(0.0, 3.0, 0.0)
949.4156(0.0, 3.0, 0.0)
949.9323(0.0, 3.0, 0.0)
950.4489(0.0, 3.0, 0.0)
950.9656(0.0, 3.0, 0.0)
951.4822(0.0, 3.0, 0.0)
951.9988(0.0, 3.0, 0.0)
952.4989(0.0, 3.0, 0.0)
23, 1
953.0155(0.0, 3.0, 0.0)
953.5322(0.0, 3.0, 0.0)
954.0488(0.0, 3.0, 0.0)
954.5655(0.0, 3.0, 0.0)
955.0822(0.0, 3.0, 0.0)
955.5988(0.0, 3.0, 0.0)
956.1155(0.0, 3.0, 0.0)
956.6321(0.0, 3.0, 0.0)
957.1488(0.0, 3.0, 0.0)
957.6655(0.0, 3.0, 0.0)
958.1821(0.0, 3.0, 0.0)
958.6988(0.0, 3.0, 0.0)
959.2153(0.0, 3.0, 0.0)
959.732(0.0, 3.0, 0.0)
960.2321(0.0, 3.0, 0.0)
960.7487(0.0, 3.0, 0.0)
23, 2
961.2654(0.0, 3.0, 0.0)
961.782(0.0, 3.0, 0.0)
962.2987(0.0, 3.0, 0.0)
962.8154(0.0, 3.0, 0.0)
963.332(0.0, 3.0, 0.0)
963.8487(0.0, 3.0, 0.0)
964.3654(0.0, 3.0, 0.0)
964.882(0.0, 3.0, 0.0)
965.382(0.0, 3.0, 0.0)
965.8986(0.0, 3.0, 0.0)
966.3987(0.0, 3.0, 0.0)
966.9153(0.0, 3.0, 0.0)
967.4319(0.0, 3.0, 0.0)
967.9486(0.0, 3.0, 0.0)
968.4653(0.0, 3.0, 0.0)
968.9819(0.0, 3.0, 0.0)
969.4986(0.0, 3.0, 0.0)
970.0153(0.0, 3.0, 0.0)
970.5319(0.0, 3.0, 0.0)
971.0486(0.0, 3.0, 0.0)
971.5652(0.0, 3.0, 0.0)
972.0819(0.0, 3.0, 0.0)
972.5985(0.0, 3.0, 0.0)
23, 3
973.1152(0.0, 3.0, 0.0)
973.6318(0.0, 3.0, 0.0)
974.1319(0.0, 3.0, 0.0)
974.6485(0.0, 3.0, 0.0)
975.1652(0.0, 3.0, 0.0)
975.6818(0.0, 3.0, 0.0)
976.1985(0.0, 3.0, 0.0)
976.7151(0.0, 3.0, 0.0)
977.2318(0.0, 3.0, 0.0)
977.7485(0.0, 3.0, 0.0)
978.2651(0.0, 3.0, 0.0)
978.7818(0.0, 3.0, 0.0)
979.2985(0.0, 3.0, 0.0)
979.8151(0.0, 3.0, 0.0)
980.3318(0.0, 3.0, 0.0)
980.8484(0.0, 3.0, 0.0)
981.3651(0.0, 3.0, 0.0)
981.8818(0.0, 3.0, 0.0)
982.3984(0.0, 3.0, 0.0)
982.915(0.0, 3.0, 0.0)
983.4317(0.0, 3.0, 0.0)
23, 4
983.9318(0.0, 3.0, 0.0)
984.4484(0.0, 3.0, 0.0)
984.965(0.0, 3.0, 0.0)
985.4817(0.0, 3.0, 0.0)
985.9983(0.0, 3.0, 0.0)
986.4984(0.0, 3.0, 0.0)
987.015(0.0, 3.0, 0.0)
987.5317(0.0, 3.0, 0.0)
988.0483(0.0, 3.0, 0.0)
988.5649(0.0, 3.0, 0.0)
989.0817(0.0, 3.0, 0.0)
989.5983(0.0, 3.0, 0.0)
990.1149(0.0, 3.0, 0.0)
990.6316(0.0, 3.0, 0.0)
23, 5
991.1483(0.0, 3.0, 0.0)
991.6649(0.0, 3.0, 0.0)
992.1816(0.0, 3.0, 0.0)
992.6982(0.0, 3.0, 0.0)
993.2149(0.0, 3.0, 0.0)
993.7316(0.0, 3.0, 0.0)
994.2482(0.0, 3.0, 0.0)
994.7649(0.0, 3.0, 0.0)
995.2816(0.0, 3.0, 0.0)
995.7982(0.0, 3.0, 0.0)
996.2982(0.0, 3.0, 0.0)
996.8148(0.0, 3.0, 0.0)
997.3315(0.0, 3.0, 0.0)
997.8481(0.0, 3.0, 0.0)
998.3648(0.0, 3.0, 0.0)
23, 6
998.8982(0.0, 3.0, 0.0)
999.4148(0.0, 3.0, 0.0)
999.9315(0.0, 3.0, 0.0)
1000.448(0.0, 3.0, 0.0)
1000.965(0.0, 3.0, 0.0)
1001.481(0.0, 3.0, 0.0)
1001.998(0.0, 3.0, 0.0)
1002.515(0.0, 3.0, 0.0)
1003.031(0.0, 3.0, 0.0)
1003.548(0.0, 3.0, 0.0)
1004.065(0.0, 3.0, 0.0)
1004.581(0.0, 3.0, 0.0)
1005.098(0.0, 3.0, 0.0)
1005.615(0.0, 3.0, 0.0)
1006.131(0.0, 3.0, 0.0)
1006.648(0.0, 3.0, 0.0)
1007.165(0.0, 3.0, 0.0)
1007.681(0.0, 3.0, 0.0)
1008.198(0.0, 3.0, 0.0)
24, 1
1008.715(0.0, 3.0, 0.0)
1009.231(0.0, 3.0, 0.0)
1009.731(0.0, 3.0, 0.0)
1010.248(0.0, 3.0, 0.0)
1010.748(0.0, 3.0, 0.0)
1011.265(0.0, 3.0, 0.0)
1011.781(0.0, 3.0, 0.0)
1012.298(0.0, 3.0, 0.0)
1012.815(0.0, 3.0, 0.0)
1013.331(0.0, 3.0, 0.0)
1013.831(0.0, 3.0, 0.0)
1014.348(0.0, 3.0, 0.0)
1014.865(0.0, 3.0, 0.0)
1015.381(0.0, 3.0, 0.0)
1015.898(0.0, 3.0, 0.0)
1016.415(0.0, 3.0, 0.0)
24, 2
1016.931(0.0, 3.0, 0.0)
1017.448(0.0, 3.0, 0.0)
1017.964(0.0, 3.0, 0.0)
1018.481(0.0, 3.0, 0.0)
1018.998(0.0, 3.0, 0.0)
1019.514(0.0, 3.0, 0.0)
1020.031(0.0, 3.0, 0.0)
1020.531(0.0, 3.0, 0.0)
1021.048(0.0, 3.0, 0.0)
1021.564(0.0, 3.0, 0.0)
1022.081(0.0, 3.0, 0.0)
1022.598(0.0, 3.0, 0.0)
1023.114(0.0, 3.0, 0.0)
1023.631(0.0, 3.0, 0.0)
1024.148(0.0, 3.0, 0.0)
1024.664(0.0, 3.0, 0.0)
1025.181(0.0, 3.0, 0.0)
1025.698(0.0, 3.0, 0.0)
1026.198(0.0, 3.0, 0.0)
1026.714(0.0, 3.0, 0.0)
1027.231(0.0, 3.0, 0.0)
24, 3
1027.748(0.0, 3.0, 0.0)
1028.264(0.0, 3.0, 0.0)
1028.764(0.0, 3.0, 0.0)
1029.281(0.0, 3.0, 0.0)
1029.798(0.0, 3.0, 0.0)
1030.314(0.0, 3.0, 0.0)
1030.831(0.0, 3.0, 0.0)
1031.348(0.0, 3.0, 0.0)
1031.864(0.0, 3.0, 0.0)
1032.381(0.0, 3.0, 0.0)
1032.898(0.0, 3.0, 0.0)
1033.414(0.0, 3.0, 0.0)
1033.931(0.0, 3.0, 0.0)
1034.448(0.0, 3.0, 0.0)
1034.964(0.0, 3.0, 0.0)
1035.481(0.0, 3.0, 0.0)
1035.998(0.0, 3.0, 0.0)
1036.514(0.0, 3.0, 0.0)
1037.014(0.0, 3.0, 0.0)
1037.531(0.0, 3.0, 0.0)
1038.047(0.0, 3.0, 0.0)
24, 4
1038.564(0.0, 3.0, 0.0)
1039.081(0.0, 3.0, 0.0)
1039.598(0.0, 3.0, 0.0)
1040.114(0.0, 3.0, 0.0)
1040.631(0.0, 3.0, 0.0)
1041.147(0.0, 3.0, 0.0)
1041.664(0.0, 3.0, 0.0)
1042.181(0.0, 3.0, 0.0)
1042.698(0.0, 3.0, 0.0)
1043.214(0.0, 3.0, 0.0)
1043.731(0.0, 3.0, 0.0)
1044.247(0.0, 3.0, 0.0)
1044.764(0.0, 3.0, 0.0)
1045.281(0.0, 3.0, 0.0)
1045.797(0.0, 3.0, 0.0)
1046.314(0.0, 3.0, 0.0)
1046.831(0.0, 3.0, 0.0)
1047.347(0.0, 3.0, 0.0)
1047.864(0.0, 3.0, 0.0)
1048.381(0.0, 3.0, 0.0)
1048.897(0.0, 3.0, 0.0)
24, 5
1049.414(0.0, 3.0, 0.0)
1049.931(0.0, 3.0, 0.0)
1050.447(0.0, 3.0, 0.0)
1050.964(0.0, 3.0, 0.0)
1051.481(0.0, 3.0, 0.0)
1051.997(0.0, 3.0, 0.0)
1052.514(0.0, 3.0, 0.0)
1053.02(0.0, 3.0, 0.0)
1053.536(0.0, 3.0, 0.0)
1054.052(0.0, 3.0, 0.0)
1054.568(0.0, 3.0, 0.0)
1055.084(0.0, 3.0, 0.0)
1055.601(0.0, 3.0, 0.0)
1056.117(0.0, 3.0, 0.0)
1056.633(0.0, 3.0, 0.0)
1057.149(0.0, 3.0, 0.0)
24, 6
1057.665(0.0, 3.0, 0.0)
1058.181(0.0, 3.0, 0.0)
1058.697(0.0, 3.0, 0.0)
1059.197(0.0, 3.0, 0.0)
1059.714(0.0, 3.0, 0.0)
1060.231(0.0, 3.0, 0.0)
1060.747(0.0, 3.0, 0.0)
1061.264(0.0, 3.0, 0.0)
1061.781(0.0, 3.0, 0.0)
1062.297(0.0, 3.0, 0.0)
1062.797(0.0, 3.0, 0.0)
1063.314(0.0, 3.0, 0.0)
1063.83(0.0, 3.0, 0.0)
1064.347(0.0, 3.0, 0.0)
1064.864(0.0, 3.0, 0.0)
1065.38(0.0, 3.0, 0.0)
1065.897(0.0, 3.0, 0.0)
1066.414(0.0, 3.0, 0.0)
1066.93(0.0, 3.0, 0.0)
25, 1
1067.447(0.0, 3.0, 0.0)
1067.964(0.0, 3.0, 0.0)
1068.48(0.0, 3.0, 0.0)
1068.997(0.0, 3.0, 0.0)
1069.514(0.0, 3.0, 0.0)
1070.03(0.0, 3.0, 0.0)
1070.547(0.0, 3.0, 0.0)
1071.064(0.0, 3.0, 0.0)
1071.58(0.0, 3.0, 0.0)
1072.097(0.0, 3.0, 0.0)
1072.614(0.0, 3.0, 0.0)
1073.13(0.0, 3.0, 0.0)
1073.647(0.0, 3.0, 0.0)
1074.164(0.0, 3.0, 0.0)
1074.68(0.0, 3.0, 0.0)
1075.18(0.0, 3.0, 0.0)
1075.697(0.0, 3.0, 0.0)
1076.214(0.0, 3.0, 0.0)
1076.73(0.0, 3.0, 0.0)
25, 2
1077.247(0.0, 3.0, 0.0)
1077.764(0.0, 3.0, 0.0)
1078.28(0.0, 3.0, 0.0)
1078.797(0.0, 3.0, 0.0)
1079.297(0.0, 3.0, 0.0)
1079.814(0.0, 3.0, 0.0)
1080.33(0.0, 3.0, 0.0)
1080.847(0.0, 3.0, 0.0)
1081.364(0.0, 3.0, 0.0)
1081.88(0.0, 3.0, 0.0)
1082.397(0.0, 3.0, 0.0)
1082.914(0.0, 3.0, 0.0)
1083.43(0.0, 3.0, 0.0)
1083.947(0.0, 3.0, 0.0)
1084.464(0.0, 3.0, 0.0)
1084.98(0.0, 3.0, 0.0)
1085.497(0.0, 3.0, 0.0)
1086.014(0.0, 3.0, 0.0)
25, 3
1086.53(0.0, 3.0, 0.0)
1087.047(0.0, 3.0, 0.0)
1087.563(0.0, 3.0, 0.0)
1088.08(0.0, 3.0, 0.0)
1088.597(0.0, 3.0, 0.0)
1089.113(0.0, 3.0, 0.0)
1089.63(0.0, 3.0, 0.0)
1090.147(0.0, 3.0, 0.0)
1090.663(0.0, 3.0, 0.0)
1091.18(0.0, 3.0, 0.0)
1091.697(0.0, 3.0, 0.0)
1092.213(0.0, 3.0, 0.0)
1092.73(0.0, 3.0, 0.0)
1093.247(0.0, 3.0, 0.0)
1093.763(0.0, 3.0, 0.0)
1094.28(0.0, 3.0, 0.0)
1094.797(0.0, 3.0, 0.0)
1095.313(0.0, 3.0, 0.0)
25, 4
1095.83(0.0, 3.0, 0.0)
1096.347(0.0, 3.0, 0.0)
1096.863(0.0, 3.0, 0.0)
1097.38(0.0, 3.0, 0.0)
1097.897(0.0, 3.0, 0.0)
1098.413(0.0, 3.0, 0.0)
1098.93(0.0, 3.0, 0.0)
1099.447(0.0, 3.0, 0.0)
1099.963(0.0, 3.0, 0.0)
1100.48(0.0, 3.0, 0.0)
1100.997(0.0, 3.0, 0.0)
1101.513(0.0, 3.0, 0.0)
1102.03(0.0, 3.0, 0.0)
1102.547(0.0, 3.0, 0.0)
1103.063(0.0, 3.0, 0.0)
1103.58(0.0, 3.0, 0.0)
1104.097(0.0, 3.0, 0.0)
1104.613(0.0, 3.0, 0.0)
1105.13(0.0, 3.0, 0.0)
1105.646(0.0, 3.0, 0.0)
25, 5
1106.163(0.0, 3.0, 0.0)
1106.68(0.0, 3.0, 0.0)
1107.197(0.0, 3.0, 0.0)
1107.713(0.0, 3.0, 0.0)
1108.23(0.0, 3.0, 0.0)
1108.746(0.0, 3.0, 0.0)
1109.263(0.0, 3.0, 0.0)
1109.78(0.0, 3.0, 0.0)
1110.297(0.0, 3.0, 0.0)
1110.813(0.0, 3.0, 0.0)
1111.33(0.0, 3.0, 0.0)
1111.846(0.0, 3.0, 0.0)
1112.363(0.0, 3.0, 0.0)
1112.88(0.0, 3.0, 0.0)
1113.396(0.0, 3.0, 0.0)
1113.913(0.0, 3.0, 0.0)
1114.43(0.0, 3.0, 0.0)
1114.946(0.0, 3.0, 0.0)
1115.463(0.0, 3.0, 0.0)
1115.98(0.0, 3.0, 0.0)
1116.496(0.0, 3.0, 0.0)
1117.013(0.0, 3.0, 0.0)
1117.53(0.0, 3.0, 0.0)
25, 6
1118.063(0.0, 3.0, 0.0)
1118.58(0.0, 3.0, 0.0)
1119.096(0.0, 3.0, 0.0)
1119.613(0.0, 3.0, 0.0)
1120.13(0.0, 3.0, 0.0)
1120.646(0.0, 3.0, 0.0)
1121.163(0.0, 3.0, 0.0)
1121.68(0.0, 3.0, 0.0)
1122.196(0.0, 3.0, 0.0)
1122.713(0.0, 3.0, 0.0)
1123.23(0.0, 3.0, 0.0)
1123.746(0.0, 3.0, 0.0)
1124.263(0.0, 3.0, 0.0)
1124.78(0.0, 3.0, 0.0)
1125.296(0.0, 3.0, 0.0)
1125.813(0.0, 3.0, 0.0)
1126.33(0.0, 3.0, 0.0)
1126.846(0.0, 3.0, 0.0)
1127.363(0.0, 3.0, 0.0)
1127.88(0.0, 3.0, 0.0)
1128.396(0.0, 3.0, 0.0)
1128.913(0.0, 3.0, 0.0)
1129.43(0.0, 3.0, 0.0)
1129.946(0.0, 3.0, 0.0)
1130.463(0.0, 3.0, 0.0)
1130.979(0.0, 3.0, 0.0)
1131.496(0.0, 3.0, 0.0)
26, 1
1132.013(0.0, 3.0, 0.0)
1132.529(0.0, 3.0, 0.0)
1133.046(0.0, 3.0, 0.0)
1133.563(0.0, 3.0, 0.0)
1134.079(0.0, 3.0, 0.0)
1134.596(0.0, 3.0, 0.0)
1135.113(0.0, 3.0, 0.0)
1135.629(0.0, 3.0, 0.0)
1136.146(0.0, 3.0, 0.0)
1136.663(0.0, 3.0, 0.0)
1137.179(0.0, 3.0, 0.0)
1137.696(0.0, 3.0, 0.0)
1138.213(0.0, 3.0, 0.0)
1138.729(0.0, 3.0, 0.0)
1139.246(0.0, 3.0, 0.0)
1139.763(0.0, 3.0, 0.0)
1140.279(0.0, 3.0, 0.0)
1140.796(0.0, 3.0, 0.0)
1141.313(0.0, 3.0, 0.0)
1141.829(0.0, 3.0, 0.0)
1142.346(0.0, 3.0, 0.0)
1142.863(0.0, 3.0, 0.0)
1143.379(0.0, 3.0, 0.0)
26, 2
1143.896(0.0, 3.0, 0.0)
1144.413(0.0, 3.0, 0.0)
1144.929(0.0, 3.0, 0.0)
1145.429(0.0, 3.0, 0.0)
1145.946(0.0, 3.0, 0.0)
1146.463(0.0, 3.0, 0.0)
1146.979(0.0, 3.0, 0.0)
1147.496(0.0, 3.0, 0.0)
1148.013(0.0, 3.0, 0.0)
1148.529(0.0, 3.0, 0.0)
1149.046(0.0, 3.0, 0.0)
1149.563(0.0, 3.0, 0.0)
1150.079(0.0, 3.0, 0.0)
1150.596(0.0, 3.0, 0.0)
1151.113(0.0, 3.0, 0.0)
1151.629(0.0, 3.0, 0.0)
1152.146(0.0, 3.0, 0.0)
1152.662(0.0, 3.0, 0.0)
1153.179(0.0, 3.0, 0.0)
1153.696(0.0, 3.0, 0.0)
26, 3
1154.212(0.0, 3.0, 0.0)
1154.729(0.0, 3.0, 0.0)
1155.246(0.0, 3.0, 0.0)
1155.762(0.0, 3.0, 0.0)
1156.279(0.0, 3.0, 0.0)
1156.796(0.0, 3.0, 0.0)
1157.312(0.0, 3.0, 0.0)
1157.829(0.0, 3.0, 0.0)
1158.346(0.0, 3.0, 0.0)
1158.862(0.0, 3.0, 0.0)
1159.379(0.0, 3.0, 0.0)
1159.896(0.0, 3.0, 0.0)
1160.412(0.0, 3.0, 0.0)
1160.929(0.0, 3.0, 0.0)
1161.429(0.0, 3.0, 0.0)
1161.946(0.0, 3.0, 0.0)
1162.462(0.0, 3.0, 0.0)
1162.979(0.0, 3.0, 0.0)
26, 4
1163.496(0.0, 3.0, 0.0)
1164.012(0.0, 3.0, 0.0)
1164.529(0.0, 3.0, 0.0)
1165.046(0.0, 3.0, 0.0)
1165.562(0.0, 3.0, 0.0)
1166.079(0.0, 3.0, 0.0)
1166.579(0.0, 3.0, 0.0)
1167.096(0.0, 3.0, 0.0)
1167.612(0.0, 3.0, 0.0)
1168.112(0.0, 3.0, 0.0)
1168.629(0.0, 3.0, 0.0)
1169.146(0.0, 3.0, 0.0)
1169.662(0.0, 3.0, 0.0)
1170.179(0.0, 3.0, 0.0)
1170.696(0.0, 3.0, 0.0)
1171.212(0.0, 3.0, 0.0)
1171.729(0.0, 3.0, 0.0)
1172.245(0.0, 3.0, 0.0)
1172.762(0.0, 3.0, 0.0)
1173.279(0.0, 3.0, 0.0)
1173.796(0.0, 3.0, 0.0)
1174.312(0.0, 3.0, 0.0)
26, 5
1174.829(0.0, 3.0, 0.0)
1175.345(0.0, 3.0, 0.0)
1175.862(0.0, 3.0, 0.0)
1176.379(0.0, 3.0, 0.0)
1176.895(0.0, 3.0, 0.0)
1177.412(0.0, 3.0, 0.0)
1177.929(0.0, 3.0, 0.0)
1178.445(0.0, 3.0, 0.0)
1178.962(0.0, 3.0, 0.0)
1179.479(0.0, 3.0, 0.0)
1179.995(0.0, 3.0, 0.0)
1180.512(0.0, 3.0, 0.0)
1181.012(0.0, 3.0, 0.0)
1181.529(0.0, 3.0, 0.0)
1182.045(0.0, 3.0, 0.0)
26, 6
1182.562(0.0, 3.0, 0.0)
1183.079(0.0, 3.0, 0.0)
1183.595(0.0, 3.0, 0.0)
1184.112(0.0, 3.0, 0.0)
1184.629(0.0, 3.0, 0.0)
1185.145(0.0, 3.0, 0.0)
1185.662(0.0, 3.0, 0.0)
1186.179(0.0, 3.0, 0.0)
1186.695(0.0, 3.0, 0.0)
1187.212(0.0, 3.0, 0.0)
1187.729(0.0, 3.0, 0.0)
1188.245(0.0, 3.0, 0.0)
1188.762(0.0, 3.0, 0.0)
1189.279(0.0, 3.0, 0.0)
1189.795(0.0, 3.0, 0.0)
1190.312(0.0, 3.0, 0.0)
1190.829(0.0, 3.0, 0.0)
1191.345(0.0, 3.0, 0.0)
1191.862(0.0, 3.0, 0.0)
1192.379(0.0, 3.0, 0.0)
1192.895(0.0, 3.0, 0.0)
1193.412(0.0, 3.0, 0.0)
1193.928(0.0, 3.0, 0.0)
27, 1
1194.429(0.0, 3.0, 0.0)
1194.945(0.0, 3.0, 0.0)
1195.462(0.0, 3.0, 0.0)
1195.979(0.0, 3.0, 0.0)
1196.495(0.0, 3.0, 0.0)
1197.012(0.0, 3.0, 0.0)
1197.528(0.0, 3.0, 0.0)
1198.045(0.0, 3.0, 0.0)
1198.562(0.0, 3.0, 0.0)
1199.078(0.0, 3.0, 0.0)
1199.595(0.0, 3.0, 0.0)
1200.112(0.0, 3.0, 0.0)
1200.628(0.0, 3.0, 0.0)
1201.145(0.0, 3.0, 0.0)
1201.662(0.0, 3.0, 0.0)
1202.178(0.0, 3.0, 0.0)
1202.695(0.0, 3.0, 0.0)
1203.212(0.0, 3.0, 0.0)
1203.728(0.0, 3.0, 0.0)
1204.245(0.0, 3.0, 0.0)
1204.762(0.0, 3.0, 0.0)
1205.278(0.0, 3.0, 0.0)
27, 2
1205.795(0.0, 3.0, 0.0)
1206.312(0.0, 3.0, 0.0)
1206.828(0.0, 3.0, 0.0)
1207.345(0.0, 3.0, 0.0)
1207.862(0.0, 3.0, 0.0)
1208.378(0.0, 3.0, 0.0)
1208.895(0.0, 3.0, 0.0)
1209.412(0.0, 3.0, 0.0)
1209.928(0.0, 3.0, 0.0)
1210.445(0.0, 3.0, 0.0)
1210.962(0.0, 3.0, 0.0)
1211.478(0.0, 3.0, 0.0)
1211.995(0.0, 3.0, 0.0)
1212.512(0.0, 3.0, 0.0)
1213.028(0.0, 3.0, 0.0)
1213.545(0.0, 3.0, 0.0)
1214.062(0.0, 3.0, 0.0)
1214.578(0.0, 3.0, 0.0)
1215.095(0.0, 3.0, 0.0)
1215.612(0.0, 3.0, 0.0)
1216.128(0.0, 3.0, 0.0)
1216.645(0.0, 3.0, 0.0)
1217.161(0.0, 3.0, 0.0)
27, 3
1217.678(0.0, 3.0, 0.0)
1218.195(0.0, 3.0, 0.0)
1218.711(0.0, 3.0, 0.0)
1219.228(0.0, 3.0, 0.0)
1219.745(0.0, 3.0, 0.0)
1220.261(0.0, 3.0, 0.0)
1220.778(0.0, 3.0, 0.0)
1221.278(0.0, 3.0, 0.0)
1221.795(0.0, 3.0, 0.0)
1222.311(0.0, 3.0, 0.0)
1222.828(0.0, 3.0, 0.0)
1223.345(0.0, 3.0, 0.0)
1223.861(0.0, 3.0, 0.0)
1224.378(0.0, 3.0, 0.0)
1224.895(0.0, 3.0, 0.0)
1225.411(0.0, 3.0, 0.0)
1225.928(0.0, 3.0, 0.0)
1226.445(0.0, 3.0, 0.0)
1226.961(0.0, 3.0, 0.0)
1227.478(0.0, 3.0, 0.0)
27, 4
1227.995(0.0, 3.0, 0.0)
1228.511(0.0, 3.0, 0.0)
1229.028(0.0, 3.0, 0.0)
1229.545(0.0, 3.0, 0.0)
1230.061(0.0, 3.0, 0.0)
1230.578(0.0, 3.0, 0.0)
1231.095(0.0, 3.0, 0.0)
1231.611(0.0, 3.0, 0.0)
1232.128(0.0, 3.0, 0.0)
1232.645(0.0, 3.0, 0.0)
1233.161(0.0, 3.0, 0.0)
1233.678(0.0, 3.0, 0.0)
1234.178(0.0, 3.0, 0.0)
1234.695(0.0, 3.0, 0.0)
1235.211(0.0, 3.0, 0.0)
1235.728(0.0, 3.0, 0.0)
1236.245(0.0, 3.0, 0.0)
1236.761(0.0, 3.0, 0.0)
1237.278(0.0, 3.0, 0.0)
1237.795(0.0, 3.0, 0.0)
1238.311(0.0, 3.0, 0.0)
1238.828(0.0, 3.0, 0.0)
1239.344(0.0, 3.0, 0.0)
1239.861(0.0, 3.0, 0.0)
1240.378(0.0, 3.0, 0.0)
1240.895(0.0, 3.0, 0.0)
27, 5
1241.411(0.0, 3.0, 0.0)
1241.928(0.0, 3.0, 0.0)
1242.444(0.0, 3.0, 0.0)
1242.961(0.0, 3.0, 0.0)
1243.478(0.0, 3.0, 0.0)
1243.994(0.0, 3.0, 0.0)
1244.495(0.0, 3.0, 0.0)
1245.011(0.0, 3.0, 0.0)
1245.528(0.0, 3.0, 0.0)
1246.044(0.0, 3.0, 0.0)
1246.561(0.0, 3.0, 0.0)
1247.078(0.0, 3.0, 0.0)
1247.594(0.0, 3.0, 0.0)
1248.111(0.0, 3.0, 0.0)
1248.628(0.0, 3.0, 0.0)
1249.144(0.0, 3.0, 0.0)
1249.661(0.0, 3.0, 0.0)
1250.178(0.0, 3.0, 0.0)
1250.694(0.0, 3.0, 0.0)
1251.211(0.0, 3.0, 0.0)
1251.728(0.0, 3.0, 0.0)
1252.244(0.0, 3.0, 0.0)
27, 6
1252.761(0.0, 3.0, 0.0)
1253.278(0.0, 3.0, 0.0)
1253.794(0.0, 3.0, 0.0)
1254.311(0.0, 3.0, 0.0)
1254.828(0.0, 3.0, 0.0)
1255.344(0.0, 3.0, 0.0)
1255.861(0.0, 3.0, 0.0)
1256.378(0.0, 3.0, 0.0)
1256.894(0.0, 3.0, 0.0)
1257.411(0.0, 3.0, 0.0)
1257.928(0.0, 3.0, 0.0)
1258.444(0.0, 3.0, 0.0)
1258.961(0.0, 3.0, 0.0)
1259.478(0.0, 3.0, 0.0)
1259.994(0.0, 3.0, 0.0)
1260.511(0.0, 3.0, 0.0)
1261.027(0.0, 3.0, 0.0)
1261.544(0.0, 3.0, 0.0)
1262.061(0.0, 3.0, 0.0)
1262.578(0.0, 3.0, 0.0)
1263.094(0.0, 3.0, 0.0)
1263.611(0.0, 3.0, 0.0)
1264.127(0.0, 3.0, 0.0)
1264.644(0.0, 3.0, 0.0)
1265.161(0.0, 3.0, 0.0)
1265.677(0.0, 3.0, 0.0)
1266.194(0.0, 213.5, 0.0)
1266.711(0.0, 215.5, 0.0)
1267.227(0.0, 236.6, 0.0)
1267.744(0.0, 202.0, 0.0)
1268.244(0.0, 202.0, 0.0)
1268.761(0.0, 202.0, 0.0)
1269.277(0.0, 202.0, 0.0)
1269.794(0.0, 202.0, 0.0)
