9.838051(0.0, 1.8, -1.0)
10.34136(0.0, 1.8, -1.0)
10.85804(0.0, 1.8, -1.0)
11.3747(0.0, 1.8, -1.0)
11.89135(0.0, 1.8, -1.0)
12.40801(0.0, 1.8, -1.0)
12.92465(0.0, 1.8, -1.0)
13.42467(0.0, 1.8, -1.0)
13.94133(0.0, 1.8, -1.0)
14.45798(0.0, 1.8, -1.0)
14.97464(0.0, 1.8, -1.0)
15.4913(0.0, 1.8, -1.0)
16.00794(0.0, 1.8, -1.0)
16.50795(0.0, 1.8, -1.0)
17.02461(0.0, 1.8, -1.0)
17.54125(0.0, 1.8, -1.0)
18.04126(0.0, 1.8, -1.0)
18.54132(0.0, 1.8, -1.0)
19.05791(0.0, 1.8, -1.0)
19.57457(0.0, 1.8, -1.0)
20.09121(0.0, 1.8, -0.4)
20.59122(-0.6, 1.8, -0.1)
21.10786(0.5, 1.8, -0.4)
21.60787(0.5, 1.8, -0.6)
22.12453(0.2, 1.8, -0.3)
22.64118(0.2, 1.8, -0.7)
23.15783(0.2, 1.8, -0.7)
23.6745(0.2, 1.8, -0.7)
24.19116(0.2, 1.8, -0.7)
24.7078(0.2, 1.8, -0.7)
25.20781(0.2, 1.8, -0.7)
25.72447(0.2, 1.8, -0.7)
26.24113(0.2, 1.8, -0.7)
26.75777(0.2, 1.8, -0.7)
27.25777(0.2, 1.8, -0.2)
27.77442(0.1, 1.8, 1.2)
28.27443(0.1, 1.8, 2.5)
28.79109(0.1, 1.8, 3.9)
29.30773(-0.3, 1.8, 5.1)
29.82441(-0.2, 1.8, 6.1)
30.34106(-0.1, 1.8, 6.4)
30.85771(0.5, 1.8, 6.6)
31.37437(0.7, 1.8, 8.0)
31.89104(0.7, 1.8, 9.3)
0, 1
32.4077(0.0, 1.8, -0.9)
32.92435(0.0, 1.8, -0.9)
33.441(0.0, 1.8, -0.8)
33.95765(0.1, 1.8, 0.3)
34.47433(-0.2, 1.8, 1.3)
34.99099(-0.7, 1.8, 2.1)
35.50764(-0.5, 1.8, 3.5)
36.02429(0.7, 1.8, 3.7)
36.52429(0.7, 1.8, 4.9)
37.04094(0.6, 1.8, 6.3)
37.54095(-0.2, 1.8, 7.2)
38.05759(-0.2, 1.8, 8.5)
0, 2
38.5576(0.0, 1.8, -1.1)
39.07426(0.1, 1.8, -0.5)
39.59091(0.1, 1.8, -0.5)
40.10756(0.0, 1.8, -0.4)
40.62423(-0.7, 1.8, -0.2)
41.14089(-0.6, 1.8, 0.9)
41.65754(-0.4, 1.8, 2.3)
42.15754(-0.2, 1.8, 3.6)
42.67418(0.6, 1.8, 4.6)
43.19086(0.7, 1.8, 5.7)
43.7075(0.1, 1.8, 6.7)
44.2075(-0.7, 1.8, 7.3)
44.72416(-0.6, 1.8, 8.7)
0, 3
45.35748(0.0, 1.8, -1.4)
45.87414(0.0, 1.8, -1.4)
46.39079(0.0, 1.8, -1.4)
46.90746(0.0, 1.8, -1.4)
47.42413(0.0, 1.8, -1.4)
47.94078(0.0, 1.8, -1.4)
48.45743(0.0, 1.8, -1.4)
48.97409(0.0, 1.8, -1.4)
49.49076(0.0, 1.8, -1.4)
50.00742(0.0, 1.8, -1.4)
50.52407(0.0, 1.8, -1.4)
51.04073(0.0, 1.8, -1.4)
51.55739(0.0, 1.8, -1.4)
52.07405(0.0, 1.8, -1.4)
52.5907(0.0, 1.8, -1.4)
53.10735(0.0, 1.8, -1.4)
53.624(0.0, 1.8, -1.4)
54.12401(0.0, 1.8, -1.4)
54.64067(0.0, 1.8, -1.4)
55.15734(0.0, 1.8, -1.4)
55.67397(0.0, 1.8, -1.4)
56.17399(0.0, 1.8, -1.4)
56.69062(0.0, 1.8, -1.4)
57.19063(0.0, 1.8, -1.4)
57.70728(0.0, 1.8, -1.4)
58.22393(0.0, 1.8, -1.4)
58.74061(0.0, 1.8, -1.4)
59.25726(0.0, 1.8, -1.4)
59.77391(0.0, 1.8, -1.4)
60.29058(0.0, 1.8, -1.4)
60.80724(0.0, 1.8, -1.4)
61.32389(0.0, 1.8, -1.4)
61.8239(0.0, 1.8, -1.4)
62.34052(0.0, 1.8, -1.4)
62.84053(0.0, 1.8, -1.4)
63.34055(0.0, 1.8, -1.3)
63.85719(-0.1, 1.8, 0.0)
64.37386(-0.7, 1.8, 0.9)
64.8905(-0.7, 1.8, 2.2)
65.40717(-0.7, 1.8, 3.6)
65.92383(-0.7, 1.8, 5.0)
66.44048(-0.7, 1.8, 6.3)
66.95714(-0.7, 1.8, 7.7)
67.4738(-0.8, 1.8, 9.0)
0, 4
67.99045(-0.1, 1.8, -0.5)
68.50712(-0.2, 1.8, 0.2)
69.02377(-0.2, 1.8, 0.4)
69.52378(-0.2, 1.8, 1.7)
70.04043(-0.2, 1.8, 3.0)
70.5571(-0.2, 1.8, 4.4)
71.07373(-0.3, 1.8, 5.8)
71.5904(-0.3, 1.8, 7.1)
72.10706(-0.4, 1.8, 8.5)
0, 5
72.62372(0.0, 1.8, -1.1)
73.14037(-0.1, 1.8, 0.2)
73.65704(-0.1, 1.8, 0.4)
74.1737(-0.1, 1.8, 1.1)
74.69034(-0.1, 1.8, 1.4)
75.20701(-0.7, 1.8, 2.4)
75.72366(-0.7, 1.8, 3.4)
76.24033(-0.7, 1.8, 4.2)
76.75699(-0.7, 1.8, 4.2)
77.27364(-0.7, 1.8, 3.1)
77.79029(-0.7, 1.8, 2.1)
78.2903(-0.7, 1.8, 1.8)
78.80694(-0.7, 1.8, 2.5)
79.30695(-0.7, 1.8, 3.1)
79.8236(-0.7, 1.8, 3.0)
80.34025(-0.7, 1.8, 2.3)
80.84026(-0.7, 1.8, 2.0)
81.35692(-0.7, 1.8, 2.2)
81.87357(-0.7, 1.8, 2.3)
82.39023(-0.7, 1.8, 2.3)
82.90689(-0.7, 1.8, 2.8)
83.42355(-0.1, 1.8, 4.0)
83.94019(0.5, 1.8, 5.2)
84.4402(0.7, 1.8, 6.4)
84.95686(0.7, 1.8, 7.7)
85.4735(0.7, 1.8, 9.0)
0, 6
86.02351(0.3, 1.8, -0.6)
86.54017(0.7, 1.8, 0.7)
87.05682(0.7, 1.8, 1.9)
87.55682(0.7, 1.8, 3.3)
88.05683(0.7, 1.8, 4.6)
88.57349(0.7, 1.8, 6.0)
89.09014(0.7, 1.8, 7.3)
89.6068(0.7, 1.8, 8.7)
1, 1
90.12344(0.0, 1.8, -0.8)
90.62344(0.1, 1.8, 0.5)
91.14011(0.1, 1.8, 1.9)
91.65677(0.1, 1.8, 3.2)
92.17341(0.2, 1.8, 4.6)
92.69009(0.2, 1.8, 6.0)
93.20676(0.2, 1.8, 7.3)
93.72339(0.3, 1.8, 8.7)
1, 2
94.24006(0.0, 1.8, -0.9)
94.75671(0.1, 1.8, 0.5)
95.25672(0.1, 1.8, 0.8)
95.77335(0.1, 1.8, 1.2)
96.29002(0.0, 1.8, 2.6)
96.80666(-0.1, 1.8, 4.0)
97.32332(-0.1, 1.8, 4.4)
97.82333(-0.1, 1.8, 4.4)
98.33999(-0.1, 1.8, 4.3)
98.85664(0.0, 1.8, 3.1)
99.35665(0.1, 1.8, 2.3)
99.87328(0.0, 1.8, 2.9)
100.39(-0.1, 1.8, 4.2)
100.9066(-0.3, 1.8, 5.1)
101.4233(-0.5, 1.8, 6.0)
101.9399(-0.7, 1.8, 7.2)
102.4566(-0.7, 1.8, 8.6)
1, 3
102.9733(-0.1, 1.8, -1.1)
103.4899(-0.2, 1.8, -1.0)
104.0066(-0.2, 1.8, -1.0)
104.5066(-0.2, 1.8, -1.0)
105.0232(-0.2, 1.8, -1.0)
105.5399(-0.2, 1.8, -1.0)
106.0399(-0.2, 1.8, -1.0)
106.5565(-0.2, 1.8, -1.0)
107.0565(-0.2, 1.8, -1.0)
107.5732(-0.2, 1.8, -1.0)
108.0898(-0.2, 1.8, -1.0)
108.6065(-0.1, 1.8, -0.7)
109.1232(-0.1, 1.8, -0.1)
109.6398(0.0, 1.8, 0.7)
110.1565(0.0, 1.8, 1.2)
110.6731(0.1, 1.8, 2.2)
111.1898(0.2, 1.8, 3.4)
111.7065(0.2, 1.8, 4.0)
112.2231(0.2, 1.8, 4.0)
112.7398(0.3, 1.8, 4.6)
113.2564(0.4, 1.8, 5.8)
113.7731(0.5, 1.8, 7.2)
114.2809(0.5, 1.8, 7.8)
114.797(0.6, 1.8, 9.0)
1, 4
115.3132(0.1, 1.8, -0.6)
115.8293(0.1, 1.8, -0.3)
116.3455(0.1, 1.8, -0.3)
116.8616(0.1, 1.8, 0.2)
117.3778(0.2, 1.8, 1.2)
117.8939(0.3, 1.8, 2.4)
118.4101(0.4, 1.8, 3.7)
118.9262(0.5, 1.8, 5.0)
119.4424(0.6, 1.8, 6.4)
119.9585(0.7, 1.8, 7.7)
120.4747(0.7, 1.8, 9.1)
1, 5
120.9908(0.1, 1.8, -0.5)
121.507(0.2, 1.8, 0.5)
122.0231(0.2, 1.8, 1.0)
122.5396(0.3, 1.8, 2.4)
123.0563(0.4, 1.8, 3.7)
123.5729(0.5, 1.8, 5.1)
124.0896(0.6, 1.8, 6.5)
124.6063(0.7, 1.8, 7.8)
125.1229(0.7, 1.8, 9.2)
1, 6
125.6396(0.0, 1.8, -1.4)
126.1562(0.0, 1.8, -1.4)
126.6728(0.0, 1.8, -1.0)
127.1729(0.1, 1.8, 0.3)
127.6895(0.2, 1.8, 1.7)
128.2061(0.4, 1.8, 3.0)
128.7228(0.5, 1.8, 4.4)
129.2395(0.6, 1.8, 5.7)
129.7561(0.7, 1.8, 7.1)
130.2728(0.7, 1.8, 8.5)
2, 1
130.7728(0.0, 1.8, -1.1)
131.2894(0.1, 1.8, 0.3)
131.8061(0.2, 1.8, 1.4)
132.3228(0.3, 1.8, 2.8)
132.8394(0.4, 1.8, 4.2)
133.3561(0.6, 1.8, 5.5)
133.8727(0.7, 1.8, 6.9)
134.3894(0.7, 1.8, 8.2)
2, 2
134.9061(0.0, 1.6, -1.3)
135.4227(0.1, 1.8, 0.1)
135.9394(0.2, 1.8, 1.4)
136.456(0.3, 1.8, 2.8)
136.9727(0.4, 1.8, 4.2)
137.4893(0.6, 1.8, 5.5)
138.006(0.7, 1.8, 6.9)
138.506(0.7, 1.8, 8.2)
2, 3
139.0227(0.0, 1.4, -1.3)
139.5393(0.1, 1.8, 0.0)
140.056(0.2, 1.8, 1.4)
140.556(0.3, 1.8, 2.7)
141.0726(0.4, 1.8, 4.1)
141.5893(0.5, 1.8, 5.4)
142.0893(0.6, 1.8, 6.7)
142.606(0.7, 1.8, 8.1)
2, 4
143.1226(0.0, 1.0, -1.4)
143.6392(0.1, 1.8, -0.1)
144.1559(0.2, 1.8, 1.3)
144.6726(0.3, 1.8, 2.6)
145.1892(0.4, 1.8, 4.0)
145.7059(0.5, 1.8, 5.4)
146.2059(0.6, 1.8, 6.7)
146.7226(0.7, 1.8, 8.0)
147.2392(0.7, 1.8, 9.4)
2, 5
147.7559(0.1, 1.8, -0.1)
148.2725(0.2, 1.8, 1.2)
148.7725(0.3, 1.8, 2.5)
149.2891(0.4, 1.8, 3.9)
149.8058(0.5, 1.8, 5.3)
150.3225(0.6, 1.8, 6.6)
150.8391(0.7, 1.8, 8.0)
151.3557(0.7, 1.8, 9.3)
2, 6
151.8724(0.1, 1.8, -0.2)
152.3891(0.2, 1.8, 1.2)
152.9057(0.3, 1.8, 2.5)
153.4224(0.4, 1.8, 3.9)
153.939(0.5, 1.8, 5.2)
154.4557(0.6, 1.8, 6.6)
154.9557(0.7, 1.8, 7.9)
155.4723(0.7, 1.8, 9.3)
3, 1
155.989(0.1, 1.8, -0.3)
156.489(0.2, 1.8, 1.1)
157.0057(0.3, 1.8, 2.4)
157.5223(0.4, 1.8, 3.8)
158.039(0.5, 1.8, 5.1)
158.5556(0.6, 1.8, 6.5)
159.0723(0.7, 1.8, 7.8)
159.5889(0.7, 1.8, 9.2)
3, 2
160.1056(0.1, 1.8, -0.3)
160.6223(0.2, 1.8, 1.0)
161.1389(0.3, 1.8, 2.4)
161.6389(0.4, 1.8, 3.7)
162.1555(0.5, 1.8, 5.1)
162.6555(0.6, 1.8, 6.4)
163.1555(0.7, 1.8, 7.7)
163.6722(0.7, 1.8, 9.1)
3, 3
164.1889(0.1, 1.8, -0.5)
164.7055(0.2, 1.8, 0.9)
165.2055(0.3, 1.8, 2.2)
165.7222(0.4, 1.8, 3.6)
166.2388(0.5, 1.8, 4.9)
166.7555(0.6, 1.8, 6.3)
167.2722(0.7, 1.8, 7.6)
167.7888(0.7, 1.8, 9.0)
3, 4
168.3055(0.1, 1.8, -0.5)
168.8221(0.2, 1.8, 0.8)
169.3388(0.3, 1.8, 2.2)
169.8555(0.4, 1.8, 3.5)
170.3721(0.5, 1.8, 4.9)
170.8887(0.6, 1.8, 6.3)
171.4054(0.7, 1.8, 7.6)
171.9221(0.7, 1.8, 9.0)
3, 5
172.4387(0.1, 1.8, -0.6)
172.9554(0.2, 1.8, 0.8)
173.4721(0.3, 1.8, 2.2)
173.9887(0.4, 1.8, 3.5)
174.5054(0.5, 1.8, 4.9)
175.022(0.6, 1.8, 6.2)
175.5387(0.7, 1.8, 7.6)
176.0554(0.7, 1.8, 9.0)
3, 6
176.572(0.1, 1.8, -0.6)
177.0887(0.2, 1.8, 0.8)
177.5887(0.3, 1.8, 2.1)
178.1053(0.4, 1.8, 3.5)
178.622(0.5, 1.8, 4.8)
179.1386(0.6, 1.8, 6.2)
179.6553(0.7, 1.8, 7.5)
180.172(0.7, 1.8, 8.9)
4, 1
180.6886(0.1, 1.8, -0.6)
181.2053(0.2, 1.8, 0.7)
181.722(0.3, 1.8, 2.1)
182.2386(0.4, 1.8, 3.4)
182.7553(0.5, 1.8, 4.8)
183.2719(0.6, 1.8, 6.2)
183.7886(0.7, 1.8, 7.5)
184.3053(0.7, 1.8, 8.9)
4, 2
184.8219(0.1, 1.8, -0.7)
185.3385(0.2, 1.8, 0.7)
185.8552(0.3, 1.8, 2.1)
186.3719(0.4, 1.8, 3.4)
186.8885(0.5, 1.8, 4.8)
187.4052(0.6, 1.8, 6.1)
187.9219(0.7, 1.8, 7.5)
188.4385(0.7, 1.8, 8.9)
4, 3
188.9552(0.1, 1.8, -0.7)
189.4718(0.2, 1.8, 0.7)
189.9885(0.3, 1.8, 2.0)
190.5051(0.4, 1.8, 3.4)
191.0218(0.5, 1.8, 4.8)
191.5385(0.6, 1.8, 6.1)
192.0551(0.7, 1.8, 7.5)
192.5718(0.7, 1.8, 8.8)
4, 4
193.0718(0.1, 1.8, -0.7)
193.5884(0.2, 1.8, 0.6)
194.1051(0.3, 1.8, 2.0)
194.6051(0.4, 1.8, 3.3)
195.1217(0.5, 1.8, 4.7)
195.6217(0.6, 1.8, 6.0)
196.1384(0.7, 1.8, 7.3)
196.655(0.7, 1.8, 8.7)
4, 5
197.155(0.0, 1.8, -0.9)
197.6717(0.2, 1.8, 0.5)
198.1717(0.3, 1.8, 1.8)
198.6883(0.4, 1.8, 3.2)
199.205(0.5, 1.8, 4.5)
199.7217(0.6, 1.8, 5.9)
200.2383(0.7, 1.8, 7.2)
200.755(0.7, 1.8, 8.6)
4, 6
201.4216(0.1, 1.8, -0.5)
201.9383(0.2, 1.8, 0.8)
202.4549(0.3, 1.8, 2.2)
202.9716(0.4, 1.8, 3.5)
203.4883(0.5, 1.8, 4.9)
204.0049(0.6, 1.8, 6.3)
204.5049(0.7, 1.8, 7.6)
205.0216(0.7, 1.8, 8.9)
5, 1
205.5382(0.1, 1.8, -0.6)
206.0382(0.2, 1.8, 0.7)
206.5549(0.3, 1.8, 2.1)
207.0715(0.4, 1.8, 3.4)
207.5882(0.5, 1.8, 4.8)
208.1049(0.6, 1.8, 6.1)
208.6215(0.7, 1.8, 7.5)
209.1381(0.7, 1.8, 8.9)
5, 2
209.6382(0.1, 1.8, -0.7)
210.1548(0.2, 1.8, 0.6)
210.6714(0.3, 1.8, 2.0)
211.1715(0.4, 1.8, 3.3)
211.6881(0.5, 1.8, 4.7)
212.2048(0.6, 1.8, 6.0)
212.7215(0.7, 1.8, 7.4)
213.2381(0.7, 1.8, 8.8)
5, 3
213.7547(0.1, 1.8, -0.8)
214.2714(0.2, 1.8, 0.6)
214.7881(0.3, 1.8, 1.9)
215.3047(0.4, 1.8, 3.3)
215.8214(0.5, 1.8, 4.7)
216.3381(0.6, 1.8, 6.0)
216.8381(0.7, 1.8, 7.3)
217.3547(0.7, 1.8, 8.7)
5, 4
217.8547(0.0, 1.8, -0.9)
218.3713(0.2, 1.8, 0.5)
218.888(0.3, 1.8, 1.8)
219.4047(0.4, 1.8, 3.2)
219.9213(0.5, 1.8, 4.6)
220.438(0.6, 1.8, 5.9)
220.9547(0.7, 1.8, 7.3)
221.4713(0.7, 1.8, 8.6)
5, 5
221.988(0.0, 1.8, -0.9)
222.5046(0.2, 1.8, 0.5)
223.0213(0.3, 1.8, 1.8)
223.5379(0.4, 1.8, 3.2)
224.0546(0.5, 1.8, 4.5)
224.5546(0.6, 1.8, 5.9)
225.0546(0.7, 1.8, 7.2)
225.5713(0.7, 1.8, 8.5)
5, 6
226.2546(0.1, 1.8, -0.6)
226.7712(0.2, 1.8, 0.8)
227.2879(0.3, 1.8, 2.2)
227.7879(0.4, 1.8, 3.5)
228.3046(0.5, 1.8, 4.8)
228.8212(0.6, 1.8, 6.2)
229.3379(0.7, 1.8, 7.5)
229.8545(0.7, 1.8, 8.9)
6, 1
230.3712(0.1, 1.8, -0.6)
230.8878(0.2, 1.8, 0.7)
231.3878(0.3, 1.8, 2.0)
231.9045(0.4, 1.8, 3.4)
232.4211(0.5, 1.8, 4.8)
232.9378(0.6, 1.8, 6.1)
233.4545(0.7, 1.8, 7.5)
233.9711(0.7, 1.8, 8.8)
6, 2
234.4878(0.1, 1.8, -0.7)
235.0044(0.2, 1.8, 0.7)
235.5211(0.3, 1.8, 2.0)
236.0378(0.4, 1.8, 3.4)
236.5544(0.5, 1.8, 4.7)
237.0711(0.6, 1.8, 6.1)
237.5877(0.7, 1.8, 7.5)
238.0877(0.7, 1.8, 8.8)
6, 3
238.6044(0.1, 1.8, -0.8)
239.1211(0.2, 1.8, 0.6)
239.6377(0.3, 1.8, 2.0)
240.1544(0.4, 1.8, 3.3)
240.671(0.5, 1.8, 4.7)
241.1877(0.6, 1.8, 6.0)
241.6877(0.7, 1.8, 7.4)
242.2043(0.7, 1.8, 8.7)
6, 4
242.721(0.1, 1.8, -0.8)
243.2377(0.2, 1.8, 0.5)
243.7543(0.3, 1.8, 1.9)
244.271(0.4, 1.8, 3.3)
244.7876(0.5, 1.8, 4.6)
245.3043(0.6, 1.8, 6.0)
245.821(0.7, 1.8, 7.3)
246.3376(0.7, 1.8, 8.7)
6, 5
246.8542(0.1, 1.8, -0.8)
247.3709(0.2, 1.8, 0.5)
247.8876(0.3, 1.8, 1.9)
248.4042(0.4, 1.8, 3.2)
248.9209(0.5, 1.8, 4.6)
249.4375(0.6, 1.8, 6.0)
249.9542(0.7, 1.8, 7.3)
250.4709(0.7, 1.8, 8.7)
6, 6
250.9875(0.1, 1.8, -0.8)
251.5042(0.2, 1.8, 0.5)
252.0042(0.3, 1.8, 1.8)
252.5209(0.4, 1.8, 3.2)
253.0375(0.5, 1.8, 4.5)
253.5542(0.6, 1.8, 5.9)
254.0708(0.7, 1.8, 7.3)
254.5708(0.7, 1.8, 8.6)
7, 1
255.0875(0.0, 1.8, -1.0)
255.6041(0.1, 1.8, 0.4)
256.1042(0.3, 1.8, 1.7)
256.6208(0.4, 1.8, 3.1)
257.1375(0.5, 1.8, 4.4)
257.6541(0.6, 1.8, 5.8)
258.1707(0.7, 1.8, 7.2)
258.6874(0.7, 1.8, 8.5)
7, 2
259.2041(0.0, 1.8, -1.0)
259.7208(0.1, 1.8, 0.3)
260.2374(0.3, 1.8, 1.7)
260.7541(0.4, 1.8, 3.1)
261.2707(0.5, 1.8, 4.4)
261.7874(0.6, 1.8, 5.8)
262.304(0.7, 1.8, 7.1)
262.8207(0.7, 1.8, 8.5)
7, 3
263.3374(0.0, 1.8, -1.0)
263.854(0.1, 1.8, 0.3)
264.3707(0.3, 1.8, 1.7)
264.8873(0.4, 1.8, 3.0)
265.404(0.5, 1.8, 4.4)
265.9207(0.6, 1.8, 5.8)
266.4373(0.7, 1.8, 7.1)
266.954(0.7, 1.8, 8.5)
7, 4
267.4706(0.0, 1.8, -1.1)
267.9873(0.1, 1.8, 0.3)
268.504(0.2, 1.8, 1.7)
269.0206(0.4, 1.8, 3.0)
269.5373(0.5, 1.8, 4.4)
270.0539(0.6, 1.8, 5.7)
270.5706(0.7, 1.8, 7.1)
271.0872(0.7, 1.8, 8.5)
7, 5
271.6039(0.0, 1.8, -1.1)
272.1039(0.1, 1.8, 0.2)
272.6205(0.2, 1.8, 1.6)
273.1372(0.4, 1.8, 3.0)
273.6539(0.5, 1.8, 4.3)
274.1705(0.6, 1.8, 5.7)
274.6872(0.7, 1.8, 7.0)
275.2039(0.7, 1.8, 8.4)
7, 6
275.9372(0.1, 1.8, -0.6)
276.4539(0.2, 1.8, 0.8)
276.9705(0.3, 1.8, 2.2)
277.4705(0.4, 1.8, 3.5)
277.9872(0.5, 1.8, 4.8)
278.5038(0.6, 1.8, 6.2)
279.0205(0.7, 1.8, 7.6)
279.5372(0.7, 1.8, 8.9)
8, 1
280.0538(0.1, 1.8, -0.6)
280.5704(0.2, 1.8, 0.7)
281.0871(0.3, 1.8, 2.1)
281.6038(0.4, 1.8, 3.5)
282.1204(0.5, 1.8, 4.8)
282.6371(0.6, 1.8, 6.2)
283.1371(0.7, 1.8, 7.5)
283.6537(0.7, 1.8, 8.9)
8, 2
284.1704(0.1, 1.8, -0.7)
284.687(0.2, 1.8, 0.7)
285.2037(0.3, 1.8, 2.0)
285.7203(0.4, 1.8, 3.4)
286.237(0.5, 1.8, 4.8)
286.7537(0.6, 1.8, 6.1)
287.2537(0.7, 1.8, 7.4)
287.7704(0.7, 1.8, 8.8)
8, 3
288.287(0.1, 1.8, -0.7)
288.8036(0.2, 1.8, 0.6)
289.3203(0.3, 1.8, 2.0)
289.837(0.4, 1.8, 3.3)
290.3536(0.5, 1.8, 4.7)
290.8703(0.6, 1.8, 6.1)
291.387(0.7, 1.8, 7.4)
291.9036(0.7, 1.8, 8.8)
8, 4
292.4203(0.1, 1.8, -0.8)
292.9369(0.2, 1.8, 0.6)
293.4536(0.3, 1.8, 2.0)
293.9702(0.4, 1.8, 3.3)
294.4869(0.5, 1.8, 4.7)
295.0035(0.6, 1.8, 6.0)
295.5202(0.7, 1.8, 7.4)
296.0369(0.7, 1.8, 8.8)
8, 5
296.5535(0.1, 1.8, -0.8)
297.0702(0.2, 1.8, 0.6)
297.5868(0.3, 1.8, 1.9)
298.0869(0.4, 1.8, 3.3)
298.6035(0.5, 1.8, 4.6)
299.1035(0.6, 1.8, 5.9)
299.6035(0.7, 1.8, 7.2)
300.1202(0.7, 1.8, 8.6)
8, 6
300.7868(0.1, 1.8, -0.5)
301.3034(0.2, 1.8, 0.8)
301.8201(0.3, 1.8, 2.2)
302.3367(0.4, 1.8, 3.5)
302.8534(0.5, 1.8, 4.9)
303.3701(0.6, 1.8, 6.3)
303.8867(0.7, 1.8, 7.6)
304.4034(0.7, 1.8, 9.0)
9, 1
304.9034(0.1, 1.8, -0.6)
305.42(0.2, 1.8, 0.8)
305.9367(0.3, 1.8, 2.1)
306.4534(0.4, 1.8, 3.5)
306.97(0.5, 1.8, 4.8)
307.4867(0.6, 1.8, 6.2)
308.0033(0.7, 1.8, 7.6)
308.5034(0.7, 1.8, 8.9)
9, 2
309.02(0.1, 1.8, -0.7)
309.5367(0.2, 1.8, 0.7)
310.0533(0.3, 1.8, 2.1)
310.5699(0.4, 1.8, 3.4)
311.0866(0.5, 1.8, 4.8)
311.6033(0.6, 1.8, 6.1)
312.1199(0.7, 1.8, 7.5)
312.6366(0.7, 1.8, 8.9)
9, 3
313.1533(0.1, 1.8, -0.7)
313.6699(0.2, 1.8, 0.7)
314.1699(0.3, 1.8, 2.0)
314.6866(0.4, 1.8, 3.4)
315.2032(0.5, 1.8, 4.7)
315.7198(0.6, 1.8, 6.1)
316.2365(0.7, 1.8, 7.4)
316.7532(0.7, 1.8, 8.8)
9, 4
317.2699(0.1, 1.8, -0.7)
317.7865(0.2, 1.8, 0.6)
318.2865(0.3, 1.8, 1.9)
318.8032(0.4, 1.8, 3.3)
319.3198(0.5, 1.8, 4.7)
319.8365(0.6, 1.8, 6.0)
320.3531(0.7, 1.8, 7.4)
320.8698(0.7, 1.8, 8.7)
9, 5
321.3698(0.1, 1.8, -0.8)
321.8864(0.2, 1.8, 0.5)
322.4031(0.3, 1.8, 1.9)
322.9031(0.4, 1.8, 3.2)
323.4198(0.5, 1.8, 4.6)
323.9364(0.6, 1.8, 5.9)
324.4531(0.7, 1.8, 7.3)
324.9531(0.7, 1.8, 8.6)
9, 6
325.4698(0.0, 1.8, -0.9)
325.9864(0.2, 1.8, 0.4)
326.5031(0.3, 1.8, 1.8)
327.0197(0.4, 1.8, 3.1)
327.5364(0.5, 1.8, 4.5)
328.0364(0.6, 1.8, 5.8)
328.553(0.7, 1.8, 7.2)
329.053(0.7, 1.8, 8.5)
10, 1
329.5697(0.0, 1.8, -1.1)
330.0863(0.1, 1.8, 0.3)
330.5864(0.2, 1.8, 1.6)
331.103(0.4, 1.8, 3.0)
331.6197(0.5, 1.8, 4.3)
332.1363(0.6, 1.8, 5.7)
332.653(0.7, 1.8, 7.1)
333.1696(0.7, 1.8, 8.4)
10, 2
333.6863(0.0, 1.8, -1.1)
334.2029(0.1, 1.8, 0.2)
334.7196(0.2, 1.8, 1.6)
335.2363(0.4, 1.8, 3.0)
335.7529(0.5, 1.8, 4.3)
336.2696(0.6, 1.8, 5.7)
336.7863(0.7, 1.8, 7.0)
337.3029(0.7, 1.8, 8.4)
10, 3
337.8196(0.0, 1.8, -1.1)
338.3362(0.1, 1.8, 0.2)
338.8529(0.2, 1.8, 1.6)
339.3695(0.3, 1.8, 2.9)
339.8862(0.5, 1.8, 4.3)
340.4029(0.6, 1.8, 5.7)
340.9195(0.7, 1.8, 7.0)
341.4196(0.7, 1.8, 8.3)
10, 4
341.9362(0.0, 1.8, -1.2)
342.4528(0.1, 1.8, 0.2)
342.9695(0.2, 1.8, 1.5)
343.4861(0.3, 1.8, 2.9)
344.0028(0.5, 1.8, 4.2)
344.5195(0.6, 1.8, 5.6)
345.0361(0.7, 1.8, 7.0)
345.5528(0.7, 1.8, 8.3)
10, 5
346.0695(0.0, 1.8, -1.2)
346.5861(0.1, 1.8, 0.1)
347.1028(0.2, 1.8, 1.5)
347.6194(0.3, 1.8, 2.9)
348.1194(0.4, 1.8, 4.2)
348.6361(0.6, 1.8, 5.5)
349.1527(0.7, 1.8, 6.9)
349.6694(0.7, 1.8, 8.3)
10, 6
350.4527(0.0, 1.8, -1.5)
350.9528(0.0, 1.8, -1.5)
351.4694(-0.2, 1.8, -1.3)
351.9695(-0.7, 1.8, -0.5)
352.4861(-0.7, 1.8, 0.2)
353.0027(-0.6, 1.8, 1.2)
353.5194(-0.4, 1.8, 2.6)
354.036(-0.3, 1.8, 3.9)
354.5527(-0.1, 1.8, 5.3)
355.0694(0.1, 1.8, 6.6)
355.586(0.2, 1.8, 8.0)
356.086(0.4, 1.8, 9.3)
11, 1
356.6027(0.1, 1.8, -0.2)
357.1194(0.3, 1.8, 1.1)
357.636(0.5, 1.8, 2.5)
358.1527(0.6, 1.8, 3.7)
358.6693(0.7, 1.8, 4.2)
359.186(0.7, 1.8, 5.6)
359.7026(0.7, 1.8, 6.9)
360.2193(0.7, 1.8, 8.3)
11, 2
360.736(0.0, 1.6, -1.2)
361.2526(0.2, 1.8, 0.1)
361.7526(0.3, 1.8, 1.4)
362.2693(0.5, 1.8, 2.8)
362.7859(0.7, 1.8, 4.1)
363.3026(0.7, 1.8, 5.5)
363.8192(0.7, 1.8, 6.8)
364.3359(0.7, 1.8, 8.2)
11, 3
364.8525(0.0, 1.2, -1.4)
365.3692(0.2, 1.8, 0.0)
365.8859(0.3, 1.8, 1.3)
366.4025(0.5, 1.8, 2.7)
366.9192(0.7, 1.8, 4.1)
367.4228(0.7, 1.8, 5.4)
367.9389(0.7, 1.8, 6.7)
368.455(0.7, 1.8, 8.1)
368.9712(0.7, 1.8, 9.4)
11, 4
369.4873(0.2, 1.8, -0.1)
370.0035(0.3, 1.8, 1.2)
370.5197(0.5, 1.8, 2.6)
371.0358(0.6, 1.8, 3.9)
371.5525(0.7, 1.8, 5.3)
372.0691(0.7, 1.8, 6.7)
372.5691(0.7, 1.8, 8.0)
373.0858(0.7, 1.8, 9.3)
11, 5
373.6024(0.2, 1.8, -0.2)
374.1191(0.3, 1.8, 1.2)
374.6357(0.5, 1.8, 2.5)
375.1524(0.6, 1.8, 3.9)
375.6691(0.7, 1.8, 5.2)
376.1857(0.7, 1.8, 6.6)
376.7024(0.7, 1.8, 7.9)
377.219(0.7, 1.8, 9.3)
11, 6
377.7357(0.0, 1.8, -1.4)
378.2524(0.0, 1.8, -1.4)
378.7691(0.0, 1.8, -1.4)
379.2857(0.0, 1.8, -1.4)
379.8191(0.2, 1.8, -1.1)
380.3357(0.7, 1.8, 0.1)
380.869(0.7, 1.8, 1.4)
381.4023(0.7, 1.8, 2.6)
381.9357(0.7, 1.8, 3.9)
382.469(0.7, 1.8, 5.2)
382.9857(0.7, 1.8, 6.4)
383.5023(0.7, 1.8, 7.6)
384.019(0.7, 1.8, 8.8)
12, 1
384.519(0.3, 1.8, -0.9)
385.0356(0.7, 1.8, 0.3)
385.5522(0.7, 1.8, 1.6)
386.0856(0.7, 1.8, 2.8)
386.619(0.7, 1.8, 4.1)
387.1523(0.7, 1.8, 5.3)
387.6689(0.7, 1.8, 6.6)
388.1856(0.7, 1.8, 7.8)
388.7023(0.7, 1.8, 9.0)
12, 2
389.2355(0.4, 1.8, -0.7)
389.7522(0.7, 1.8, 0.6)
390.2522(0.7, 1.8, 1.7)
390.7855(0.7, 1.8, 3.0)
391.3189(0.7, 1.8, 4.3)
391.8522(0.7, 1.8, 5.5)
392.3688(0.7, 1.8, 6.7)
392.8689(0.7, 1.8, 7.9)
393.3855(0.7, 1.8, 9.1)
12, 3
393.9188(0.5, 1.8, -0.5)
394.4522(0.7, 1.8, 0.7)
394.9688(0.7, 1.8, 1.5)
395.5021(0.7, 1.8, 2.6)
396.0355(0.7, 1.8, 3.7)
396.5688(0.7, 1.8, 4.8)
397.0854(0.7, 1.8, 5.9)
397.6021(0.7, 1.8, 7.0)
398.1187(0.7, 1.8, 8.1)
398.6188(0.7, 1.8, 9.1)
12, 4
399.1354(0.6, 1.8, -0.7)
399.6521(0.7, 1.8, 0.4)
400.1687(0.7, 1.8, 1.5)
400.6854(0.7, 1.8, 2.6)
401.2187(0.7, 1.8, 3.7)
401.7354(0.7, 1.8, 4.8)
402.252(0.7, 1.8, 5.9)
402.7687(0.7, 1.8, 7.0)
403.2853(0.7, 1.8, 8.1)
403.802(0.7, 1.8, 9.2)
12, 5
404.3187(0.7, 1.8, -0.6)
404.8353(0.7, 1.8, 0.5)
405.352(0.7, 1.8, 1.6)
405.8686(0.7, 1.8, 2.7)
406.3687(0.7, 1.8, 3.7)
406.8853(0.7, 1.8, 4.8)
407.4019(0.7, 1.8, 5.9)
407.9186(0.7, 1.8, 7.0)
408.4353(0.7, 1.8, 8.1)
408.9519(0.7, 1.8, 9.2)
12, 6
409.4686(0.6, 1.8, -0.7)
409.9852(0.7, 1.8, 0.4)
410.4852(0.7, 1.8, 1.5)
411.0019(0.7, 1.8, 2.6)
411.5186(0.7, 1.8, 3.6)
412.0352(0.7, 1.8, 4.7)
412.5519(0.7, 1.8, 5.8)
413.0685(0.7, 1.8, 6.9)
413.5685(0.7, 1.8, 8.0)
414.0852(0.7, 1.8, 9.1)
13, 1
414.6018(0.6, 1.8, -0.7)
415.1185(0.7, 1.8, 0.4)
415.6352(0.7, 1.8, 1.4)
416.1518(0.7, 1.8, 2.5)
416.6685(0.7, 1.8, 3.6)
417.1852(0.7, 1.8, 4.7)
417.7018(0.7, 1.8, 5.8)
418.2185(0.7, 1.8, 6.9)
418.7351(0.7, 1.8, 8.0)
419.2518(0.7, 1.8, 9.1)
13, 2
419.7684(0.6, 1.8, -0.7)
420.2851(0.7, 1.8, 0.4)
420.8018(0.7, 1.8, 1.5)
421.3184(0.7, 1.8, 2.5)
421.8351(0.7, 1.8, 3.6)
422.3517(0.7, 1.8, 4.7)
422.8684(0.7, 1.8, 5.8)
423.385(0.7, 1.8, 6.9)
423.9017(0.7, 1.8, 8.0)
424.4017(0.7, 1.8, 9.0)
13, 3
424.9183(0.5, 1.8, -0.8)
425.435(0.7, 1.8, 0.3)
425.9517(0.7, 1.8, 1.4)
426.4683(0.7, 1.8, 2.5)
426.985(0.7, 1.8, 3.6)
427.5016(0.7, 1.8, 4.7)
428.0183(0.7, 1.8, 5.7)
428.5183(0.7, 1.8, 6.8)
429.0349(0.7, 1.8, 7.9)
429.5516(0.7, 1.8, 9.0)
13, 4
430.0683(0.5, 1.8, -0.8)
430.5849(0.7, 1.8, 0.3)
431.1016(0.7, 1.8, 1.4)
431.6182(0.7, 1.8, 2.5)
432.1349(0.7, 1.8, 3.5)
432.6516(0.7, 1.8, 4.6)
433.1682(0.7, 1.8, 5.7)
433.6849(0.7, 1.8, 6.8)
434.2015(0.7, 1.8, 7.9)
434.7182(0.7, 1.8, 9.0)
13, 5
435.2348(0.5, 1.8, -0.8)
435.7349(0.7, 1.8, 0.3)
436.2515(0.7, 1.8, 1.3)
436.7682(0.7, 1.8, 2.4)
437.2848(0.7, 1.8, 3.5)
437.8015(0.7, 1.8, 4.6)
438.3181(0.7, 1.8, 5.7)
438.8348(0.7, 1.8, 6.8)
439.3514(0.7, 1.8, 7.9)
439.8681(0.7, 1.8, 9.0)
13, 6
440.4348(0.6, 1.8, -0.8)
440.9348(0.7, 1.8, 0.3)
441.4348(0.7, 1.8, 1.4)
441.9515(0.7, 1.8, 2.4)
442.4682(0.7, 1.8, 3.5)
442.9848(0.7, 1.8, 4.6)
443.5015(0.7, 1.8, 5.7)
444.0181(0.7, 1.8, 6.8)
444.5348(0.7, 1.8, 7.9)
445.0515(0.7, 1.8, 9.0)
14, 1
445.5681(0.5, 1.8, -0.8)
446.0681(0.7, 1.8, 0.2)
446.5847(0.7, 1.8, 1.3)
447.1014(0.7, 1.8, 2.4)
447.6181(0.7, 1.8, 3.5)
448.1347(0.7, 1.8, 4.6)
448.6514(0.7, 1.8, 5.7)
449.168(0.7, 1.8, 6.8)
449.6847(0.7, 1.8, 7.9)
450.2014(0.7, 1.8, 9.0)
14, 2
450.718(0.5, 1.8, -0.8)
451.2346(0.7, 1.8, 0.2)
451.7513(0.7, 1.8, 1.1)
452.268(0.7, 1.8, 2.2)
452.7846(0.7, 1.8, 3.3)
453.3013(0.7, 1.8, 4.4)
453.8179(0.7, 1.8, 5.5)
454.318(0.7, 1.8, 6.5)
454.8346(0.7, 1.8, 7.6)
455.3513(0.7, 1.8, 8.7)
14, 3
455.868(0.3, 1.8, -1.1)
456.3846(0.7, 1.8, -0.1)
456.9012(0.7, 1.8, 0.3)
457.4012(0.7, 1.8, 1.4)
457.9179(0.7, 1.8, 2.5)
458.4346(0.7, 1.8, 3.6)
458.9512(0.7, 1.8, 4.7)
459.4679(0.7, 1.8, 5.7)
459.9846(0.7, 1.8, 6.8)
460.5012(0.7, 1.8, 7.9)
461.0179(0.7, 1.8, 9.0)
14, 4
461.5345(0.5, 1.8, -0.8)
462.0345(0.7, 1.8, 0.3)
462.5511(0.7, 1.8, 1.3)
463.0512(0.7, 1.8, 2.4)
463.5677(0.7, 1.8, 3.5)
464.0678(0.7, 1.8, 4.5)
464.5845(0.7, 1.8, 5.6)
465.1011(0.7, 1.8, 6.7)
465.6177(0.7, 1.8, 7.8)
466.1345(0.7, 1.8, 8.9)
14, 5
466.6511(0.4, 1.8, -0.9)
467.1678(0.7, 1.8, 0.2)
467.6844(0.7, 1.8, 1.3)
468.2011(0.7, 1.8, 2.3)
468.7177(0.7, 1.8, 3.4)
469.2344(0.7, 1.8, 4.5)
469.751(0.7, 1.8, 5.6)
470.2677(0.7, 1.8, 6.7)
470.7844(0.7, 1.8, 7.8)
471.301(0.7, 1.8, 8.9)
14, 6
471.901(0.0, 1.8, -1.5)
472.4011(0.0, 1.8, -1.4)
472.9177(0.7, 1.8, -0.6)
473.4178(0.7, 1.8, 0.5)
473.9344(0.7, 1.8, 1.6)
474.4677(0.7, 1.8, 2.7)
474.9844(0.7, 1.8, 3.8)
475.5177(0.7, 1.8, 4.9)
476.0344(0.7, 1.8, 6.0)
476.5511(0.7, 1.8, 7.1)
477.0677(0.7, 1.8, 8.2)
477.5844(0.7, 1.8, 9.3)
15, 1
478.101(0.7, 1.8, -0.5)
478.6177(0.7, 1.8, 0.6)
479.1343(0.7, 1.8, 1.7)
479.651(0.7, 1.8, 2.7)
480.1842(0.7, 1.8, 3.9)
480.6843(0.7, 1.8, 4.9)
481.201(0.7, 1.8, 6.0)
481.7176(0.7, 1.8, 7.1)
482.2343(0.7, 1.8, 8.2)
482.7509(0.7, 1.8, 9.3)
15, 2
483.2676(0.7, 1.8, -0.5)
483.7842(0.7, 1.8, 0.6)
484.3009(0.7, 1.8, 1.7)
484.8176(0.7, 1.8, 2.8)
485.3509(0.7, 1.8, 3.9)
485.8842(0.7, 1.8, 5.0)
486.4009(0.7, 1.8, 6.1)
486.9175(0.7, 1.8, 7.2)
487.4342(0.7, 1.8, 8.3)
487.9509(0.7, 1.8, 9.4)
15, 3
488.4675(0.7, 1.8, -0.5)
488.9842(0.7, 1.8, 0.6)
489.5009(0.7, 1.8, 1.7)
490.0342(0.7, 1.8, 2.8)
490.5675(0.7, 1.8, 4.0)
491.1008(0.7, 1.8, 5.1)
491.6175(0.7, 1.8, 6.2)
492.1341(0.7, 1.8, 7.3)
492.6508(0.7, 1.8, 8.3)
15, 4
493.1674(0.0, 1.0, -1.4)
493.6841(0.7, 1.8, -0.4)
494.2008(0.7, 1.8, 0.7)
494.7174(0.7, 1.8, 1.8)
495.2341(0.7, 1.8, 2.9)
495.7674(0.7, 1.8, 4.0)
496.3007(0.7, 1.8, 5.2)
496.8173(0.7, 1.8, 6.3)
497.3174(0.7, 1.8, 7.3)
497.834(0.7, 1.8, 8.4)
15, 5
498.3673(0.1, 1.4, -1.4)
498.8673(0.7, 1.8, -0.3)
499.384(0.7, 1.8, 0.8)
499.9007(0.7, 1.8, 1.9)
500.4173(0.7, 1.8, 3.0)
500.9507(0.7, 1.8, 4.1)
501.4673(0.7, 1.8, 5.2)
501.9673(0.7, 1.8, 6.2)
502.484(0.7, 1.8, 7.3)
503.0006(0.7, 1.8, 8.4)
15, 6
503.834(0.6, 1.8, -0.8)
504.3506(0.7, 1.8, 0.3)
504.8673(0.7, 1.8, 1.4)
505.3839(0.7, 1.8, 2.5)
505.884(0.7, 1.8, 3.6)
506.4006(0.7, 1.8, 4.7)
506.9172(0.7, 1.8, 5.7)
507.4339(0.7, 1.8, 6.8)
507.9506(0.7, 1.8, 7.9)
508.4506(0.7, 1.8, 9.0)
16, 1
508.9672(0.5, 1.8, -0.8)
509.4839(0.7, 1.8, 0.3)
510.0005(0.7, 1.8, 1.4)
510.5172(0.7, 1.8, 2.5)
511.0339(0.7, 1.8, 3.5)
511.5506(0.7, 1.8, 4.6)
512.0547(0.7, 1.8, 5.7)
512.5709(0.7, 1.8, 6.8)
513.087(0.7, 1.8, 7.9)
513.6031(0.7, 1.8, 9.0)
16, 2
514.1193(0.5, 1.8, -0.8)
514.6354(0.7, 1.8, 0.3)
515.1516(0.7, 1.8, 1.3)
515.6677(0.7, 1.8, 2.4)
516.1839(0.7, 1.8, 3.5)
516.7004(0.7, 1.8, 4.6)
517.2171(0.7, 1.8, 5.7)
517.7338(0.7, 1.8, 6.8)
518.2504(0.7, 1.8, 7.9)
518.7671(0.7, 1.8, 9.0)
16, 3
519.2837(0.5, 1.8, -0.9)
519.7838(0.7, 1.8, 0.2)
520.3004(0.7, 1.8, 1.3)
520.8004(0.7, 1.8, 2.3)
521.317(0.7, 1.8, 3.5)
521.8337(0.7, 1.8, 4.7)
522.3503(0.7, 1.8, 5.8)
522.867(0.7, 1.8, 6.8)
523.3837(0.7, 1.8, 7.9)
523.9003(0.7, 1.8, 9.0)
16, 4
524.417(0.5, 1.8, -0.8)
524.9337(0.7, 1.8, 0.3)
525.4503(0.7, 1.8, 1.4)
525.9669(0.7, 1.8, 2.5)
526.467(0.7, 1.8, 3.6)
526.9836(0.7, 1.8, 4.6)
527.5003(0.7, 1.8, 5.7)
528.0169(0.7, 1.8, 7.0)
528.517(0.7, 1.8, 7.5)
529.0336(0.6, 1.8, 8.8)
16, 5
529.5502(0.2, 1.8, -0.9)
530.0669(0.7, 1.8, -0.5)
530.5836(0.7, 1.8, 0.6)
531.1002(0.6, 1.8, 1.9)
531.6169(0.4, 1.8, 3.3)
532.1335(0.2, 1.8, 4.6)
532.6502(0.0, 1.8, 6.0)
533.1669(0.4, 1.8, 7.2)
533.6835(0.7, 1.8, 8.3)
534.2001(0.7, 1.8, 9.4)
16, 6
534.7169(0.7, 1.8, -0.4)
535.2336(0.7, 1.8, 0.7)
535.7502(0.7, 1.8, 1.8)
536.2669(0.7, 1.8, 2.9)
536.7836(0.7, 1.8, 3.9)
537.3002(0.7, 1.8, 5.0)
537.8169(0.7, 1.8, 6.1)
538.3336(0.7, 1.8, 7.2)
538.8502(0.7, 1.8, 8.3)
539.3668(0.7, 1.8, 9.4)
17, 1
539.8835(0.7, 1.8, -0.4)
540.4001(0.7, 1.8, 0.7)
540.9168(0.7, 1.8, 1.7)
541.4335(0.7, 1.8, 2.8)
541.9501(0.7, 1.8, 3.9)
542.4668(0.7, 1.8, 5.0)
542.9835(0.7, 1.8, 6.1)
543.5001(0.7, 1.8, 7.2)
544.0168(0.7, 1.8, 8.3)
544.5334(0.7, 1.8, 9.4)
17, 2
545.0501(0.7, 1.8, -0.4)
545.5668(0.7, 1.8, 0.7)
546.0834(0.7, 1.8, 1.8)
546.6(0.7, 1.8, 2.8)
547.1168(0.7, 1.8, 3.9)
547.6334(0.7, 1.8, 5.0)
548.15(0.7, 1.8, 6.1)
548.6667(0.7, 1.8, 7.2)
549.1833(0.7, 1.8, 8.3)
549.7(0.7, 1.8, 9.4)
17, 3
550.2167(0.7, 1.8, -0.4)
550.7333(0.7, 1.8, 0.7)
551.25(0.7, 1.8, 1.8)
551.7667(0.7, 1.8, 2.9)
552.2833(0.7, 1.8, 3.9)
552.8(0.7, 1.8, 5.0)
553.3167(0.7, 1.8, 6.1)
553.8333(0.7, 1.8, 7.2)
554.35(0.7, 1.8, 8.3)
554.8666(0.7, 1.8, 9.4)
17, 4
555.3832(0.7, 1.8, -0.4)
555.9(0.7, 1.8, 0.7)
556.4166(0.7, 1.8, 1.7)
556.9332(0.7, 1.8, 2.8)
557.4499(0.7, 1.8, 3.9)
557.9666(0.7, 1.8, 5.0)
558.4832(0.7, 1.8, 6.1)
558.9999(0.7, 1.8, 7.2)
559.5165(0.7, 1.8, 8.3)
560.0331(0.7, 1.8, 9.4)
17, 5
560.5499(0.7, 1.8, -0.4)
561.0665(0.7, 1.8, 0.7)
561.5832(0.7, 1.8, 1.8)
562.0999(0.7, 1.8, 2.8)
562.6165(0.7, 1.8, 3.9)
563.1331(0.7, 1.8, 5.0)
563.6498(0.7, 1.8, 6.1)
564.1664(0.7, 1.8, 7.2)
564.6831(0.7, 1.8, 8.3)
565.1998(0.7, 1.8, 9.4)
17, 6
565.6998(0.0, 1.8, -1.5)
566.2332(0.0, 1.8, -1.5)
566.7665(0.0, 1.8, -1.5)
567.2999(0.0, 1.8, -1.5)
567.8331(0.0, 1.8, -1.5)
568.3665(0.0, 1.8, -1.5)
568.8998(0.0, 1.8, -1.5)
569.4332(0.0, 1.8, -1.5)
569.9664(0.0, 1.8, -1.5)
570.4665(0.0, 1.8, -1.5)
570.9998(0.0, 1.8, -1.5)
571.5331(0.0, 1.8, -1.5)
572.0664(0.0, 1.8, -1.4)
572.5831(0.7, 1.8, -0.6)
573.0998(0.7, 1.8, 0.5)
573.6165(0.7, 1.8, 1.6)
574.1331(0.7, 1.8, 2.7)
574.6497(0.7, 1.8, 3.8)
575.183(0.7, 1.8, 4.9)
575.683(0.7, 1.8, 6.0)
576.1997(0.7, 1.8, 7.1)
576.7164(0.7, 1.8, 8.1)
577.233(0.7, 1.8, 9.2)
18, 1
577.7497(0.7, 1.8, -0.6)
578.2664(0.7, 1.8, 0.5)
578.783(0.7, 1.8, 1.6)
579.3163(0.7, 1.8, 2.8)
579.8497(0.7, 1.8, 3.9)
580.3663(0.7, 1.8, 5.0)
580.8829(0.7, 1.8, 6.1)
581.3997(0.7, 1.8, 7.1)
581.9163(0.7, 1.8, 8.2)
582.4329(0.7, 1.8, 9.3)
18, 2
582.9496(0.7, 1.8, -0.5)
583.4662(0.7, 1.8, 0.6)
583.9829(0.7, 1.8, 1.7)
584.4995(0.7, 1.8, 2.8)
585.0329(0.7, 1.8, 3.9)
585.5495(0.7, 1.8, 5.0)
586.0496(0.7, 1.8, 6.0)
586.5662(0.7, 1.8, 7.1)
587.0828(0.7, 1.8, 8.2)
587.5995(0.7, 1.8, 9.3)
18, 3
588.1161(0.7, 1.8, -0.5)
588.6162(0.7, 1.8, 0.5)
589.1329(0.7, 1.8, 1.6)
589.6661(0.7, 1.8, 2.7)
590.1829(0.7, 1.8, 3.8)
590.7161(0.7, 1.8, 4.9)
591.2328(0.7, 1.8, 6.0)
591.7495(0.7, 1.8, 7.1)
592.2661(0.7, 1.8, 8.2)
592.7828(0.7, 1.8, 9.3)
18, 4
593.2994(0.8, 1.8, -0.5)
593.8161(0.7, 1.8, 0.6)
594.3328(0.7, 1.8, 1.7)
594.8494(0.7, 1.8, 2.8)
595.366(0.7, 1.8, 3.9)
595.8827(0.7, 1.8, 5.0)
596.3828(0.7, 1.8, 6.0)
596.8994(0.7, 1.8, 7.1)
597.4161(0.7, 1.8, 8.2)
597.9327(0.7, 1.8, 9.3)
18, 5
598.4494(0.7, 1.8, -0.5)
598.966(0.7, 1.8, 0.6)
599.4827(0.7, 1.8, 1.7)
600.016(0.7, 1.8, 2.8)
600.5493(0.7, 1.8, 3.9)
601.0493(0.7, 1.8, 5.0)
601.566(0.7, 1.8, 6.1)
602.0826(0.7, 1.8, 7.2)
602.5993(0.7, 1.8, 8.2)
603.116(0.7, 1.8, 9.3)
18, 6
603.6326(0.8, 1.8, -0.5)
604.1492(0.7, 1.8, 0.6)
604.6493(0.7, 1.8, 1.6)
605.166(0.7, 1.8, 2.7)
605.6826(0.7, 1.8, 3.8)
606.2065(0.7, 1.8, 4.9)
606.7117(0.7, 1.8, 6.0)
607.2278(0.7, 1.8, 7.1)
607.744(0.7, 1.8, 8.2)
608.2601(0.7, 1.8, 9.3)
19, 1
608.7762(0.7, 1.8, -0.6)
609.2924(0.7, 1.8, 0.5)
609.8086(0.7, 1.8, 1.6)
610.3247(0.7, 1.8, 2.7)
610.8409(0.7, 1.8, 3.8)
611.357(0.7, 1.8, 4.9)
611.8732(0.7, 1.8, 5.9)
612.3893(0.7, 1.8, 7.0)
612.9055(0.7, 1.8, 8.1)
613.4216(0.7, 1.8, 9.2)
19, 2
613.9377(0.7, 1.8, -0.6)
614.4539(0.7, 1.8, 0.5)
614.9701(0.7, 1.8, 1.6)
615.4862(0.5, 1.8, 2.4)
616.0024(0.7, 1.8, 1.1)
616.5185(0.5, 1.8, -0.2)
617.0347(0.1, 1.8, -1.5)
617.5508(-0.3, 1.8, -2.0)
618.067(-0.6, 1.8, -2.0)
618.5831(-0.7, 1.8, -2.0)
619.0992(-0.7, 1.8, -2.0)
619.6157(-0.7, 1.8, -2.0)
620.1324(-0.7, 1.8, -2.0)
620.649(-0.7, 1.8, -2.0)
621.1657(-0.7, 1.8, -2.0)
621.6824(-0.7, 1.8, -2.0)
622.199(-0.7, 1.8, -2.0)
622.7157(-0.7, 1.8, -2.0)
623.2324(-0.7, 1.8, -1.1)
623.749(-0.7, 1.8, 0.2)
624.2656(-0.6, 1.8, 1.6)
624.7823(-0.5, 1.8, 2.9)
625.299(-0.5, 1.8, 4.3)
625.8156(-0.4, 1.8, 5.7)
626.3323(-0.3, 1.8, 7.0)
626.8489(-0.2, 1.8, 8.4)
19, 3
627.3656(0.0, 1.8, -1.2)
627.8823(0.1, 1.8, 0.2)
628.3989(0.2, 1.8, 1.6)
628.9156(0.2, 1.8, 2.9)
629.4323(0.3, 1.8, 4.3)
629.9489(0.4, 1.8, 5.6)
630.4489(0.4, 1.8, 7.0)
630.9656(0.5, 1.8, 8.3)
19, 4
631.4822(0.0, 1.8, -1.2)
631.9989(0.1, 1.8, 0.1)
632.5156(0.2, 1.8, 1.5)
633.0322(0.2, 1.8, 2.9)
633.5488(0.3, 1.8, 4.2)
634.0655(0.4, 1.8, 5.6)
634.5822(0.4, 1.8, 6.9)
635.0988(0.5, 1.8, 8.3)
19, 5
635.6155(0.0, 1.8, -1.2)
636.1321(0.1, 1.8, 0.2)
636.6488(0.2, 1.8, 1.5)
637.1655(0.2, 1.8, 2.9)
637.6821(0.3, 1.8, 4.3)
638.1988(0.4, 1.8, 5.6)
638.7155(0.4, 1.8, 7.0)
639.2321(0.5, 1.8, 8.3)
19, 6
639.9988(0.0, 1.8, -0.6)
640.5154(0.1, 1.8, 0.8)
641.032(0.2, 1.8, 2.2)
641.5487(0.3, 1.8, 3.5)
642.0654(0.3, 1.8, 4.9)
642.582(0.4, 1.8, 6.3)
643.082(0.5, 1.8, 7.6)
643.5987(0.5, 1.8, 8.9)
20, 1
644.1154(0.0, 1.8, -0.6)
644.632(0.1, 1.8, 0.7)
645.1486(0.2, 1.8, 2.1)
645.6653(0.3, 1.8, 3.5)
646.1819(0.3, 1.8, 4.8)
646.6986(0.4, 1.8, 6.2)
647.2153(0.5, 1.8, 7.6)
647.7319(0.5, 1.8, 8.9)
20, 2
648.2486(0.0, 1.8, -0.6)
648.7653(0.1, 1.8, 0.8)
649.2819(0.2, 1.8, 2.1)
649.7819(0.3, 1.8, 3.5)
650.2986(0.3, 1.8, 4.8)
650.8152(0.4, 1.8, 6.2)
651.3318(0.5, 1.8, 7.5)
651.8486(0.5, 1.8, 8.9)
20, 3
652.3652(0.0, 1.8, -0.6)
652.8818(0.1, 1.8, 0.7)
653.3985(0.2, 1.8, 2.1)
653.9152(0.3, 1.8, 3.4)
654.4318(0.3, 1.8, 4.8)
654.9485(0.4, 1.8, 6.2)
655.4651(0.5, 1.8, 7.5)
655.9818(0.5, 1.8, 8.9)
20, 4
656.4984(0.0, 1.8, -0.7)
657.0151(0.1, 1.8, 0.7)
657.5318(0.2, 1.8, 2.1)
658.0484(0.3, 1.8, 3.4)
658.5651(0.3, 1.8, 4.8)
659.0817(0.4, 1.8, 6.2)
659.5984(0.5, 1.8, 7.5)
660.1151(0.5, 1.8, 8.9)
20, 5
660.6317(0.0, 1.8, -0.6)
661.1484(0.1, 1.8, 0.7)
661.665(0.2, 1.8, 2.1)
662.1817(0.3, 1.8, 3.5)
662.6984(0.3, 1.8, 4.8)
663.215(0.4, 1.8, 6.2)
663.7317(0.5, 1.8, 7.5)
664.2484(0.5, 1.8, 8.9)
20, 6
664.7983(0.0, 1.8, -0.6)
665.3149(0.1, 1.8, 0.8)
665.8149(0.2, 1.8, 2.1)
666.3316(0.3, 1.8, 3.5)
666.8483(0.3, 1.8, 4.8)
667.3649(0.4, 1.8, 6.2)
667.8816(0.5, 1.8, 7.6)
668.3983(0.5, 1.8, 8.9)
21, 1
668.9149(0.0, 1.8, -0.6)
669.4316(0.1, 1.8, 0.7)
669.9482(0.2, 1.8, 2.1)
670.4648(0.3, 1.8, 3.5)
670.9816(0.3, 1.8, 4.8)
671.4982(0.4, 1.8, 6.2)
672.0148(0.5, 1.8, 7.6)
672.5315(0.5, 1.8, 8.9)
21, 2
673.0482(0.0, 1.8, -0.6)
673.5648(0.1, 1.8, 0.8)
674.0815(0.2, 1.8, 2.1)
674.5981(0.3, 1.8, 3.5)
675.1148(0.3, 1.8, 4.9)
675.6315(0.4, 1.8, 6.2)
676.1481(0.5, 1.8, 7.6)
676.6648(0.5, 1.8, 9.0)
21, 3
677.1814(0.0, 1.8, -0.6)
677.6981(0.1, 1.8, 0.8)
678.2148(0.2, 1.8, 2.1)
678.7314(0.3, 1.8, 3.5)
679.248(0.3, 1.8, 4.8)
679.7647(0.4, 1.8, 6.2)
680.2814(0.5, 1.8, 7.6)
680.798(0.5, 1.8, 8.9)
21, 4
681.3147(0.0, 1.8, -0.6)
681.8314(0.1, 1.8, 0.7)
682.348(0.2, 1.8, 2.1)
682.8647(0.3, 1.8, 3.5)
683.3813(0.3, 1.8, 4.8)
683.8979(0.4, 1.8, 6.2)
684.398(0.5, 1.8, 7.5)
684.9147(0.5, 1.8, 8.9)
21, 5
685.4313(0.0, 1.8, -0.6)
685.9479(0.1, 1.8, 0.7)
686.4646(0.2, 1.8, 2.1)
686.9813(0.3, 1.8, 3.5)
687.4979(0.3, 1.8, 4.8)
688.0146(0.4, 1.8, 6.2)
688.5313(0.5, 1.8, 7.5)
689.0479(0.5, 1.8, 8.9)
21, 6
689.5645(0.0, 1.8, -0.6)
690.0646(0.1, 1.8, 0.7)
690.5812(0.2, 1.8, 2.0)
691.0812(0.3, 1.8, 3.4)
691.5978(0.3, 1.8, 4.7)
692.0979(0.4, 1.8, 6.0)
692.6146(0.5, 1.8, 7.4)
693.1312(0.5, 1.8, 8.8)
22, 1
693.6479(0.0, 1.8, -0.8)
694.1645(0.1, 1.8, 0.6)
694.6646(0.2, 1.8, 1.9)
695.1812(0.2, 1.8, 3.2)
695.6978(0.3, 1.8, 4.6)
696.2145(0.4, 1.8, 6.0)
696.7311(0.5, 1.8, 7.3)
697.2478(0.5, 1.8, 8.7)
22, 2
697.7645(0.0, 1.8, -0.8)
698.2811(0.1, 1.8, 0.6)
698.7978(0.2, 1.8, 1.9)
699.2979(0.2, 1.8, 3.2)
699.8145(0.3, 1.8, 4.6)
700.3311(0.4, 1.8, 6.0)
700.8312(0.5, 1.8, 7.3)
701.3478(0.5, 1.8, 8.6)
22, 3
701.8644(0.0, 1.8, -0.9)
702.381(0.1, 1.8, 0.5)
702.8977(0.2, 1.8, 1.8)
703.4144(0.2, 1.8, 3.2)
703.931(0.3, 1.8, 4.5)
704.4477(0.4, 1.8, 5.9)
704.9644(0.5, 1.8, 7.3)
705.481(0.5, 1.8, 8.6)
22, 4
705.9977(0.0, 1.8, -0.9)
706.5143(0.1, 1.8, 0.4)
707.031(0.2, 1.8, 1.8)
707.5477(0.2, 1.8, 3.2)
708.0643(0.3, 1.8, 4.5)
708.581(0.4, 1.8, 5.9)
709.0977(0.5, 1.8, 7.2)
709.6143(0.5, 1.8, 8.6)
22, 5
710.1309(0.0, 1.8, -0.9)
710.6476(0.1, 1.8, 0.4)
711.1642(0.2, 1.8, 1.8)
711.6809(0.2, 1.8, 3.1)
712.1976(0.3, 1.8, 4.5)
712.7142(0.4, 1.8, 5.9)
713.2309(0.5, 1.8, 7.2)
713.7476(0.5, 1.8, 8.6)
22, 6
714.4142(0.0, 1.8, -0.6)
714.9308(0.1, 1.8, 0.8)
715.4475(0.2, 1.8, 2.2)
715.9642(0.3, 1.8, 3.5)
716.4808(0.3, 1.8, 4.9)
716.9975(0.4, 1.8, 6.2)
717.5141(0.5, 1.8, 7.6)
718.0308(0.5, 1.8, 9.0)
23, 1
718.5474(0.1, 1.8, -0.5)
719.0641(0.1, 1.8, 0.8)
719.5807(0.2, 1.8, 2.2)
720.0974(0.3, 1.8, 3.6)
720.6141(0.3, 1.8, 4.9)
721.1307(0.4, 1.8, 6.3)
721.6474(0.5, 1.8, 7.6)
722.1641(0.6, 1.8, 9.0)
23, 2
722.6807(0.0, 1.8, -0.5)
723.1973(0.1, 1.8, 0.8)
723.6974(0.2, 1.8, 2.1)
724.214(0.3, 1.8, 3.5)
724.7307(0.3, 1.8, 4.9)
725.2473(0.4, 1.8, 6.2)
725.764(0.5, 1.8, 7.6)
726.2806(0.5, 1.8, 8.9)
23, 3
726.7973(0.0, 1.8, -0.6)
727.314(0.1, 1.8, 0.8)
727.8306(0.2, 1.8, 2.1)
728.3473(0.3, 1.8, 3.5)
728.8639(0.3, 1.8, 4.8)
729.364(0.4, 1.8, 5.4)
729.8806(0.4, 1.8, 5.4)
730.3972(0.4, 1.8, 5.4)
730.9139(0.4, 1.8, 5.4)
731.4306(0.4, 1.8, 5.4)
731.9472(0.4, 1.8, 5.4)
732.4639(0.4, 1.8, 5.4)
732.9805(0.4, 1.8, 5.4)
733.4972(0.4, 1.8, 5.4)
734.0139(0.4, 1.8, 5.4)
734.5305(0.4, 1.8, 5.5)
735.0472(0.4, 1.8, 6.8)
735.5638(0.5, 1.8, 8.1)
23, 4
736.0805(0.0, 1.2, -1.4)
736.5972(0.1, 1.8, 0.0)
737.1138(0.1, 1.8, 1.3)
737.6304(0.2, 1.8, 2.7)
738.1305(0.3, 1.8, 4.0)
738.6472(0.4, 1.8, 5.4)
739.1638(0.4, 1.8, 6.7)
739.6804(0.5, 1.8, 8.1)
23, 5
740.197(0.0, 0.8, -1.5)
740.6971(0.1, 1.8, -0.1)
741.2137(0.1, 1.8, 1.2)
741.7304(0.2, 1.8, 2.6)
742.2471(0.3, 1.8, 3.9)
742.7637(0.4, 1.8, 5.3)
743.2804(0.4, 1.8, 6.7)
743.7971(0.5, 1.8, 8.0)
744.3137(0.6, 1.8, 9.4)
23, 6
744.8304(0.1, 1.8, -0.2)
745.347(0.1, 1.8, 1.2)
745.8636(0.2, 1.8, 2.6)
746.3803(0.3, 1.8, 3.9)
746.897(0.4, 1.8, 5.3)
747.4136(0.4, 1.8, 6.7)
747.9303(0.5, 1.8, 8.0)
748.447(0.6, 1.8, 9.4)
24, 1
748.9636(0.1, 1.8, -0.2)
749.4803(0.1, 1.8, 1.2)
749.9969(0.2, 1.8, 2.6)
750.5136(0.3, 1.8, 3.9)
751.0303(0.4, 1.8, 5.3)
751.5469(0.4, 1.8, 6.6)
752.0636(0.5, 1.8, 8.0)
752.5803(0.6, 1.8, 9.4)
24, 2
753.0969(0.1, 1.8, -0.1)
753.6135(0.1, 1.8, 1.2)
754.1302(0.2, 1.8, 2.6)
754.6469(0.3, 1.8, 3.9)
755.1635(0.4, 1.8, 5.3)
755.6802(0.4, 1.8, 6.7)
756.1968(0.5, 1.8, 8.0)
756.7135(0.6, 1.8, 9.4)
24, 3
757.2302(0.1, 1.8, -0.2)
757.7468(0.1, 1.8, 1.2)
758.2635(0.2, 1.8, 2.6)
758.7801(0.7, 1.8, 3.6)
759.2968(0.7, 1.8, 4.9)
759.7968(0.7, 1.8, 6.2)
760.3135(0.0, 1.8, 7.3)
760.8301(0.0, 1.8, 8.7)
24, 4
761.3467(0.4, 1.8, -1.0)
761.8634(0.7, 1.8, 0.2)
762.3801(0.7, 1.8, 1.6)
762.8967(0.7, 1.8, 3.0)
763.3986(0.7, 1.8, 4.3)
763.9147(0.7, 1.8, 5.7)
764.4309(0.7, 1.8, 7.0)
764.947(0.7, 1.8, 8.4)
24, 5
765.4634(0.0, 1.8, -1.2)
765.98(0.1, 1.8, 0.2)
766.4967(0.2, 1.8, 1.5)
767.0133(0.2, 1.8, 2.9)
767.5134(0.3, 1.8, 4.2)
768.03(0.4, 1.8, 5.6)
768.5466(0.4, 1.8, 7.0)
769.0466(0.5, 1.8, 8.3)
24, 6
769.7299(0.0, 1.8, -0.8)
770.2466(0.1, 1.8, 0.6)
770.7632(0.2, 1.8, 1.9)
771.2799(0.3, 1.8, 3.3)
771.78(0.3, 1.8, 4.6)
772.2966(0.4, 1.8, 6.0)
772.8133(0.5, 1.8, 7.3)
773.33(0.5, 1.8, 8.7)
25, 1
773.8466(0.0, 1.8, -0.8)
774.3633(0.1, 1.8, 0.6)
774.8799(0.2, 1.8, 1.9)
775.3965(0.3, 1.8, 3.3)
775.9132(0.3, 1.8, 4.7)
776.4299(0.4, 1.8, 6.0)
776.9465(0.5, 1.8, 7.4)
777.4632(0.5, 1.8, 8.7)
25, 2
777.9799(0.0, 1.8, -0.8)
778.4965(0.1, 1.8, 0.5)
779.0132(0.2, 1.8, 1.9)
779.5298(0.3, 1.8, 3.3)
780.0465(0.3, 1.8, 4.6)
780.5632(0.4, 1.8, 6.0)
781.0798(0.5, 1.8, 7.4)
781.5965(0.5, 1.8, 8.7)
25, 3
782.1131(0.0, 1.8, -0.8)
782.6298(0.1, 1.8, 0.5)
783.1464(0.2, 1.8, 1.9)
783.6631(0.2, 1.8, 3.3)
784.1797(0.2, 1.8, 4.6)
784.6964(0.3, 1.8, 6.0)
785.2131(0.4, 1.8, 7.3)
785.7297(0.5, 1.8, 8.7)
25, 4
786.2464(0.0, 1.8, -0.8)
786.7631(0.1, 1.8, 0.6)
787.2797(0.2, 1.8, 1.9)
787.7964(0.3, 1.8, 3.3)
788.313(0.3, 1.8, 4.7)
788.813(0.4, 1.8, 6.0)
789.3297(0.5, 1.8, 7.3)
789.8463(0.5, 1.8, 8.7)
25, 5
790.363(0.0, 1.8, -0.9)
790.8796(0.1, 1.8, 0.5)
791.3963(0.2, 1.8, 1.9)
791.913(0.2, 1.8, 3.2)
792.4296(0.3, 1.8, 4.6)
792.9463(0.4, 1.8, 6.0)
793.463(0.5, 1.8, 7.3)
793.9796(0.5, 1.8, 8.7)
25, 6
794.613(0.0, 1.8, -0.6)
795.1296(0.1, 1.8, 0.8)
795.6462(0.2, 1.8, 2.2)
796.1629(0.3, 1.8, 3.5)
796.6795(0.3, 1.8, 4.9)
797.1962(0.4, 1.8, 6.2)
797.7129(0.5, 1.8, 7.6)
798.2295(0.5, 1.8, 9.0)
26, 1
798.7462(0.1, 1.8, -0.5)
799.2628(0.1, 1.8, 0.8)
799.7795(0.2, 1.8, 2.2)
800.2961(0.3, 1.8, 3.6)
800.8128(0.3, 1.8, 4.9)
801.3295(0.4, 1.8, 6.3)
801.8461(0.5, 1.8, 7.6)
802.3628(0.6, 1.8, 9.0)
26, 2
802.8795(0.0, 1.8, -0.6)
803.3961(0.1, 1.8, 0.8)
803.9128(0.2, 1.8, 2.2)
804.4294(0.3, 1.8, 3.5)
804.946(0.3, 1.8, 4.9)
805.4461(0.4, 1.8, 6.2)
805.9627(0.5, 1.8, 7.6)
806.4794(0.5, 1.8, 8.9)
26, 3
806.996(0.0, 1.8, -0.6)
807.5127(0.1, 1.8, 0.7)
808.0294(0.2, 1.8, 2.1)
808.546(0.3, 1.8, 3.5)
809.0627(0.3, 1.8, 4.8)
809.5793(0.4, 1.8, 6.2)
810.096(0.5, 1.8, 7.6)
810.6126(0.5, 1.8, 8.9)
26, 4
811.1127(0.0, 1.8, -0.6)
811.6293(0.1, 1.8, 0.7)
812.1459(0.2, 1.8, 2.1)
812.6626(0.3, 1.8, 3.5)
813.1793(0.3, 1.8, 4.8)
813.6959(0.4, 1.8, 6.2)
814.2126(0.5, 1.8, 7.5)
814.7292(0.5, 1.8, 8.9)
26, 5
815.2459(0.0, 1.8, -0.6)
815.7626(0.1, 1.8, 0.7)
816.2792(0.2, 1.8, 2.1)
816.7959(0.3, 1.8, 3.4)
817.3126(0.3, 1.8, 4.8)
817.8292(0.4, 1.8, 6.2)
818.3459(0.5, 1.8, 7.5)
818.8625(0.5, 1.8, 8.9)
26, 6
819.4125(0.0, 1.8, -0.6)
819.9291(0.1, 1.8, 0.8)
820.4459(0.2, 1.8, 2.2)
820.9625(0.3, 1.8, 3.5)
821.4791(0.3, 1.8, 4.9)
821.9958(0.4, 1.8, 6.2)
822.5125(0.5, 1.8, 7.6)
823.0291(0.5, 1.8, 9.0)
27, 1
823.5458(0.1, 1.8, -0.5)
824.0624(0.1, 1.8, 0.8)
824.5791(0.2, 1.8, 2.2)
825.0958(0.3, 1.8, 3.6)
825.6124(0.3, 1.8, 4.9)
826.129(0.4, 1.8, 6.3)
826.6457(0.5, 1.8, 7.6)
827.1624(0.6, 1.8, 9.0)
27, 2
827.679(0.0, 1.8, -0.6)
828.1957(0.1, 1.8, 0.8)
828.7123(0.2, 1.8, 2.2)
829.2291(0.3, 1.8, 3.5)
829.7457(0.3, 1.8, 4.9)
830.2623(0.4, 1.8, 6.3)
830.779(0.5, 1.8, 7.6)
831.2957(0.5, 1.8, 9.0)
27, 3
831.8123(0.0, 1.8, -0.6)
832.329(0.1, 1.8, 0.8)
832.8456(0.2, 1.8, 2.2)
833.3456(0.3, 1.8, 3.5)
833.8623(0.3, 1.8, 4.8)
834.3789(0.4, 1.8, 6.2)
834.879(0.5, 1.8, 7.5)
835.3956(0.5, 1.8, 8.9)
27, 4
835.9122(0.0, 1.8, -0.6)
836.429(0.1, 1.8, 0.7)
836.9456(0.2, 1.8, 2.1)
837.4622(0.3, 1.8, 3.5)
837.9789(0.3, 1.8, 4.8)
838.4955(0.4, 1.8, 6.2)
839.0122(0.5, 1.8, 7.5)
839.5289(0.5, 1.8, 8.9)
27, 5
840.0455(0.0, 1.8, -0.6)
840.5621(0.1, 1.8, 0.7)
841.0789(0.2, 1.8, 2.1)
841.5955(0.3, 1.8, 3.4)
842.1121(0.3, 1.8, 4.8)
842.6288(0.4, 1.8, 6.2)
843.1455(0.5, 1.8, 7.5)
843.6622(0.5, 1.8, 8.9)
27, 6
844.1788(0.0, 1.8, -0.7)
844.6954(0.1, 1.8, 0.7)
845.2121(0.2, 1.8, 1.4)
845.7288(0.2, 1.8, 1.4)
846.2454(0.2, 1.8, 1.4)
846.7621(0.2, 1.8, 1.4)
847.2787(0.2, 1.8, 1.4)
847.7954(0.2, 1.8, 1.4)
848.3121(0.2, 1.8, 1.4)
848.8287(0.2, 1.8, 1.4)
849.3454(0.2, 1.8, 1.4)
849.8621(0.2, 1.8, 1.4)
850.3787(0.2, 1.8, 1.4)
850.8954(0.2, 1.8, 1.4)
851.412(0.2, 1.8, 1.4)
851.9286(0.2, 1.8, 1.4)
852.4453(0.2, 1.8, 1.4)
852.962(0.2, 1.8, 1.4)
853.4786(0.2, 1.8, 1.4)
853.9953(0.2, 1.8, 1.4)
854.512(0.2, 1.8, 1.4)
855.0286(0.2, 1.8, 1.4)
855.5453(0.2, 1.8, 1.4)
856.062(0.2, 1.8, 1.4)
856.5786(0.2, 1.8, 1.4)
857.0953(0.2, 1.8, 1.4)
857.6119(0.2, 1.8, 1.4)
858.1286(0.2, 1.8, 1.4)
858.6453(0.2, 1.8, 1.4)
859.1619(0.2, 1.8, 1.4)
859.6786(0.2, 1.8, 1.4)
860.1952(0.2, 1.8, 1.4)
860.7119(0.2, 1.8, 1.4)
861.2285(0.2, 1.8, 1.4)
861.7452(0.2, 1.8, 1.4)
862.2618(0.2, 1.8, 1.4)
862.7785(0.2, 1.8, 1.4)
863.2952(0.2, 1.8, 1.4)
863.8118(0.2, 1.8, 1.4)
864.3118(0.2, 1.8, 1.4)
864.8284(0.2, 1.8, 1.4)
865.3451(0.2, 1.8, 1.4)
865.8618(0.2, 1.8, 1.4)
866.3785(0.2, 1.8, 1.4)
866.8951(0.2, 1.8, 1.4)
867.4117(0.2, 1.8, 1.4)
867.9284(0.2, 1.8, 1.4)
868.4451(0.2, 1.8, 1.4)
868.9617(0.2, 1.8, 1.4)
869.4784(0.2, 1.8, 1.4)
869.9951(0.2, 1.8, 1.4)
870.5117(0.2, 1.8, 1.4)
871.0284(0.2, 1.8, 1.4)
871.545(0.2, 1.8, 1.4)
872.0617(0.2, 1.8, 1.4)
872.5784(0.2, 1.8, 1.4)
873.095(0.2, 1.8, 1.4)
873.6116(0.2, 1.8, 1.4)
874.1282(0.2, 1.8, 1.4)
874.6449(0.2, 1.8, 1.4)
875.1616(0.2, 1.8, 1.4)
875.6782(0.2, 1.8, 1.4)
876.1949(0.2, 1.8, 1.4)
876.6949(0.2, 1.8, 1.4)
877.2116(0.2, 1.8, 1.4)
877.7283(0.2, 1.8, 1.4)
878.2449(0.2, 1.8, 1.4)
878.7616(0.2, 1.8, 1.4)
879.2783(0.2, 1.8, 1.4)
879.7949(0.2, 1.8, 1.4)
880.3116(0.2, 1.8, 1.4)
880.8282(0.2, 1.8, 1.4)
881.3449(0.2, 1.8, 1.4)
881.8615(0.2, 1.8, 1.4)
882.3782(0.2, 1.8, 1.4)
882.8948(0.2, 1.8, 1.4)
883.4115(0.2, 1.8, 1.4)
883.9282(0.2, 1.8, 1.4)
884.4448(0.2, 1.8, 1.4)
884.9615(0.2, 1.8, 1.4)
885.4781(0.2, 1.8, 1.4)
885.9948(0.2, 1.8, 1.4)
886.5115(0.2, 1.8, 1.4)
887.0281(0.2, 1.8, 1.4)
887.5448(0.2, 1.8, 1.4)
888.0615(0.2, 1.8, 1.4)
888.5781(0.2, 1.8, 1.4)
889.0781(0.2, 1.8, 1.4)
889.5947(0.2, 1.8, 1.4)
890.1114(0.2, 1.8, 1.4)
890.6281(0.2, 1.8, 1.4)
891.1447(0.2, 1.8, 1.4)
891.6614(0.2, 1.8, 1.4)
892.178(0.2, 1.8, 1.4)
892.6947(0.2, 1.8, 1.4)
893.2113(0.2, 1.8, 1.4)
893.728(0.2, 1.8, 1.4)
894.2447(0.2, 1.8, 1.4)
894.7614(0.2, 1.8, 1.4)
895.278(0.2, 1.8, 1.4)
895.7946(0.2, 1.8, 1.4)
896.3113(0.2, 1.8, 1.4)
896.8279(0.2, 1.8, 1.4)
897.3446(0.2, 1.8, 1.4)
897.8613(0.2, 1.8, 1.4)
898.3779(0.2, 1.8, 1.4)
898.8946(0.2, 1.8, 1.4)
899.4113(0.2, 1.8, 1.4)
899.9279(0.2, 1.8, 1.4)
900.4446(0.2, 1.8, 1.4)
900.9612(0.2, 1.8, 1.4)
901.4779(0.2, 1.8, 1.4)
901.9945(0.2, 1.8, 1.4)
902.5112(0.2, 1.8, 1.4)
903.0279(0.2, 1.8, 1.4)
903.5446(0.2, 1.8, 1.4)
904.0612(0.2, 1.8, 1.4)
904.5778(0.2, 1.8, 1.4)
905.0945(0.2, 1.8, 1.4)
905.6111(0.2, 1.8, 1.4)
906.1111(0.2, 1.8, 1.4)
906.6112(0.2, 1.8, 1.4)
907.1279(0.2, 1.8, 1.4)
907.6445(0.2, 1.8, 1.4)
908.1611(0.2, 1.8, 1.4)
908.6778(0.2, 1.8, 1.4)
909.1945(0.2, 1.8, 1.4)
909.7111(0.2, 1.8, 1.4)
910.2278(0.2, 1.8, 1.4)
910.7444(0.2, 1.8, 1.4)
911.2611(0.2, 1.8, 1.4)
911.7778(0.2, 1.8, 1.4)
912.2944(0.2, 1.8, 1.4)
912.8111(0.2, 1.8, 1.4)
913.3277(0.2, 1.8, 1.4)
913.8278(0.2, 1.8, 1.4)
914.3444(0.2, 1.8, 1.4)
914.8611(0.2, 1.8, 1.4)
915.3777(0.2, 1.8, 1.4)
915.8943(0.2, 1.8, 1.4)
916.411(0.2, 1.8, 1.4)
916.9277(0.2, 1.8, 1.4)
917.4443(0.2, 1.8, 1.4)
917.961(0.2, 1.8, 1.4)
918.4777(0.2, 1.8, 1.4)
918.9943(0.2, 1.8, 1.4)
919.511(0.2, 1.8, 1.4)
920.0276(0.2, 1.8, 1.4)
920.5443(0.2, 1.8, 1.4)
921.061(0.2, 1.8, 1.4)
921.5776(0.2, 1.8, 1.4)
922.0943(0.2, 1.8, 1.4)
922.6109(0.2, 1.8, 1.4)
923.1276(0.2, 1.8, 1.4)
923.6442(0.2, 1.8, 1.4)
924.1609(0.2, 1.8, 1.4)
924.6776(0.2, 1.8, 1.4)
925.1942(0.2, 1.8, 1.4)
925.7109(0.2, 1.8, 1.4)
926.2275(0.2, 1.8, 1.4)
926.7442(0.2, 1.8, 1.4)
927.2609(0.2, 1.8, 1.4)
927.7775(0.2, 1.8, 1.4)
928.2942(0.2, 1.8, 1.4)
928.8109(0.2, 1.8, 1.4)
929.3275(0.2, 1.8, 1.4)
929.8275(0.2, 1.8, 1.4)
930.3441(0.2, 1.8, 1.4)
930.8608(0.2, 1.8, 1.4)
931.3774(0.2, 1.8, 1.4)
931.8895(0.2, 1.8, 1.4)
932.4057(0.2, 1.8, 1.4)
932.9218(0.2, 1.8, 1.4)
933.4274(0.2, 1.8, 1.4)
933.9441(0.2, 1.8, 1.4)
934.4608(0.2, 1.8, 1.4)
934.9774(0.2, 1.8, 1.4)
935.4941(0.2, 1.8, 1.4)
936.0107(0.2, 1.8, 1.4)
936.5273(0.2, 1.8, 1.4)
937.044(0.2, 1.8, 1.4)
937.5607(0.2, 1.8, 1.4)
938.0773(0.2, 1.8, 1.4)
938.594(0.2, 1.8, 1.4)
939.1107(0.2, 1.8, 1.4)
939.6273(0.2, 1.8, 1.4)
940.144(0.2, 1.8, 1.4)
940.6606(0.2, 1.8, 1.4)
941.1773(0.2, 1.8, 1.4)
941.694(0.2, 1.8, 1.4)
942.2106(0.2, 1.8, 1.4)
942.7273(0.2, 1.8, 1.4)
943.244(0.2, 1.8, 1.4)
943.7606(0.2, 1.8, 1.4)
944.2606(0.2, 1.8, 1.4)
944.7772(0.2, 1.8, 1.4)
945.2939(0.2, 1.8, 1.4)
945.8105(0.2, 1.8, 1.4)
946.3272(0.2, 1.8, 1.4)
946.8439(0.2, 1.8, 1.4)
947.3605(0.2, 1.8, 1.4)
947.8772(0.2, 1.8, 1.4)
948.3939(0.2, 1.8, 1.4)
948.9105(0.2, 1.8, 1.4)
949.4105(0.2, 1.8, 1.4)
949.9272(0.2, 1.8, 1.4)
950.4438(0.2, 1.8, 1.4)
950.9605(0.2, 1.8, 1.4)
951.4771(0.2, 1.8, 1.4)
951.9938(0.2, 1.8, 1.4)
952.5104(0.2, 1.8, 1.4)
953.0271(0.2, 1.8, 1.4)
953.5438(0.2, 1.8, 1.4)
954.0604(0.2, 1.8, 1.4)
954.5771(0.2, 1.8, 1.4)
955.0938(0.2, 1.8, 1.4)
955.6104(0.2, 1.8, 1.4)
956.1271(0.2, 1.8, 1.4)
956.6437(0.2, 1.8, 1.4)
957.1604(0.2, 1.8, 1.4)
957.6771(0.2, 1.8, 1.4)
958.1937(0.2, 1.8, 1.4)
958.7104(0.2, 1.8, 1.4)
959.2271(0.2, 1.8, 1.4)
959.7437(0.2, 1.8, 1.4)
960.2603(0.2, 1.8, 1.4)
960.777(0.2, 1.8, 1.4)
961.2936(0.2, 1.8, 1.4)
961.8103(0.2, 1.8, 1.4)
962.327(0.2, 1.8, 1.4)
962.8436(0.2, 1.8, 1.4)
963.3603(0.2, 1.8, 1.4)
963.877(0.2, 1.8, 1.4)
964.3936(0.2, 1.8, 1.4)
964.9103(0.2, 1.8, 1.4)
965.4269(0.2, 1.8, 1.4)
965.9436(0.2, 1.8, 1.4)
966.4602(0.2, 1.8, 1.4)
966.9603(0.2, 1.8, 1.4)
967.4769(0.2, 1.8, 1.4)
967.9935(0.2, 1.8, 1.4)
968.5102(0.2, 1.8, 1.4)
969.0269(0.2, 1.8, 1.4)
969.5435(0.2, 1.8, 1.4)
970.0602(0.2, 1.8, 1.4)
970.5768(0.2, 1.8, 1.4)
971.0935(0.2, 1.8, 1.4)
971.6102(0.2, 1.8, 1.4)
972.1268(0.2, 1.8, 1.4)
972.6435(0.2, 1.8, 1.4)
973.1602(0.2, 1.8, 1.4)
973.6768(0.2, 1.8, 1.4)
974.1935(0.2, 1.8, 1.4)
974.7101(0.2, 1.8, 1.4)
975.2268(0.2, 1.8, 1.4)
975.7434(0.2, 1.8, 1.4)
976.2601(0.2, 1.8, 1.4)
976.7767(0.2, 1.8, 1.4)
977.2934(0.2, 1.8, 1.4)
977.8101(0.2, 1.8, 1.4)
978.3267(0.2, 1.8, 1.4)
978.8434(0.2, 1.8, 1.4)
979.36(0.2, 1.8, 1.4)
979.8767(0.2, 1.8, 1.4)
980.3934(0.2, 1.8, 1.4)
980.91(0.2, 1.8, 1.4)
981.4267(0.2, 1.8, 1.4)
981.9434(0.2, 1.8, 1.4)
982.46(0.2, 1.8, 1.4)
982.9767(0.2, 1.8, 1.4)
983.4933(0.2, 1.8, 1.4)
983.9933(0.2, 1.8, 1.4)
984.5099(0.2, 1.8, 1.4)
985.0266(0.2, 1.8, 1.4)
985.5433(0.2, 1.8, 1.4)
986.0599(0.2, 1.8, 1.4)
986.5766(0.2, 1.8, 1.4)
987.0933(0.2, 1.8, 1.4)
987.6099(0.2, 1.8, 1.4)
988.1266(0.2, 1.8, 1.4)
988.6432(0.2, 1.8, 1.4)
989.1599(0.2, 1.8, 1.4)
989.6766(0.2, 1.8, 1.4)
990.1932(0.2, 1.8, 1.4)
990.7098(0.2, 1.8, 1.4)
991.2266(0.2, 1.8, 1.4)
991.7432(0.2, 1.8, 1.4)
992.2598(0.2, 1.8, 1.4)
992.7765(0.2, 1.8, 1.4)
993.2932(0.2, 1.8, 1.4)
993.8098(0.2, 1.8, 1.4)
994.3265(0.2, 1.8, 1.4)
994.8431(0.2, 1.8, 1.4)
995.3598(0.2, 1.8, 1.4)
995.8765(0.2, 1.8, 1.4)
996.3931(0.2, 1.8, 1.4)
996.9098(0.2, 1.8, 1.4)
997.4265(0.2, 1.8, 1.4)
997.9431(0.2, 1.8, 1.4)
998.4597(0.2, 1.8, 1.4)
998.9764(0.2, 1.8, 1.4)
999.493(0.2, 1.8, 1.4)
1000.01(0.2, 1.8, 1.4)
1000.526(0.2, 1.8, 1.4)
1001.043(0.2, 1.8, 1.4)
1001.56(0.2, 1.8, 1.4)
1002.076(0.2, 1.8, 1.4)
1002.593(0.2, 1.8, 1.4)
1003.11(0.2, 1.8, 1.4)
1003.626(0.2, 1.8, 1.4)
1004.143(0.2, 1.8, 1.4)
1004.66(0.2, 1.8, 1.4)
1005.176(0.2, 1.8, 1.4)
1005.693(0.2, 1.8, 1.4)
1006.21(0.2, 1.8, 1.4)
1006.726(0.2, 1.8, 1.4)
1007.243(0.2, 1.8, 1.4)
1007.76(0.2, 1.8, 1.4)
1008.276(0.2, 1.8, 1.4)
1008.793(0.2, 1.8, 1.4)
1009.31(0.2, 1.8, 1.4)
1009.826(0.2, 1.8, 1.4)
1010.343(0.2, 1.8, 1.4)
1010.86(0.2, 1.8, 1.4)
1011.376(0.2, 1.8, 1.4)
1011.893(0.2, 1.8, 1.4)
1012.393(0.2, 1.8, 1.4)
1012.909(0.2, 1.8, 1.4)
1013.426(0.2, 1.8, 1.4)
1013.943(0.2, 1.8, 1.4)
1014.459(0.2, 1.8, 1.4)
1014.976(0.2, 1.8, 1.4)
1015.493(0.2, 1.8, 1.4)
1016.009(0.2, 1.8, 1.4)
1016.526(0.2, 1.8, 1.4)
1017.043(0.2, 1.8, 1.4)
1017.559(0.2, 1.8, 1.4)
1018.076(0.2, 1.8, 1.4)
1018.593(0.2, 1.8, 1.4)
1019.109(0.2, 1.8, 1.4)
1019.626(0.2, 1.8, 1.4)
1020.143(0.2, 1.8, 1.4)
1020.659(0.2, 1.8, 1.4)
1021.176(0.2, 1.8, 1.4)
1021.693(0.2, 1.8, 1.4)
1022.209(0.2, 1.8, 1.4)
1022.726(0.2, 1.8, 1.4)
1023.243(0.2, 1.8, 1.4)
1023.759(0.2, 1.8, 1.4)
1024.276(0.2, 1.8, 1.4)
1024.793(0.2, 1.8, 1.4)
1025.309(0.2, 1.8, 1.4)
1025.826(0.2, 1.8, 1.4)
1026.343(0.2, 1.8, 1.4)
1026.859(0.2, 1.8, 1.4)
1027.376(0.2, 1.8, 1.4)
1027.893(0.2, 1.8, 1.4)
1028.409(0.2, 1.8, 1.4)
1028.926(0.2, 1.8, 1.4)
1029.443(0.2, 1.8, 1.4)
1029.959(0.2, 1.8, 1.4)
1030.476(0.2, 1.8, 1.4)
1030.993(0.2, 1.8, 1.4)
1031.509(0.2, 1.8, 1.4)
1032.026(0.2, 1.8, 1.4)
1032.542(0.2, 1.8, 1.4)
1033.059(0.2, 1.8, 1.4)
1033.576(0.2, 1.8, 1.4)
1034.093(0.2, 1.8, 1.4)
1034.609(0.2, 1.8, 1.4)
1035.126(0.2, 1.8, 1.4)
1035.642(0.2, 1.8, 1.4)
1036.159(0.2, 1.8, 1.4)
1036.676(0.2, 1.8, 1.4)
1037.193(0.2, 1.8, 1.4)
1037.709(0.2, 1.8, 1.4)
1038.226(0.2, 1.8, 1.4)
1038.726(0.2, 1.8, 1.4)
1039.242(0.2, 1.8, 1.4)
1039.759(0.2, 1.8, 1.4)
1040.276(0.2, 1.8, 1.4)
1040.792(0.2, 1.8, 1.4)
1041.309(0.2, 1.8, 1.4)
1041.826(0.2, 1.8, 1.4)
1042.342(0.2, 1.8, 1.4)
1042.859(0.2, 1.8, 1.4)
1043.376(0.2, 1.8, 1.4)
1043.876(0.2, 1.8, 1.4)
1044.392(0.2, 1.8, 1.4)
1044.909(0.2, 1.8, 1.4)
1045.426(0.2, 1.8, 1.4)
1045.942(0.2, 1.8, 1.4)
1046.459(0.2, 1.8, 1.4)
1046.976(0.2, 1.8, 1.4)
1047.492(0.2, 1.8, 1.4)
1048.009(0.2, 1.8, 1.4)
1048.526(0.2, 1.8, 1.4)
1049.042(0.2, 1.8, 1.4)
1049.559(0.2, 1.8, 1.4)
1050.076(0.2, 1.8, 1.4)
1050.592(0.2, 1.8, 1.4)
1051.109(0.2, 1.8, 1.4)
1051.625(0.2, 1.8, 1.4)
1052.126(0.2, 1.8, 1.4)
1052.642(0.2, 1.8, 1.4)
1053.159(0.2, 1.8, 1.4)
1053.676(0.2, 1.8, 1.4)
1054.192(0.2, 1.8, 1.4)
1054.709(0.2, 1.8, 1.4)
1055.225(0.2, 1.8, 1.4)
1055.742(0.2, 1.8, 1.4)
1056.259(0.2, 1.8, 1.4)
1056.776(0.2, 1.8, 1.4)
1057.292(0.2, 1.8, 1.4)
1057.809(0.2, 1.8, 1.4)
1058.325(0.2, 1.8, 1.4)
1058.842(0.2, 1.8, 1.4)
1059.359(0.2, 1.8, 1.4)
1059.875(0.2, 1.8, 1.4)
1060.392(0.2, 1.8, 1.4)
1060.909(0.2, 1.8, 1.4)
1061.425(0.2, 1.8, 1.4)
1061.942(0.2, 1.8, 1.4)
1062.459(0.2, 1.8, 1.4)
1062.975(0.2, 1.8, 1.4)
1063.492(0.2, 1.8, 1.4)
1064.009(0.2, 1.8, 1.4)
1064.525(0.2, 1.8, 1.4)
1065.042(0.2, 1.8, 1.4)
1065.559(0.2, 1.8, 1.4)
1066.075(0.2, 1.8, 1.4)
1066.592(0.2, 1.8, 1.4)
1067.109(0.2, 1.8, 1.4)
1067.625(0.2, 1.8, 1.4)
1068.142(0.2, 1.8, 1.4)
1068.659(0.2, 1.8, 1.4)
1069.175(0.2, 1.8, 1.4)
1069.692(0.2, 1.8, 1.4)
1070.209(0.2, 1.8, 1.4)
1070.725(0.2, 1.8, 1.4)
1071.242(0.2, 1.8, 1.4)
1071.759(0.2, 1.8, 1.4)
1072.275(0.2, 1.8, 1.4)
1072.792(0.2, 1.8, 1.4)
1073.309(0.2, 1.8, 1.4)
1073.825(0.2, 1.8, 1.4)
1074.342(0.2, 1.8, 1.4)
1074.859(0.2, 1.8, 1.4)
1075.375(0.2, 1.8, 1.4)
1075.892(0.2, 1.8, 1.4)
1076.408(0.2, 1.8, 1.4)
1076.925(0.2, 1.8, 1.4)
1077.442(0.2, 1.8, 1.4)
1077.958(0.2, 1.8, 1.4)
1078.475(0.2, 1.8, 1.4)
1078.992(0.2, 1.8, 1.4)
1079.508(0.2, 1.8, 1.4)
1080.025(0.2, 1.8, 1.4)
1080.542(0.2, 1.8, 1.4)
1081.058(0.2, 1.8, 1.4)
1081.575(0.2, 1.8, 1.4)
1082.092(0.2, 1.8, 1.4)
1082.608(0.2, 1.8, 1.4)
1083.125(0.2, 1.8, 1.4)
1083.642(0.2, 1.8, 1.4)
1084.158(0.2, 1.8, 1.4)
1084.675(0.2, 1.8, 1.4)
1085.192(0.2, 1.8, 1.4)
1085.708(0.2, 1.8, 1.4)
1086.225(0.2, 1.8, 1.4)
1086.742(0.2, 1.8, 1.4)
1087.258(0.2, 1.8, 1.4)
1087.775(0.2, 1.8, 1.4)
1088.292(0.2, 1.8, 1.4)
1088.808(0.2, 1.8, 1.4)
1089.325(0.2, 1.8, 1.4)
1089.842(0.2, 1.8, 1.4)
1090.358(0.2, 1.8, 1.4)
1090.875(0.2, 1.8, 1.4)
1091.375(0.2, 1.8, 1.4)
1091.892(0.2, 1.8, 1.4)
1092.408(0.2, 1.8, 1.4)
1092.925(0.2, 1.8, 1.4)
1093.442(0.2, 1.8, 1.4)
1093.958(0.2, 1.8, 1.4)
1094.475(0.2, 1.8, 1.4)
1094.992(0.2, 1.8, 1.4)
1095.508(0.2, 1.8, 1.4)
1096.025(0.2, 1.8, 1.4)
1096.542(0.2, 1.8, 1.4)
1097.058(0.2, 1.8, 1.4)
1097.558(0.2, 1.8, 1.4)
1098.075(0.2, 1.8, 1.4)
1098.591(0.2, 1.8, 1.4)
1099.108(0.2, 1.8, 1.4)
1099.625(0.2, 1.8, 1.4)
1100.141(0.2, 1.8, 1.4)
1100.658(0.2, 1.8, 1.4)
1101.175(0.2, 1.8, 1.4)
1101.675(0.2, 1.8, 1.4)
1102.191(0.2, 1.8, 1.4)
1102.708(0.2, 1.8, 1.4)
1103.225(0.2, 1.8, 1.4)
1103.741(0.2, 1.8, 1.4)
1104.258(0.2, 1.8, 1.4)
1104.775(0.2, 1.8, 1.4)
1105.291(0.2, 1.8, 1.4)
1105.808(0.2, 1.8, 1.4)
1106.325(0.2, 1.8, 1.4)
1106.841(0.2, 1.8, 1.4)
1107.358(0.2, 1.8, 1.4)
1107.875(0.2, 1.8, 1.4)
1108.391(0.2, 1.8, 1.4)
1108.908(0.2, 1.8, 1.4)
1109.425(0.2, 1.8, 1.4)
1109.941(0.2, 1.8, 1.4)
1110.458(0.2, 1.8, 1.4)
1110.975(0.2, 1.8, 1.4)
1111.491(0.2, 1.8, 1.4)
1112.008(0.2, 1.8, 1.4)
1112.525(0.2, 1.8, 1.4)
1113.041(0.2, 1.8, 1.4)
1113.558(0.2, 1.8, 1.4)
1114.075(0.2, 1.8, 1.4)
1114.591(0.2, 1.8, 1.4)
1115.108(0.2, 1.8, 1.4)
1115.625(0.2, 1.8, 1.4)
1116.141(0.2, 1.8, 1.4)
1116.658(0.2, 1.8, 1.4)
1117.175(0.2, 1.8, 1.4)
1117.691(0.2, 1.8, 1.4)
1118.208(0.2, 1.8, 1.4)
1118.724(0.2, 1.8, 1.4)
1119.241(0.2, 1.8, 1.4)
1119.741(0.2, 1.8, 1.4)
1120.258(0.2, 1.8, 1.4)
1120.774(0.2, 1.8, 1.4)
1121.291(0.2, 1.8, 1.4)
1121.808(0.2, 1.8, 1.4)
1122.324(0.2, 1.8, 1.4)
1122.841(0.2, 1.8, 1.4)
1123.358(0.2, 1.8, 1.4)
1123.874(0.2, 1.8, 1.4)
1124.391(0.2, 1.8, 1.4)
1124.908(0.2, 1.8, 1.4)
1125.424(0.2, 1.8, 1.4)
1125.941(0.2, 1.8, 1.4)
1126.458(0.2, 1.8, 1.4)
1126.958(0.2, 1.8, 1.4)
1127.474(0.2, 1.8, 1.4)
1127.991(0.2, 1.8, 1.4)
1128.508(0.2, 1.8, 1.4)
1129.024(0.2, 1.8, 1.4)
1129.541(0.2, 1.8, 1.4)
1130.058(0.2, 1.8, 1.4)
1130.574(0.2, 1.8, 1.4)
1131.091(0.2, 1.8, 1.4)
1131.608(0.2, 1.8, 1.4)
1132.124(0.2, 1.8, 1.4)
1132.641(0.2, 1.8, 1.4)
1133.158(0.2, 1.8, 1.4)
1133.674(0.2, 1.8, 1.4)
1134.191(0.2, 1.8, 1.4)
1134.708(0.2, 1.8, 1.4)
1135.224(0.2, 1.8, 1.4)
1135.741(0.2, 1.8, 1.4)
1136.258(0.2, 1.8, 1.4)
1136.774(0.2, 1.8, 1.4)
1137.291(0.2, 1.8, 1.4)
1137.807(0.2, 1.8, 1.4)
1138.324(0.2, 1.8, 1.4)
1138.841(0.2, 1.8, 1.4)
1139.358(0.2, 1.8, 1.4)
1139.874(0.2, 1.8, 1.4)
1140.391(0.2, 1.8, 1.4)
1140.907(0.2, 1.8, 1.4)
1141.424(0.2, 1.8, 1.4)
1141.941(0.2, 1.8, 1.4)
1142.458(0.2, 1.8, 1.4)
1142.974(0.2, 1.8, 1.4)
1143.491(0.2, 1.8, 1.4)
1144(0.2, 1.8, 1.4)
1144.516(0.2, 1.8, 1.4)
1145.032(0.2, 1.8, 1.4)
1145.536(0.2, 1.8, 1.4)
1146.052(0.2, 1.8, 1.4)
1146.568(0.2, 1.8, 1.4)
1147.084(0.2, 1.8, 1.4)
1147.6(0.2, 1.8, 1.4)
1148.116(0.2, 1.8, 1.4)
1148.624(0.2, 1.8, 1.4)
1149.141(0.2, 1.8, 1.4)
1149.657(0.2, 1.8, 1.4)
1150.174(0.2, 1.8, 1.4)
1150.691(0.2, 1.8, 1.4)
