213.804(0.0, 0.0, 0.0)
214.3073(0.0, 6.3, 0.0)
214.8239(0.0, 4.8, 0.0)
215.3405(0.0, 6.3, 0.0)
215.8405(0.0, 10.5, 0.0)
216.3405(0.0, 10.5, 0.0)
216.8571(0.0, 10.5, 0.0)
217.3572(0.0, 10.5, 0.0)
217.8739(0.0, 10.5, 0.0)
218.3905(0.0, 10.5, 0.0)
218.8905(0.0, 10.5, 0.0)
219.4072(0.0, 10.5, 0.0)
219.9238(0.0, 10.5, 0.0)
220.4405(0.0, 10.5, 0.0)
220.9571(0.0, 10.5, 0.0)
221.4737(0.0, 10.5, 0.0)
221.9738(0.0, 10.5, 0.0)
222.4904(0.0, 10.5, 0.0)
222.9904(0.0, 10.5, 0.0)
223.507(0.0, 10.5, 0.0)
224.0071(0.0, 10.5, 0.0)
224.5237(0.0, 10.5, 0.0)
225.0404(0.0, 10.5, 0.0)
225.5571(0.0, 10.5, 0.0)
226.0571(0.0, 10.5, 0.0)
226.5737(0.0, 10.5, 0.0)
227.0903(0.0, 10.5, 0.0)
227.5903(0.0, 10.5, 0.0)
228.1069(0.0, 10.5, 0.0)
228.607(0.0, 10.5, 0.0)
229.1236(0.0, 10.5, 0.0)
229.6403(0.0, 10.5, 0.0)
230.157(0.0, 10.5, 0.0)
230.6736(0.0, 25.5, 0.0)
231.1903(0.0, 25.5, 0.0)
231.7069(0.0, 25.5, 0.0)
232.2235(0.0, 25.5, 0.0)
232.7402(0.0, 348.1, 0.0)
233.2568(0.0, 29.0, 0.0)
233.7569(0.0, 356.3, 0.0)
234.2735(0.0, 357.7, 0.0)
234.7902(0.0, 358.3, 0.0)
235.3068(0.0, 358.3, 0.0)
235.8068(0.0, 358.3, 0.0)
236.3235(0.0, 358.3, 0.0)
236.8401(0.0, 358.3, 0.0)
237.3402(0.0, 358.3, 0.0)
237.8569(0.0, 358.3, 0.0)
238.3735(0.0, 349.4, 0.0)
238.8901(0.0, 152.1, 0.0)
239.3902(0.0, 195.9, 0.0)
239.9067(0.0, 229.6, 0.0)
240.4235(0.0, 297.2, 0.0)
240.9401(0.0, 89.3, 0.0)
241.4567(0.0, 42.4, 0.0)
0, 1
241.9735(0.0, 345.9, 0.0)
242.4901(0.0, 346.3, 0.0)
243.0067(0.0, 346.3, 0.0)
243.5068(0.0, 346.3, 0.0)
244.0234(0.0, 346.3, 0.0)
244.5234(0.0, 346.3, 0.0)
245.0401(0.0, 346.3, 0.0)
245.5567(0.0, 346.3, 0.0)
246.0734(0.0, 346.3, 0.0)
246.59(0.0, 346.3, 0.0)
247.1067(0.0, 346.3, 0.0)
247.6233(0.0, 346.3, 0.0)
248.14(0.0, 346.3, 0.0)
248.6566(0.0, 346.3, 0.0)
249.1733(0.0, 354.2, 0.0)
249.6733(0.0, 66.2, 0.0)
250.19(0.0, 60.8, 0.0)
250.7066(0.0, 322.7, 0.0)
251.2233(0.0, 349.0, 0.0)
251.7233(0.0, 349.0, 0.0)
252.2399(0.0, 349.0, 0.0)
252.7399(0.0, 349.0, 0.0)
253.2565(0.0, 349.0, 0.0)
0, 2
253.7566(0.0, 349.0, 0.0)
254.2732(0.0, 349.0, 0.0)
254.7899(0.0, 28.2, 0.0)
255.2899(0.0, 357.5, 0.0)
255.8066(0.0, 357.2, 0.0)
256.3232(0.0, 355.8, 0.0)
256.8398(0.0, 355.8, 0.0)
257.3565(0.0, 355.8, 0.0)
257.8732(0.0, 355.8, 0.0)
258.3898(0.0, 355.8, 0.0)
258.9064(0.0, 355.8, 0.0)
259.4232(0.0, 355.8, 0.0)
259.9398(0.0, 355.8, 0.0)
260.4565(0.0, 355.8, 0.0)
260.9565(0.0, 355.8, 0.0)
0, 3
261.4897(0.0, 355.8, 0.0)
261.9898(0.0, 355.8, 0.0)
262.4898(0.0, 355.8, 0.0)
263.0064(0.0, 355.8, 0.0)
263.5231(0.0, 355.8, 0.0)
264.0397(0.0, 355.8, 0.0)
264.5397(0.0, 355.8, 0.0)
265.0564(0.0, 355.8, 0.0)
265.573(0.0, 355.8, 0.0)
266.0897(0.0, 355.8, 0.0)
266.5897(0.0, 355.8, 0.0)
267.0897(0.0, 355.8, 0.0)
267.6063(0.0, 355.8, 0.0)
268.123(0.0, 355.8, 0.0)
268.6397(0.0, 355.8, 0.0)
269.1563(0.0, 355.8, 0.0)
269.673(0.0, 355.8, 0.0)
270.1896(0.0, 355.8, 0.0)
270.6896(0.0, 355.8, 0.0)
271.2063(0.0, 355.8, 0.0)
271.7229(0.0, 355.8, 0.0)
272.2396(0.0, 355.8, 0.0)
272.7396(0.0, 355.8, 0.0)
273.2563(0.0, 355.8, 0.0)
273.7729(0.0, 355.8, 0.0)
274.2729(0.0, 355.8, 0.0)
274.7896(0.0, 355.8, 0.0)
275.3062(0.0, 355.8, 0.0)
275.8062(0.0, 355.8, 0.0)
276.3228(0.0, 355.8, 0.0)
276.8229(0.0, 355.8, 0.0)
277.3395(0.0, 355.8, 0.0)
277.8561(0.0, 355.8, 0.0)
278.3728(0.0, 355.8, 0.0)
278.8728(0.0, 355.8, 0.0)
279.3895(0.0, 355.8, 0.0)
279.9062(0.0, 355.8, 0.0)
280.4228(0.0, 355.8, 0.0)
280.9394(0.0, 355.8, 0.0)
281.4395(0.0, 355.8, 0.0)
281.9561(0.0, 355.8, 0.0)
282.4561(0.0, 355.8, 0.0)
282.9727(0.0, 355.8, 0.0)
283.4894(0.0, 355.8, 0.0)
284.006(0.0, 355.8, 0.0)
284.5227(0.0, 355.8, 0.0)
285.0227(0.0, 355.8, 0.0)
285.5394(0.0, 355.8, 0.0)
0, 4
286.0561(0.0, 355.8, 0.0)
286.5727(0.0, 355.8, 0.0)
287.0893(0.0, 355.8, 0.0)
287.5894(0.0, 355.8, 0.0)
288.106(0.0, 355.8, 0.0)
288.6226(0.0, 355.8, 0.0)
289.1227(0.0, 355.8, 0.0)
289.6393(0.0, 355.8, 0.0)
290.1393(0.0, 355.8, 0.0)
290.6559(0.0, 355.8, 0.0)
291.156(0.0, 355.8, 0.0)
291.6726(0.0, 355.8, 0.0)
292.1893(0.0, 355.8, 0.0)
292.7059(0.0, 355.8, 0.0)
293.2226(0.0, 355.8, 0.0)
293.7392(0.0, 355.8, 0.0)
294.2559(0.0, 355.8, 0.0)
294.7725(0.0, 355.8, 0.0)
295.2892(0.0, 355.8, 0.0)
295.8059(0.0, 355.8, 0.0)
296.3225(0.0, 355.8, 0.0)
296.8225(0.0, 355.8, 0.0)
297.3392(0.0, 355.8, 0.0)
297.8392(0.0, 355.8, 0.0)
298.3558(0.0, 355.8, 0.0)
298.8724(0.0, 355.8, 0.0)
299.3891(0.0, 355.8, 0.0)
299.9057(0.0, 355.8, 0.0)
300.4058(0.0, 355.8, 0.0)
300.9225(0.0, 355.8, 0.0)
301.4391(0.0, 355.8, 0.0)
301.9557(0.0, 355.8, 0.0)
302.4724(0.0, 355.8, 0.0)
302.9891(0.0, 355.8, 0.0)
303.4891(0.0, 355.8, 0.0)
304.0058(0.0, 355.8, 0.0)
304.5224(0.0, 355.8, 0.0)
305.0224(0.0, 355.8, 0.0)
305.539(0.0, 355.8, 0.0)
306.0391(0.0, 355.8, 0.0)
306.5557(0.0, 355.8, 0.0)
307.0723(0.0, 355.8, 0.0)
307.589(0.0, 355.8, 0.0)
308.089(0.0, 355.8, 0.0)
0, 5
308.6056(0.0, 355.8, 0.0)
309.1057(0.0, 355.8, 0.0)
309.6223(0.0, 355.8, 0.0)
310.1389(0.0, 355.8, 0.0)
310.6556(0.0, 355.8, 0.0)
311.1556(0.0, 355.8, 0.0)
311.6722(0.0, 355.8, 0.0)
312.1723(0.0, 355.8, 0.0)
312.6889(0.0, 355.8, 0.0)
313.2055(0.0, 355.8, 0.0)
313.7056(0.0, 355.8, 0.0)
314.2222(0.0, 355.8, 0.0)
314.7388(0.0, 355.8, 0.0)
315.2389(0.0, 355.8, 0.0)
315.7555(0.0, 355.8, 0.0)
316.2722(0.0, 355.8, 0.0)
316.7722(0.0, 355.8, 0.0)
317.2722(0.0, 355.8, 0.0)
317.7888(0.0, 355.8, 0.0)
318.3055(0.0, 355.8, 0.0)
318.8221(0.0, 355.8, 0.0)
319.3221(0.0, 355.8, 0.0)
319.8388(0.0, 355.8, 0.0)
0, 6
320.3554(0.0, 355.8, 0.0)
320.8555(0.0, 355.8, 0.0)
321.3721(0.0, 355.8, 0.0)
321.8888(0.0, 355.8, 0.0)
322.4053(0.0, 355.8, 0.0)
322.922(0.0, 355.8, 0.0)
323.422(0.0, 355.8, 0.0)
323.9387(0.0, 355.8, 0.0)
324.4553(0.0, 355.8, 0.0)
324.972(0.0, 355.8, 0.0)
325.4886(0.0, 355.8, 0.0)
326.0053(0.0, 355.8, 0.0)
326.5219(0.0, 355.8, 0.0)
327.0386(0.0, 355.8, 0.0)
327.5386(0.0, 355.8, 0.0)
328.0553(0.0, 355.8, 0.0)
328.572(0.0, 355.8, 0.0)
329.072(0.0, 355.8, 0.0)
329.5886(0.0, 355.8, 0.0)
330.1053(0.0, 355.8, 0.0)
330.6219(0.0, 355.8, 0.0)
331.1386(0.0, 355.8, 0.0)
331.6552(0.0, 355.8, 0.0)
332.1719(0.0, 355.8, 0.0)
1, 1
332.6886(0.0, 355.8, 0.0)
333.2053(0.0, 355.8, 0.0)
333.7219(0.0, 355.8, 0.0)
334.2385(0.0, 355.8, 0.0)
334.7385(0.0, 355.8, 0.0)
335.2552(0.0, 355.8, 0.0)
335.7719(0.0, 355.8, 0.0)
336.2885(0.0, 355.8, 0.0)
336.8051(0.0, 355.8, 0.0)
337.3218(0.0, 355.8, 0.0)
337.8218(0.0, 355.8, 0.0)
338.3218(0.0, 355.8, 0.0)
338.8384(0.0, 355.8, 0.0)
339.3384(0.0, 355.8, 0.0)
339.8551(0.0, 355.8, 0.0)
340.3717(0.0, 355.8, 0.0)
340.8884(0.0, 355.8, 0.0)
341.3884(0.0, 355.8, 0.0)
341.905(0.0, 355.8, 0.0)
342.4218(0.0, 355.8, 0.0)
342.9384(0.0, 355.8, 0.0)
343.4551(0.0, 355.8, 0.0)
343.9717(0.0, 355.8, 0.0)
344.4717(0.0, 355.8, 0.0)
344.9884(0.0, 355.8, 0.0)
345.505(0.0, 355.8, 0.0)
346.0217(0.0, 355.8, 0.0)
346.5383(0.0, 355.8, 0.0)
347.0383(0.0, 40.2, 0.0)
347.555(0.0, 57.2, 0.0)
348.0717(0.0, 357.5, 0.0)
348.5883(0.0, 16.5, 0.0)
349.105(0.0, 84.7, 0.0)
349.6216(0.0, 111.4, 0.0)
350.1383(0.0, 171.7, 0.0)
350.6549(0.0, 247.4, 0.0)
351.1549(0.0, 235.5, 0.0)
351.6716(0.0, 64.4, 0.0)
352.1882(0.0, 54.3, 0.0)
352.7049(0.0, 43.0, 0.0)
353.2216(0.0, 43.0, 0.0)
353.7382(0.0, 50.6, 0.0)
354.2549(0.0, 98.0, 0.0)
354.7715(0.0, 204.5, 0.0)
355.2881(0.0, 150.8, 0.0)
355.8048(0.0, 174.4, 0.0)
356.3048(0.0, 193.1, 0.0)
356.8048(0.0, 194.8, 0.0)
357.3214(0.0, 194.8, 0.0)
357.8382(0.0, 194.8, 0.0)
358.3548(0.0, 164.5, 0.0)
358.8715(0.0, 200.6, 0.0)
359.3881(0.0, 24.2, 0.0)
359.8881(0.0, 308.9, 0.0)
360.4048(0.0, 336.7, 0.0)
360.9214(0.0, 10.8, 0.0)
361.4381(0.0, 352.7, 0.0)
361.9547(0.0, 351.5, 0.0)
362.4547(0.0, 351.5, 0.0)
362.9714(0.0, 351.5, 0.0)
363.4881(0.0, 310.2, 0.0)
364.0047(0.0, 308.6, 0.0)
364.5047(0.0, 308.5, 0.0)
365.0214(0.0, 308.5, 0.0)
365.538(0.0, 308.5, 0.0)
366.0547(0.0, 308.5, 0.0)
366.5713(0.0, 308.5, 0.0)
367.0713(0.0, 308.5, 0.0)
367.588(0.0, 308.5, 0.0)
368.1046(0.0, 308.5, 0.0)
1, 2
368.6213(0.0, 308.3, 0.0)
369.138(0.0, 308.3, 0.0)
369.6546(0.0, 308.3, 0.0)
370.1712(0.0, 308.3, 0.0)
370.6713(0.0, 343.9, 0.0)
371.1879(0.0, 31.7, 0.0)
371.7046(0.0, 42.7, 0.0)
372.2213(0.0, 7.3, 0.0)
372.7379(0.0, 4.0, 0.0)
373.2545(0.0, 4.0, 0.0)
373.7712(0.0, 6.0, 0.0)
374.2878(0.0, 20.2, 0.0)
374.7878(0.0, 18.3, 0.0)
375.3045(0.0, 359.3, 0.0)
375.8211(0.0, 343.5, 0.0)
376.3211(0.0, 358.8, 0.0)
376.8212(0.0, 357.9, 0.0)
377.3378(0.0, 346.3, 0.0)
377.8544(0.0, 349.7, 0.0)
378.3545(0.0, 356.6, 0.0)
378.8712(0.0, 359.8, 0.0)
379.3878(0.0, 0.2, 0.0)
379.9044(0.0, 357.5, 0.0)
380.4044(0.0, 357.5, 0.0)
380.9211(0.0, 357.5, 0.0)
381.4378(0.0, 357.5, 0.0)
381.9544(0.0, 357.5, 0.0)
382.4711(0.0, 357.5, 0.0)
1, 3
382.9877(0.0, 357.5, 0.0)
383.4877(0.0, 357.5, 0.0)
384.0043(0.0, 357.5, 0.0)
384.5044(0.0, 357.5, 0.0)
385.021(0.0, 357.5, 0.0)
385.5377(0.0, 357.5, 0.0)
386.0544(0.0, 357.5, 0.0)
386.571(0.0, 357.5, 0.0)
387.071(0.0, 357.5, 0.0)
387.5876(0.0, 357.5, 0.0)
388.1043(0.0, 357.5, 0.0)
388.621(0.0, 357.5, 0.0)
389.1376(0.0, 357.5, 0.0)
389.6542(0.0, 357.5, 0.0)
390.1709(0.0, 357.5, 0.0)
390.6875(0.0, 357.5, 0.0)
391.2042(0.0, 357.5, 0.0)
1, 4
391.7043(0.0, 357.5, 0.0)
392.2209(0.0, 357.5, 0.0)
392.7209(0.0, 357.5, 0.0)
393.2375(0.0, 357.5, 0.0)
393.7542(0.0, 357.5, 0.0)
394.2708(0.0, 357.5, 0.0)
394.7875(0.0, 357.5, 0.0)
395.3041(0.0, 357.5, 0.0)
395.8042(0.0, 357.5, 0.0)
396.3208(0.0, 357.5, 0.0)
396.8375(0.0, 357.5, 0.0)
397.3541(0.0, 357.5, 0.0)
397.8542(0.0, 357.5, 0.0)
398.3708(0.0, 357.5, 0.0)
398.8875(0.0, 357.5, 0.0)
399.4041(0.0, 3.4, 0.0)
399.9208(0.0, 350.7, 0.0)
400.4374(0.0, 342.5, 0.0)
400.9541(0.0, 342.5, 0.0)
401.4708(0.0, 342.5, 0.0)
401.9874(0.0, 342.5, 0.0)
402.5041(0.0, 355.5, 0.0)
403.0207(0.0, 350.0, 0.0)
403.5374(0.0, 6.1, 0.0)
404.0374(0.0, 3.5, 0.0)
404.554(0.0, 3.5, 0.0)
405.054(0.0, 3.5, 0.0)
405.5706(0.0, 3.5, 0.0)
406.0873(0.0, 3.5, 0.0)
406.604(0.0, 3.5, 0.0)
407.1206(0.0, 3.5, 0.0)
407.6373(0.0, 3.5, 0.0)
408.1539(0.0, 3.5, 0.0)
1, 5
408.654(0.0, 3.5, 0.0)
409.1706(0.0, 3.5, 0.0)
409.6706(0.0, 3.5, 0.0)
410.1872(0.0, 3.5, 0.0)
410.6873(0.0, 3.5, 0.0)
411.2039(0.0, 3.5, 0.0)
411.7206(0.0, 3.5, 0.0)
412.2372(0.0, 3.5, 0.0)
412.7539(0.0, 3.5, 0.0)
413.2705(0.0, 3.5, 0.0)
413.7872(0.0, 3.5, 0.0)
414.3038(0.0, 3.5, 0.0)
414.8039(0.0, 339.7, 0.0)
415.3205(0.0, 323.3, 0.0)
415.8372(0.0, 305.6, 0.0)
416.3539(0.0, 11.0, 0.0)
416.8704(0.0, 65.9, 0.0)
417.3705(0.0, 46.1, 0.0)
417.8705(0.0, 3.3, 0.0)
418.3871(0.0, 354.4, 0.0)
418.9037(0.0, 0.5, 0.0)
419.4038(0.0, 4.2, 0.0)
419.9204(0.0, 4.3, 0.0)
420.4371(0.0, 2.3, 0.0)
420.9538(0.0, 2.5, 0.0)
421.4704(0.0, 2.5, 0.0)
421.9871(0.0, 2.7, 0.0)
422.5037(0.0, 2.8, 0.0)
1, 6
423.2703(0.0, 1.3, 0.0)
423.7704(0.0, 1.3, 0.0)
424.287(0.0, 1.3, 0.0)
424.8036(0.0, 1.3, 0.0)
425.3203(0.0, 1.3, 0.0)
425.8203(0.0, 1.3, 0.0)
426.3369(0.0, 1.3, 0.0)
426.8537(0.0, 1.3, 0.0)
427.3703(0.0, 1.3, 0.0)
427.8869(0.0, 1.3, 0.0)
428.4036(0.0, 15.1, 0.0)
428.9203(0.0, 28.1, 0.0)
429.437(0.0, 321.9, 0.0)
429.9536(0.0, 273.2, 0.0)
430.4702(0.0, 309.9, 0.0)
430.9869(0.0, 337.2, 0.0)
431.5035(0.0, 330.9, 0.0)
432.0202(0.0, 330.3, 0.0)
432.5369(0.0, 330.3, 0.0)
433.0536(0.0, 330.3, 0.0)
433.5702(0.0, 330.3, 0.0)
434.0869(0.0, 330.3, 0.0)
434.6035(0.0, 330.3, 0.0)
435.1201(0.0, 330.3, 0.0)
435.6201(0.0, 330.3, 0.0)
2, 1
436.1368(0.0, 330.3, 0.0)
436.6534(0.0, 330.3, 0.0)
437.1702(0.0, 330.3, 0.0)
437.6868(0.0, 317.5, 0.0)
438.2034(0.0, 332.7, 0.0)
438.7035(0.0, 10.4, 0.0)
439.22(0.0, 78.1, 0.0)
439.7201(0.0, 44.7, 0.0)
440.2368(0.0, 28.6, 0.0)
440.7534(0.0, 24.0, 0.0)
441.2534(0.0, 24.0, 0.0)
441.77(0.0, 24.0, 0.0)
442.2867(0.0, 24.0, 0.0)
442.8033(0.0, 24.0, 0.0)
443.3033(0.0, 24.0, 0.0)
443.8034(0.0, 24.0, 0.0)
444.32(0.0, 24.0, 0.0)
444.8366(0.0, 24.0, 0.0)
2, 2
445.3533(0.0, 24.0, 0.0)
445.87(0.0, 24.0, 0.0)
446.3867(0.0, 24.0, 0.0)
446.9033(0.0, 24.0, 0.0)
447.4199(0.0, 24.0, 0.0)
447.92(0.0, 24.0, 0.0)
448.4366(0.0, 24.0, 0.0)
448.9532(0.0, 333.0, 0.0)
449.4699(0.0, 313.4, 0.0)
449.9699(0.0, 299.9, 0.0)
450.4866(0.0, 298.8, 0.0)
451.0032(0.0, 298.8, 0.0)
451.5199(0.0, 298.8, 0.0)
452.0365(0.0, 317.3, 0.0)
452.5366(0.0, 50.0, 0.0)
453.0532(0.0, 31.1, 0.0)
453.5699(0.0, 29.3, 0.0)
2, 3
454.0865(0.0, 29.3, 0.0)
454.5865(0.0, 29.3, 0.0)
455.1031(0.0, 7.0, 0.0)
455.6031(0.0, 41.7, 0.0)
456.1198(0.0, 291.1, 0.0)
456.6365(0.0, 313.4, 0.0)
457.1531(0.0, 317.0, 0.0)
457.6531(0.0, 317.0, 0.0)
458.1697(0.0, 317.0, 0.0)
458.6698(0.0, 317.0, 0.0)
459.1864(0.0, 317.0, 0.0)
459.6864(0.0, 317.0, 0.0)
460.203(0.0, 317.0, 0.0)
460.7197(0.0, 317.0, 0.0)
461.2197(0.0, 317.0, 0.0)
461.7364(0.0, 317.0, 0.0)
462.253(0.0, 317.0, 0.0)
462.753(0.0, 317.0, 0.0)
463.2697(0.0, 317.0, 0.0)
463.7863(0.0, 317.0, 0.0)
2, 4
464.2863(0.0, 317.0, 0.0)
464.8029(0.0, 317.0, 0.0)
465.3196(0.0, 317.0, 0.0)
465.8196(0.0, 131.5, 0.0)
466.3363(0.0, 131.3, 0.0)
466.8529(0.0, 131.3, 0.0)
467.353(0.0, 131.3, 0.0)
467.8696(0.0, 131.3, 0.0)
468.3862(0.0, 131.3, 0.0)
468.9029(0.0, 131.3, 0.0)
469.403(0.0, 80.3, 0.0)
469.9196(0.0, 144.0, 0.0)
470.4362(0.0, 144.0, 0.0)
470.9362(0.0, 144.0, 0.0)
471.4529(0.0, 146.8, 0.0)
471.9695(0.0, 156.8, 0.0)
472.4861(0.0, 116.3, 0.0)
472.9862(0.0, 119.7, 0.0)
473.5029(0.0, 122.9, 0.0)
474.0195(0.0, 123.0, 0.0)
474.5362(0.0, 134.9, 0.0)
475.0528(0.0, 134.2, 0.0)
475.5695(0.0, 134.0, 0.0)
476.0695(0.0, 128.6, 0.0)
476.5861(0.0, 126.5, 0.0)
477.1028(0.0, 126.0, 0.0)
477.6194(0.0, 125.0, 0.0)
478.136(0.0, 123.3, 0.0)
478.6528(0.0, 113.4, 0.0)
479.1694(0.0, 106.1, 0.0)
479.6694(0.0, 104.4, 0.0)
480.1861(0.0, 103.8, 0.0)
480.7027(0.0, 149.4, 0.0)
481.2027(0.0, 181.1, 0.0)
481.7194(0.0, 134.6, 0.0)
482.236(0.0, 133.0, 0.0)
482.736(0.0, 130.4, 0.0)
483.2527(0.0, 97.2, 0.0)
483.7693(0.0, 123.2, 0.0)
484.2859(0.0, 122.5, 0.0)
484.786(0.0, 122.3, 0.0)
485.3026(0.0, 127.1, 0.0)
485.8192(0.0, 127.3, 0.0)
486.3193(0.0, 127.3, 0.0)
486.836(0.0, 127.3, 0.0)
487.3526(0.0, 59.3, 0.0)
487.8692(0.0, 261.0, 0.0)
488.3693(0.0, 261.9, 0.0)
488.8859(0.0, 228.5, 0.0)
489.3859(0.0, 170.3, 0.0)
489.9026(0.0, 200.7, 0.0)
490.4192(0.0, 217.7, 0.0)
490.9359(0.0, 227.5, 0.0)
491.4525(0.0, 229.5, 0.0)
491.9692(0.0, 229.5, 0.0)
492.4858(0.0, 231.3, 0.0)
493.0025(0.0, 300.9, 0.0)
493.5192(0.0, 62.1, 0.0)
494.0358(0.0, 121.1, 0.0)
494.5525(0.0, 185.1, 0.0)
495.0691(0.0, 92.4, 0.0)
495.5692(0.0, 75.3, 0.0)
496.0858(0.0, 75.7, 0.0)
496.6024(0.0, 95.2, 0.0)
497.1024(0.0, 170.6, 0.0)
497.619(0.0, 149.5, 0.0)
498.1191(0.0, 141.0, 0.0)
498.6358(0.0, 188.3, 0.0)
499.1524(0.0, 192.2, 0.0)
499.6691(0.0, 192.5, 0.0)
500.1857(0.0, 192.5, 0.0)
500.7024(0.0, 239.7, 0.0)
501.2191(0.0, 240.2, 0.0)
501.7357(0.0, 247.5, 0.0)
502.2524(0.0, 247.5, 0.0)
502.769(0.0, 247.5, 0.0)
503.2857(0.0, 247.5, 0.0)
503.8023(0.0, 247.5, 0.0)
504.3023(0.0, 247.5, 0.0)
504.8189(0.0, 247.5, 0.0)
505.319(0.0, 247.5, 0.0)
505.8357(0.0, 247.5, 0.0)
506.3523(0.0, 247.5, 0.0)
506.8689(0.0, 247.5, 0.0)
507.3856(0.0, 247.5, 0.0)
507.9022(0.0, 240.0, 0.0)
508.4023(0.0, 230.8, 0.0)
508.9189(0.0, 171.7, 0.0)
509.4355(0.0, 211.5, 0.0)
509.9356(0.0, 307.0, 0.0)
510.4522(0.0, 290.7, 0.0)
510.9522(0.0, 175.5, 0.0)
511.4689(0.0, 49.7, 0.0)
511.9855(0.0, 168.9, 0.0)
512.4855(0.0, 41.8, 0.0)
513.0022(0.0, 39.6, 0.0)
513.5189(0.0, 203.8, 0.0)
514.0355(0.0, 244.7, 0.0)
514.5355(0.0, 243.0, 0.0)
515.0521(0.0, 5.7, 0.0)
515.5687(0.0, 25.3, 0.0)
516.0688(0.0, 25.3, 0.0)
516.5854(0.0, 99.4, 0.0)
517.1021(0.0, 100.5, 0.0)
517.6188(0.0, 135.2, 0.0)
518.1354(0.0, 140.8, 0.0)
518.652(0.0, 140.5, 0.0)
519.1687(0.0, 192.3, 0.0)
519.6854(0.0, 264.7, 0.0)
520.202(0.0, 232.3, 0.0)
520.7021(0.0, 229.0, 0.0)
521.2188(0.0, 226.4, 0.0)
521.7354(0.0, 245.0, 0.0)
522.252(0.0, 215.3, 0.0)
522.7687(0.0, 178.7, 0.0)
523.2853(0.0, 199.5, 0.0)
523.802(0.0, 207.2, 0.0)
524.3187(0.0, 288.1, 0.0)
524.8353(0.0, 278.8, 0.0)
525.352(0.0, 274.1, 0.0)
525.8687(0.0, 266.3, 0.0)
526.3853(0.0, 257.4, 0.0)
526.9019(0.0, 245.1, 0.0)
527.4186(0.0, 234.5, 0.0)
527.9353(0.0, 166.6, 0.0)
528.4519(0.0, 106.4, 0.0)
528.9686(0.0, 78.0, 0.0)
529.4853(0.0, 220.7, 0.0)
530.0019(0.0, 60.3, 0.0)
530.5185(0.0, 312.2, 0.0)
531.0352(0.0, 359.0, 0.0)
531.5518(0.0, 0.2, 0.0)
532.0519(0.0, 359.0, 0.0)
532.5685(0.0, 359.0, 0.0)
533.0852(0.0, 359.0, 0.0)
533.6018(0.0, 359.0, 0.0)
534.1185(0.0, 354.5, 0.0)
534.6351(0.0, 346.3, 0.0)
535.1352(0.0, 114.2, 0.0)
535.6518(0.0, 7.9, 0.0)
536.1685(0.0, 11.0, 0.0)
536.6851(0.0, 357.0, 0.0)
2, 5
537.1851(0.0, 357.2, 0.0)
537.7018(0.0, 352.8, 0.0)
538.2184(0.0, 9.0, 0.0)
538.7184(0.0, 8.5, 0.0)
539.235(0.0, 8.5, 0.0)
539.7351(0.0, 8.5, 0.0)
540.2517(0.0, 8.5, 0.0)
540.7684(0.0, 2.3, 0.0)
541.285(0.0, 1.8, 0.0)
541.8017(0.0, 1.0, 0.0)
2, 6
542.5016(0.0, 1.0, 0.0)
543.0182(0.0, 1.0, 0.0)
543.5349(0.0, 1.0, 0.0)
544.0516(0.0, 1.0, 0.0)
544.5682(0.0, 1.0, 0.0)
545.0848(0.0, 1.0, 0.0)
545.5848(0.0, 1.0, 0.0)
546.1016(0.0, 1.0, 0.0)
546.6181(0.0, 1.0, 0.0)
547.1287(0.0, 1.0, 0.0)
547.6448(0.0, 1.0, 0.0)
548.1609(0.0, 1.0, 0.0)
548.6771(0.0, 197.0, 0.0)
549.1932(0.0, 136.6, 0.0)
549.7094(0.0, 141.0, 0.0)
550.2255(0.0, 186.8, 0.0)
550.7417(0.0, 141.5, 0.0)
551.2579(0.0, 135.5, 0.0)
551.774(0.0, 135.5, 0.0)
552.2902(0.0, 135.5, 0.0)
552.8063(0.0, 136.2, 0.0)
553.3224(0.0, 178.1, 0.0)
553.8386(0.0, 171.9, 0.0)
554.3547(0.0, 6.7, 0.0)
554.8709(0.0, 343.8, 0.0)
555.387(0.0, 337.2, 0.0)
555.9032(0.0, 341.2, 0.0)
556.4194(0.0, 341.0, 0.0)
556.9355(0.0, 341.0, 0.0)
557.4517(0.0, 341.0, 0.0)
557.9517(0.0, 340.0, 0.0)
558.468(0.0, 339.5, 0.0)
558.9846(0.0, 335.7, 0.0)
559.5013(0.0, 317.9, 0.0)
560.0179(0.0, 317.8, 0.0)
560.5345(0.0, 317.8, 0.0)
3, 1
561.0346(0.0, 317.8, 0.0)
561.5512(0.0, 317.8, 0.0)
562.0513(0.0, 317.8, 0.0)
562.5679(0.0, 317.8, 0.0)
563.0845(0.0, 318.3, 0.0)
563.6012(0.0, 225.4, 0.0)
564.1179(0.0, 144.6, 0.0)
564.6345(0.0, 211.1, 0.0)
565.1345(0.0, 226.6, 0.0)
565.6512(0.0, 207.8, 0.0)
566.1678(0.0, 207.8, 0.0)
566.6844(0.0, 207.8, 0.0)
567.2011(0.0, 207.8, 0.0)
567.7178(0.0, 207.8, 0.0)
568.2345(0.0, 207.8, 0.0)
568.7512(0.0, 207.8, 0.0)
569.2678(0.0, 207.8, 0.0)
569.7844(0.0, 207.8, 0.0)
570.3011(0.0, 225.9, 0.0)
570.8178(0.0, 231.5, 0.0)
571.3344(0.0, 220.0, 0.0)
571.8511(0.0, 220.0, 0.0)
572.3677(0.0, 220.0, 0.0)
572.8843(0.0, 220.0, 0.0)
573.3844(0.0, 220.0, 0.0)
573.9011(0.0, 183.4, 0.0)
574.4177(0.0, 223.1, 0.0)
574.9344(0.0, 274.0, 0.0)
575.4396(0.0, 229.2, 0.0)
575.9558(0.0, 238.2, 0.0)
576.4719(0.0, 294.1, 0.0)
576.9881(0.0, 40.1, 0.0)
577.5043(0.0, 8.6, 0.0)
578.0204(0.0, 6.1, 0.0)
578.5366(0.0, 357.3, 0.0)
579.0527(0.0, 355.5, 0.0)
579.5688(0.0, 340.9, 0.0)
580.085(0.0, 335.5, 0.0)
580.6011(0.0, 335.5, 0.0)
581.1176(0.0, 335.5, 0.0)
581.6342(0.0, 335.5, 0.0)
582.1343(0.0, 335.5, 0.0)
3, 2
582.6509(0.0, 335.5, 0.0)
583.1675(0.0, 335.5, 0.0)
583.6841(0.0, 335.5, 0.0)
584.2009(0.0, 335.5, 0.0)
584.7175(0.0, 335.5, 0.0)
585.2342(0.0, 335.5, 0.0)
585.7509(0.0, 335.5, 0.0)
586.2675(0.0, 335.5, 0.0)
586.7675(0.0, 335.5, 0.0)
587.2842(0.0, 335.5, 0.0)
587.8008(0.0, 335.5, 0.0)
3, 3
588.3174(0.0, 335.5, 0.0)
588.8341(0.0, 335.5, 0.0)
589.3508(0.0, 335.5, 0.0)
589.8674(0.0, 335.5, 0.0)
590.3841(0.0, 335.5, 0.0)
590.9008(0.0, 335.5, 0.0)
591.4174(0.0, 335.5, 0.0)
591.934(0.0, 335.5, 0.0)
592.4507(0.0, 335.5, 0.0)
592.9673(0.0, 335.5, 0.0)
593.4674(0.0, 335.5, 0.0)
593.984(0.0, 335.5, 0.0)
594.4841(0.0, 335.5, 0.0)
595.0007(0.0, 335.5, 0.0)
3, 4
595.5173(0.0, 335.5, 0.0)
596.0339(0.0, 335.5, 0.0)
596.5507(0.0, 335.5, 0.0)
597.0673(0.0, 335.5, 0.0)
597.584(0.0, 335.5, 0.0)
598.1006(0.0, 335.5, 0.0)
598.6006(0.0, 335.5, 0.0)
599.1173(0.0, 335.5, 0.0)
599.6339(0.0, 335.5, 0.0)
600.1506(0.0, 335.5, 0.0)
600.6673(0.0, 335.5, 0.0)
601.1839(0.0, 335.5, 0.0)
601.7006(0.0, 335.5, 0.0)
602.2172(0.0, 335.5, 0.0)
3, 5
602.7339(0.0, 335.5, 0.0)
603.2505(0.0, 335.5, 0.0)
603.7672(0.0, 335.5, 0.0)
604.2838(0.0, 335.5, 0.0)
604.8005(0.0, 335.5, 0.0)
605.3172(0.0, 335.5, 0.0)
605.8338(0.0, 335.5, 0.0)
606.3504(0.0, 335.5, 0.0)
606.8505(0.0, 335.5, 0.0)
607.3672(0.0, 335.5, 0.0)
607.8838(0.0, 335.5, 0.0)
608.4005(0.0, 335.5, 0.0)
608.9171(0.0, 335.5, 0.0)
609.4337(0.0, 335.5, 0.0)
609.9338(0.0, 335.5, 0.0)
610.4504(0.0, 335.5, 0.0)
610.967(0.0, 335.5, 0.0)
611.4671(0.0, 335.5, 0.0)
611.9836(0.0, 335.5, 0.0)
612.4837(0.0, 335.5, 0.0)
613.0004(0.0, 335.5, 0.0)
613.517(0.0, 335.5, 0.0)
614.0337(0.0, 335.5, 0.0)
3, 6
614.5504(0.0, 335.5, 0.0)
615.067(0.0, 335.5, 0.0)
615.5837(0.0, 335.5, 0.0)
616.1003(0.0, 335.5, 0.0)
616.6169(0.0, 335.5, 0.0)
617.117(0.0, 335.5, 0.0)
617.6337(0.0, 335.5, 0.0)
618.1503(0.0, 335.5, 0.0)
618.6503(0.0, 335.5, 0.0)
619.1669(0.0, 335.5, 0.0)
619.6836(0.0, 335.5, 0.0)
620.2003(0.0, 335.5, 0.0)
620.7169(0.0, 335.5, 0.0)
621.2169(0.0, 335.5, 0.0)
621.7336(0.0, 335.5, 0.0)
622.2502(0.0, 335.5, 0.0)
622.7502(0.0, 335.5, 0.0)
623.2669(0.0, 335.5, 0.0)
623.7836(0.0, 335.5, 0.0)
624.3001(0.0, 335.5, 0.0)
624.8002(0.0, 335.5, 0.0)
625.3168(0.0, 335.5, 0.0)
625.8335(0.0, 335.5, 0.0)
626.3502(0.0, 335.5, 0.0)
626.8668(0.0, 335.5, 0.0)
627.3834(0.0, 335.5, 0.0)
627.8835(0.0, 335.5, 0.0)
628.4001(0.0, 335.5, 0.0)
628.9167(0.0, 335.5, 0.0)
629.4334(0.0, 335.5, 0.0)
629.9501(0.0, 335.5, 0.0)
630.4667(0.0, 335.5, 0.0)
630.9834(0.0, 335.5, 0.0)
631.5001(0.0, 335.5, 0.0)
632.0167(0.0, 335.5, 0.0)
632.5334(0.0, 335.5, 0.0)
4, 1
633.05(0.0, 335.5, 0.0)
633.55(0.0, 335.5, 0.0)
634.0667(0.0, 335.5, 0.0)
634.5833(0.0, 335.5, 0.0)
635.1(0.0, 335.5, 0.0)
635.6166(0.0, 335.5, 0.0)
636.1333(0.0, 335.5, 0.0)
636.6499(0.0, 335.5, 0.0)
637.15(0.0, 335.5, 0.0)
637.6666(0.0, 335.5, 0.0)
638.1833(0.0, 335.5, 0.0)
638.7(0.0, 335.5, 0.0)
639.2166(0.0, 335.5, 0.0)
639.7333(0.0, 335.5, 0.0)
640.2499(0.0, 335.5, 0.0)
640.7666(0.0, 335.5, 0.0)
641.2833(0.0, 335.5, 0.0)
641.7999(0.0, 335.5, 0.0)
642.3165(0.0, 335.5, 0.0)
642.8332(0.0, 335.5, 0.0)
4, 2
643.3499(0.0, 335.5, 0.0)
643.8665(0.0, 335.5, 0.0)
644.3831(0.0, 335.5, 0.0)
644.8832(0.0, 335.5, 0.0)
645.3998(0.0, 335.5, 0.0)
645.9165(0.0, 335.5, 0.0)
646.4331(0.0, 335.5, 0.0)
646.9498(0.0, 335.5, 0.0)
647.4665(0.0, 335.5, 0.0)
647.9831(0.0, 335.5, 0.0)
648.4997(0.0, 335.5, 0.0)
648.9998(0.0, 335.5, 0.0)
649.5164(0.0, 335.5, 0.0)
650.0164(0.0, 335.5, 0.0)
650.533(0.0, 335.5, 0.0)
651.0497(0.0, 335.5, 0.0)
651.5663(0.0, 335.5, 0.0)
652.0664(0.0, 335.5, 0.0)
652.5831(0.0, 335.5, 0.0)
653.0997(0.0, 335.5, 0.0)
653.6163(0.0, 335.5, 0.0)
654.1163(0.0, 335.5, 0.0)
654.633(0.0, 335.5, 0.0)
655.1497(0.0, 335.5, 0.0)
655.6663(0.0, 335.5, 0.0)
656.183(0.0, 335.5, 0.0)
656.6996(0.0, 335.5, 0.0)
657.2163(0.0, 335.5, 0.0)
4, 3
657.7329(0.0, 335.5, 0.0)
658.233(0.0, 335.5, 0.0)
658.7496(0.0, 335.5, 0.0)
659.2662(0.0, 335.5, 0.0)
659.7663(0.0, 335.5, 0.0)
660.2828(0.0, 335.5, 0.0)
660.7829(0.0, 335.5, 0.0)
661.2996(0.0, 335.5, 0.0)
661.8162(0.0, 335.5, 0.0)
662.3328(0.0, 335.5, 0.0)
662.8329(0.0, 335.5, 0.0)
663.3495(0.0, 335.5, 0.0)
663.8662(0.0, 335.5, 0.0)
664.3829(0.0, 335.5, 0.0)
664.8995(0.0, 335.5, 0.0)
665.4162(0.0, 335.5, 0.0)
665.9328(0.0, 335.5, 0.0)
666.4495(0.0, 335.5, 0.0)
666.9661(0.0, 335.5, 0.0)
4, 4
667.4828(0.0, 335.5, 0.0)
667.9995(0.0, 335.5, 0.0)
668.5161(0.0, 335.5, 0.0)
669.0327(0.0, 335.5, 0.0)
669.5494(0.0, 335.5, 0.0)
670.0494(0.0, 335.5, 0.0)
670.566(0.0, 335.5, 0.0)
671.0827(0.0, 335.5, 0.0)
671.5994(0.0, 335.5, 0.0)
672.1161(0.0, 335.5, 0.0)
672.6327(0.0, 335.5, 0.0)
673.1494(0.0, 335.5, 0.0)
673.666(0.0, 335.5, 0.0)
674.1827(0.0, 335.5, 0.0)
4, 5
674.6993(0.0, 335.5, 0.0)
675.1993(0.0, 335.5, 0.0)
675.7159(0.0, 335.5, 0.0)
676.216(0.0, 335.5, 0.0)
676.7327(0.0, 335.5, 0.0)
677.2493(0.0, 335.5, 0.0)
677.7659(0.0, 335.5, 0.0)
678.266(0.0, 335.5, 0.0)
678.7826(0.0, 335.5, 0.0)
679.2993(0.0, 335.5, 0.0)
679.8159(0.0, 335.5, 0.0)
680.3326(0.0, 335.5, 0.0)
680.8492(0.0, 335.5, 0.0)
681.3492(0.0, 335.5, 0.0)
681.8658(0.0, 335.5, 0.0)
682.3659(0.0, 335.5, 0.0)
682.8824(0.0, 335.5, 0.0)
683.3991(0.0, 335.5, 0.0)
683.8992(0.0, 335.5, 0.0)
684.4158(0.0, 335.5, 0.0)
684.9158(0.0, 335.5, 0.0)
685.4325(0.0, 335.5, 0.0)
4, 6
686.0657(0.0, 335.5, 0.0)
686.5824(0.0, 335.5, 0.0)
687.099(0.0, 335.5, 0.0)
687.6157(0.0, 335.5, 0.0)
688.1323(0.0, 335.5, 0.0)
688.6323(0.0, 335.5, 0.0)
689.149(0.0, 335.5, 0.0)
689.6657(0.0, 335.5, 0.0)
690.1823(0.0, 335.5, 0.0)
690.6989(0.0, 335.5, 0.0)
691.199(0.0, 335.5, 0.0)
691.7156(0.0, 335.5, 0.0)
692.2323(0.0, 335.5, 0.0)
692.7489(0.0, 335.5, 0.0)
693.2656(0.0, 335.5, 0.0)
693.7822(0.0, 335.5, 0.0)
694.2823(0.0, 335.5, 0.0)
694.799(0.0, 335.5, 0.0)
695.3156(0.0, 335.5, 0.0)
695.8156(0.0, 335.5, 0.0)
696.3322(0.0, 335.5, 0.0)
696.8322(0.0, 335.5, 0.0)
697.3488(0.0, 335.5, 0.0)
697.8655(0.0, 335.5, 0.0)
698.3822(0.0, 335.5, 0.0)
698.8989(0.0, 335.5, 0.0)
699.4155(0.0, 335.5, 0.0)
699.9321(0.0, 335.5, 0.0)
700.4487(0.0, 335.5, 0.0)
700.9655(0.0, 335.5, 0.0)
701.4821(0.0, 335.5, 0.0)
5, 1
701.9821(0.0, 335.5, 0.0)
702.4988(0.0, 335.5, 0.0)
703.0154(0.0, 335.5, 0.0)
703.5286(0.0, 335.5, 0.0)
704.0447(0.0, 335.5, 0.0)
704.5609(0.0, 335.5, 0.0)
705.077(0.0, 335.5, 0.0)
705.5931(0.0, 335.5, 0.0)
706.1093(0.0, 335.5, 0.0)
706.6254(0.0, 335.5, 0.0)
707.1416(0.0, 335.5, 0.0)
707.6578(0.0, 335.5, 0.0)
708.1739(0.0, 335.5, 0.0)
708.6901(0.0, 335.5, 0.0)
709.2062(0.0, 335.5, 0.0)
709.7224(0.0, 335.5, 0.0)
710.2385(0.0, 335.5, 0.0)
710.7546(0.0, 335.5, 0.0)
5, 2
711.2708(0.0, 335.5, 0.0)
711.7869(0.0, 335.5, 0.0)
712.3031(0.0, 335.5, 0.0)
712.8193(0.0, 335.5, 0.0)
713.3354(0.0, 335.5, 0.0)
713.8516(0.0, 335.5, 0.0)
714.3677(0.0, 335.5, 0.0)
714.8839(0.0, 335.5, 0.0)
715.4(0.0, 335.5, 0.0)
715.9161(0.0, 335.5, 0.0)
716.4323(0.0, 335.5, 0.0)
716.9485(0.0, 335.5, 0.0)
717.4652(0.0, 335.5, 0.0)
5, 3
717.9819(0.0, 335.5, 0.0)
718.4985(0.0, 335.5, 0.0)
719.0151(0.0, 335.5, 0.0)
719.5318(0.0, 335.5, 0.0)
720.0484(0.0, 335.5, 0.0)
720.5485(0.0, 335.5, 0.0)
721.0652(0.0, 335.5, 0.0)
721.5818(0.0, 335.5, 0.0)
722.0984(0.0, 335.5, 0.0)
722.6151(0.0, 335.5, 0.0)
723.1317(0.0, 335.5, 0.0)
5, 4
723.6484(0.0, 335.5, 0.0)
724.1651(0.0, 335.5, 0.0)
724.6817(0.0, 335.5, 0.0)
725.1818(0.0, 335.5, 0.0)
725.6984(0.0, 335.5, 0.0)
726.1984(0.0, 335.5, 0.0)
726.715(0.0, 335.5, 0.0)
727.2317(0.0, 335.5, 0.0)
727.7484(0.0, 335.5, 0.0)
728.265(0.0, 335.5, 0.0)
728.7816(0.0, 335.5, 0.0)
729.2817(0.0, 335.5, 0.0)
729.7983(0.0, 335.5, 0.0)
730.3149(0.0, 335.5, 0.0)
730.815(0.0, 335.5, 0.0)
731.3316(0.0, 335.5, 0.0)
731.8483(0.0, 335.5, 0.0)
5, 5
732.3649(0.0, 335.5, 0.0)
732.8649(0.0, 335.5, 0.0)
733.3816(0.0, 335.5, 0.0)
733.8982(0.0, 335.5, 0.0)
734.4149(0.0, 335.5, 0.0)
734.9316(0.0, 335.5, 0.0)
735.4482(0.0, 335.5, 0.0)
735.9649(0.0, 335.5, 0.0)
736.4815(0.0, 335.5, 0.0)
736.9982(0.0, 335.5, 0.0)
737.5149(0.0, 335.5, 0.0)
738.0316(0.0, 335.5, 0.0)
738.5482(0.0, 335.5, 0.0)
739.0649(0.0, 335.5, 0.0)
739.5815(0.0, 335.5, 0.0)
740.0981(0.0, 335.5, 0.0)
740.5981(0.0, 335.5, 0.0)
741.1148(0.0, 335.5, 0.0)
741.6315(0.0, 335.5, 0.0)
742.1481(0.0, 335.5, 0.0)
742.6647(0.0, 335.5, 0.0)
743.1648(0.0, 335.5, 0.0)
743.6814(0.0, 335.5, 0.0)
744.1981(0.0, 335.5, 0.0)
744.7147(0.0, 335.5, 0.0)
745.2147(0.0, 335.5, 0.0)
745.7314(0.0, 335.5, 0.0)
746.248(0.0, 335.5, 0.0)
746.7646(0.0, 335.5, 0.0)
747.2813(0.0, 335.5, 0.0)
747.798(0.0, 335.5, 0.0)
748.3147(0.0, 335.5, 0.0)
748.8313(0.0, 335.5, 0.0)
5, 6
749.5479(0.0, 335.5, 0.0)
750.048(0.0, 335.5, 0.0)
750.5646(0.0, 335.5, 0.0)
751.0813(0.0, 335.5, 0.0)
751.598(0.0, 335.5, 0.0)
752.1146(0.0, 335.5, 0.0)
752.6312(0.0, 335.5, 0.0)
753.1479(0.0, 335.5, 0.0)
753.6646(0.0, 335.5, 0.0)
754.1812(0.0, 335.5, 0.0)
754.6979(0.0, 335.5, 0.0)
755.2145(0.0, 335.5, 0.0)
755.7312(0.0, 335.5, 0.0)
6, 1
756.2479(0.0, 335.5, 0.0)
756.7645(0.0, 335.5, 0.0)
757.2812(0.0, 335.5, 0.0)
757.7979(0.0, 335.5, 0.0)
758.3145(0.0, 335.5, 0.0)
758.8312(0.0, 335.5, 0.0)
759.3478(0.0, 335.5, 0.0)
759.8644(0.0, 335.5, 0.0)
760.381(0.0, 335.5, 0.0)
6, 2
760.8811(0.0, 335.5, 0.0)
761.3978(0.0, 335.5, 0.0)
761.9144(0.0, 335.5, 0.0)
762.4311(0.0, 335.5, 0.0)
762.9478(0.0, 335.5, 0.0)
763.4644(0.0, 335.5, 0.0)
763.9811(0.0, 335.5, 0.0)
764.4977(0.0, 335.5, 0.0)
765.0143(0.0, 335.5, 0.0)
765.531(0.0, 335.5, 0.0)
766.0477(0.0, 335.5, 0.0)
766.5477(0.0, 335.5, 0.0)
767.0643(0.0, 335.5, 0.0)
6, 3
767.5811(0.0, 335.5, 0.0)
768.0977(0.0, 335.5, 0.0)
768.6143(0.0, 335.5, 0.0)
769.1309(0.0, 335.5, 0.0)
769.631(0.0, 335.5, 0.0)
770.1476(0.0, 335.5, 0.0)
770.6643(0.0, 335.5, 0.0)
771.181(0.0, 335.5, 0.0)
771.6976(0.0, 335.5, 0.0)
772.2142(0.0, 335.5, 0.0)
772.7143(0.0, 335.5, 0.0)
773.2309(0.0, 335.5, 0.0)
773.7475(0.0, 335.5, 0.0)
774.2642(0.0, 335.5, 0.0)
774.7642(0.0, 335.5, 0.0)
775.2808(0.0, 335.5, 0.0)
775.7809(0.0, 335.5, 0.0)
776.2975(0.0, 335.5, 0.0)
6, 4
776.8141(0.0, 335.5, 0.0)
777.3309(0.0, 335.5, 0.0)
777.8475(0.0, 335.5, 0.0)
778.3641(0.0, 335.5, 0.0)
778.8808(0.0, 335.5, 0.0)
779.3975(0.0, 335.5, 0.0)
779.9141(0.0, 335.5, 0.0)
780.4308(0.0, 335.5, 0.0)
780.9474(0.0, 335.5, 0.0)
781.4474(0.0, 335.5, 0.0)
781.9641(0.0, 335.5, 0.0)
782.4808(0.0, 335.5, 0.0)
782.9974(0.0, 335.5, 0.0)
783.514(0.0, 335.5, 0.0)
784.0307(0.0, 335.5, 0.0)
784.5308(0.0, 335.5, 0.0)
785.0474(0.0, 335.5, 0.0)
785.564(0.0, 335.5, 0.0)
786.0807(0.0, 335.5, 0.0)
786.5974(0.0, 335.5, 0.0)
787.114(0.0, 335.5, 0.0)
787.6306(0.0, 335.5, 0.0)
788.1473(0.0, 335.5, 0.0)
788.6473(0.0, 335.5, 0.0)
789.164(0.0, 335.5, 0.0)
789.6806(0.0, 335.5, 0.0)
790.1972(0.0, 335.5, 0.0)
790.6973(0.0, 335.5, 0.0)
791.2139(0.0, 335.5, 0.0)
791.714(0.0, 335.5, 0.0)
792.2306(0.0, 335.5, 0.0)
792.7473(0.0, 335.5, 0.0)
793.2639(0.0, 335.5, 0.0)
793.7805(0.0, 335.5, 0.0)
794.2972(0.0, 335.5, 0.0)
794.8139(0.0, 335.5, 0.0)
795.3305(0.0, 335.5, 0.0)
6, 5
795.8306(0.0, 335.5, 0.0)
796.3472(0.0, 335.5, 0.0)
796.8472(0.0, 335.5, 0.0)
797.3638(0.0, 335.5, 0.0)
797.8804(0.0, 335.5, 0.0)
798.3971(0.0, 335.5, 0.0)
798.9138(0.0, 335.5, 0.0)
799.4304(0.0, 335.5, 0.0)
799.9471(0.0, 335.5, 0.0)
800.4638(0.0, 335.5, 0.0)
800.9805(0.0, 335.5, 0.0)
801.4971(0.0, 335.5, 0.0)
802.0138(0.0, 335.5, 0.0)
802.5304(0.0, 335.5, 0.0)
803.047(0.0, 335.5, 0.0)
803.5471(0.0, 335.5, 0.0)
804.0637(0.0, 335.5, 0.0)
804.5804(0.0, 335.5, 0.0)
805.097(0.0, 335.5, 0.0)
805.6137(0.0, 335.5, 0.0)
806.1304(0.0, 335.5, 0.0)
806.647(0.0, 335.5, 0.0)
807.147(0.0, 335.5, 0.0)
807.6637(0.0, 335.5, 0.0)
6, 6
808.1804(0.0, 335.5, 0.0)
808.6969(0.0, 335.5, 0.0)
809.197(0.0, 335.5, 0.0)
809.7136(0.0, 335.5, 0.0)
810.2303(0.0, 335.5, 0.0)
810.7469(0.0, 335.5, 0.0)
811.2635(0.0, 335.5, 0.0)
811.7636(0.0, 335.5, 0.0)
812.2803(0.0, 335.5, 0.0)
812.7969(0.0, 335.5, 0.0)
813.3135(0.0, 335.5, 0.0)
813.8302(0.0, 335.5, 0.0)
814.3469(0.0, 335.5, 0.0)
7, 1
814.8635(0.0, 335.5, 0.0)
815.3802(0.0, 335.5, 0.0)
815.8802(0.0, 335.5, 0.0)
816.3968(0.0, 335.5, 0.0)
816.9135(0.0, 335.5, 0.0)
817.4302(0.0, 335.5, 0.0)
817.9468(0.0, 335.5, 0.0)
818.4634(0.0, 335.5, 0.0)
818.9801(0.0, 335.5, 0.0)
819.4802(0.0, 335.5, 0.0)
819.9968(0.0, 335.5, 0.0)
820.5135(0.0, 335.5, 0.0)
821.0301(0.0, 335.5, 0.0)
821.5468(0.0, 335.5, 0.0)
822.0634(0.0, 335.5, 0.0)
822.5634(0.0, 335.5, 0.0)
823.0801(0.0, 335.5, 0.0)
823.5967(0.0, 335.5, 0.0)
824.1134(0.0, 335.5, 0.0)
824.6301(0.0, 335.5, 0.0)
825.1467(0.0, 335.5, 0.0)
825.6633(0.0, 335.5, 0.0)
826.1801(0.0, 335.5, 0.0)
7, 2
826.6967(0.0, 335.5, 0.0)
827.2134(0.0, 335.5, 0.0)
827.73(0.0, 335.5, 0.0)
828.2466(0.0, 335.5, 0.0)
828.7632(0.0, 335.5, 0.0)
829.2633(0.0, 335.5, 0.0)
829.78(0.0, 335.5, 0.0)
830.2966(0.0, 335.5, 0.0)
830.8132(0.0, 335.5, 0.0)
831.3133(0.0, 335.5, 0.0)
831.8299(0.0, 335.5, 0.0)
832.3466(0.0, 335.5, 0.0)
832.8633(0.0, 335.5, 0.0)
7, 3
833.3798(0.0, 335.5, 0.0)
833.8799(0.0, 335.5, 0.0)
834.3965(0.0, 335.5, 0.0)
834.9131(0.0, 335.5, 0.0)
835.4298(0.0, 335.5, 0.0)
835.9299(0.0, 335.5, 0.0)
836.4465(0.0, 335.5, 0.0)
836.9465(0.0, 335.5, 0.0)
837.4632(0.0, 271.6, 0.0)
837.9799(0.0, 203.9, 0.0)
838.4965(0.0, 233.2, 0.0)
839.0131(0.0, 205.5, 0.0)
839.5131(0.0, 207.4, 0.0)
840.0297(0.0, 208.0, 0.0)
840.5298(0.0, 207.3, 0.0)
841.0464(0.0, 201.2, 0.0)
841.563(0.0, 190.2, 0.0)
842.0631(0.0, 188.6, 0.0)
842.5798(0.0, 186.3, 0.0)
843.0964(0.0, 182.5, 0.0)
843.6131(0.0, 213.2, 0.0)
844.1297(0.0, 297.5, 0.0)
844.6464(0.0, 251.7, 0.0)
845.163(0.0, 249.0, 0.0)
845.6797(0.0, 249.0, 0.0)
846.1963(0.0, 249.0, 0.0)
846.713(0.0, 249.0, 0.0)
847.2296(0.0, 233.8, 0.0)
847.7297(0.0, 228.1, 0.0)
848.2463(0.0, 225.8, 0.0)
848.7629(0.0, 225.8, 0.0)
849.2796(0.0, 223.1, 0.0)
849.7963(0.0, 221.5, 0.0)
850.2963(0.0, 221.5, 0.0)
850.813(0.0, 247.9, 0.0)
851.3295(0.0, 308.2, 0.0)
851.8463(0.0, 12.1, 0.0)
852.3629(0.0, 40.7, 0.0)
852.8796(0.0, 23.7, 0.0)
853.3962(0.0, 19.3, 0.0)
853.9129(0.0, 19.3, 0.0)
854.4296(0.0, 19.3, 0.0)
854.9462(0.0, 19.3, 0.0)
855.4628(0.0, 19.3, 0.0)
7, 4
855.9629(0.0, 19.3, 0.0)
856.4795(0.0, 19.3, 0.0)
856.9796(0.0, 19.3, 0.0)
857.4962(0.0, 19.3, 0.0)
858.0128(0.0, 19.3, 0.0)
858.5295(0.0, 19.3, 0.0)
859.0461(0.0, 19.3, 0.0)
859.5628(0.0, 19.3, 0.0)
860.0795(0.0, 19.3, 0.0)
860.5961(0.0, 19.3, 0.0)
861.1127(0.0, 19.3, 0.0)
7, 5
861.6294(0.0, 19.3, 0.0)
862.1461(0.0, 19.3, 0.0)
862.6627(0.0, 19.3, 0.0)
863.1794(0.0, 19.3, 0.0)
863.696(0.0, 19.3, 0.0)
864.196(0.0, 19.3, 0.0)
864.7127(0.0, 19.3, 0.0)
865.2294(0.0, 19.3, 0.0)
865.746(0.0, 19.3, 0.0)
866.246(0.0, 19.3, 0.0)
866.7627(0.0, 19.3, 0.0)
867.2793(0.0, 19.3, 0.0)
867.796(0.0, 19.3, 0.0)
868.296(0.0, 19.3, 0.0)
868.8127(0.0, 19.3, 0.0)
7, 6
869.3293(0.0, 19.3, 0.0)
869.8459(0.0, 19.3, 0.0)
870.3625(0.0, 19.3, 0.0)
870.8626(0.0, 19.3, 0.0)
871.3793(0.0, 19.3, 0.0)
871.8958(0.0, 19.3, 0.0)
872.3959(0.0, 19.3, 0.0)
872.9125(0.0, 19.3, 0.0)
873.4292(0.0, 19.3, 0.0)
873.9459(0.0, 19.3, 0.0)
874.4625(0.0, 19.3, 0.0)
874.9791(0.0, 19.3, 0.0)
875.4792(0.0, 19.3, 0.0)
875.9958(0.0, 19.3, 0.0)
8, 1
876.5125(0.0, 19.3, 0.0)
877.0125(0.0, 19.3, 0.0)
877.5291(0.0, 19.3, 0.0)
878.0458(0.0, 6.5, 0.0)
878.5625(0.0, 338.0, 0.0)
879.0792(0.0, 327.5, 0.0)
879.5958(0.0, 327.3, 0.0)
880.1124(0.0, 327.3, 0.0)
880.6291(0.0, 327.3, 0.0)
881.1457(0.0, 342.3, 0.0)
881.6624(0.0, 343.3, 0.0)
882.179(0.0, 343.3, 0.0)
8, 2
882.6957(0.0, 343.3, 0.0)
883.2124(0.0, 343.3, 0.0)
883.729(0.0, 343.3, 0.0)
884.2456(0.0, 343.3, 0.0)
884.7624(0.0, 343.3, 0.0)
885.279(0.0, 343.3, 0.0)
885.7957(0.0, 343.3, 0.0)
886.3123(0.0, 343.3, 0.0)
886.8289(0.0, 343.3, 0.0)
887.3456(0.0, 343.3, 0.0)
8, 3
887.8456(0.0, 343.3, 0.0)
888.3622(0.0, 343.3, 0.0)
888.8789(0.0, 343.3, 0.0)
889.379(0.0, 51.7, 0.0)
889.8956(0.0, 11.4, 0.0)
890.4122(0.0, 356.8, 0.0)
890.9122(0.0, 356.8, 0.0)
891.4288(0.0, 355.2, 0.0)
891.9455(0.0, 326.3, 0.0)
892.4622(0.0, 329.5, 0.0)
892.9788(0.0, 8.0, 0.0)
893.4955(0.0, 353.5, 0.0)
894.0121(0.0, 353.3, 0.0)
894.5288(0.0, 353.3, 0.0)
8, 4
895.0455(0.0, 353.3, 0.0)
895.5455(0.0, 353.3, 0.0)
896.0621(0.0, 353.3, 0.0)
896.5788(0.0, 353.3, 0.0)
897.0954(0.0, 353.3, 0.0)
897.6121(0.0, 353.3, 0.0)
898.1287(0.0, 353.3, 0.0)
898.6288(0.0, 353.3, 0.0)
899.1454(0.0, 353.3, 0.0)
899.662(0.0, 353.3, 0.0)
900.1621(0.0, 353.3, 0.0)
8, 5
900.6788(0.0, 353.3, 0.0)
901.1954(0.0, 353.3, 0.0)
901.712(0.0, 353.3, 0.0)
902.2121(0.0, 336.3, 0.0)
902.7287(0.0, 324.2, 0.0)
903.2454(0.0, 338.9, 0.0)
903.762(0.0, 3.9, 0.0)
904.2786(0.0, 38.1, 0.0)
904.7787(0.0, 43.5, 0.0)
905.2953(0.0, 23.6, 0.0)
905.812(0.0, 13.2, 0.0)
906.3286(0.0, 347.5, 0.0)
906.8287(0.0, 355.5, 0.0)
907.3453(0.0, 352.5, 0.0)
907.8619(0.0, 351.8, 0.0)
908.362(0.0, 351.8, 0.0)
908.8786(0.0, 351.8, 0.0)
909.3952(0.0, 351.8, 0.0)
909.8953(0.0, 351.8, 0.0)
910.4119(0.0, 351.8, 0.0)
8, 6
911.0952(0.0, 351.8, 0.0)
911.5952(0.0, 351.8, 0.0)
912.1118(0.0, 349.6, 0.0)
912.6119(0.0, 323.5, 0.0)
913.1285(0.0, 346.7, 0.0)
913.6285(0.0, 351.0, 0.0)
914.1451(0.0, 349.3, 0.0)
914.6618(0.0, 349.3, 0.0)
915.1785(0.0, 349.0, 0.0)
915.6951(0.0, 348.3, 0.0)
916.2118(0.0, 348.3, 0.0)
916.7284(0.0, 348.3, 0.0)
917.2451(0.0, 348.3, 0.0)
917.7451(0.0, 348.3, 0.0)
918.2617(0.0, 347.2, 0.0)
9, 1
918.7618(0.0, 346.5, 0.0)
919.2784(0.0, 346.5, 0.0)
919.795(0.0, 346.5, 0.0)
920.3117(0.0, 346.5, 0.0)
920.8284(0.0, 346.5, 0.0)
921.345(0.0, 345.3, 0.0)
921.845(0.0, 345.0, 0.0)
922.3617(0.0, 345.0, 0.0)
922.8784(0.0, 345.0, 0.0)
923.395(0.0, 345.0, 0.0)
923.9117(0.0, 345.0, 0.0)
924.4283(0.0, 345.0, 0.0)
924.945(0.0, 345.0, 0.0)
925.4616(0.0, 345.0, 0.0)
925.9783(0.0, 345.0, 0.0)
926.4949(0.0, 345.0, 0.0)
927.0116(0.0, 344.2, 0.0)
927.5283(0.0, 343.8, 0.0)
928.0449(0.0, 343.8, 0.0)
928.5616(0.0, 343.8, 0.0)
929.0782(0.0, 343.8, 0.0)
929.5948(0.0, 343.8, 0.0)
9, 2
930.0949(0.0, 335.1, 0.0)
930.6116(0.0, 332.8, 0.0)
931.1282(0.0, 332.8, 0.0)
931.6448(0.0, 327.7, 0.0)
932.1616(0.0, 305.3, 0.0)
932.6782(0.0, 305.3, 0.0)
933.1948(0.0, 304.7, 0.0)
933.7115(0.0, 304.5, 0.0)
934.2282(0.0, 304.5, 0.0)
934.7448(0.0, 304.5, 0.0)
935.2448(0.0, 304.5, 0.0)
935.7614(0.0, 304.5, 0.0)
936.2615(0.0, 304.5, 0.0)
936.7781(0.0, 304.5, 0.0)
937.2947(0.0, 304.5, 0.0)
937.7948(0.0, 304.5, 0.0)
938.3114(0.0, 304.5, 0.0)
938.8281(0.0, 304.5, 0.0)
939.3447(0.0, 304.5, 0.0)
939.8614(0.0, 304.5, 0.0)
940.3781(0.0, 304.5, 0.0)
940.8947(0.0, 304.5, 0.0)
941.3947(0.0, 304.5, 0.0)
941.9114(0.0, 304.5, 0.0)
942.428(0.0, 304.5, 0.0)
942.9447(0.0, 304.5, 0.0)
9, 3
943.4613(0.0, 304.5, 0.0)
943.978(0.0, 304.5, 0.0)
944.4946(0.0, 304.5, 0.0)
945.0113(0.0, 304.5, 0.0)
945.528(0.0, 304.5, 0.0)
946.0446(0.0, 304.5, 0.0)
946.5613(0.0, 304.5, 0.0)
947.0779(0.0, 304.5, 0.0)
947.5946(0.0, 304.5, 0.0)
948.1113(0.0, 304.5, 0.0)
948.6279(0.0, 304.5, 0.0)
949.1445(0.0, 304.5, 0.0)
949.6446(0.0, 302.3, 0.0)
950.1613(0.0, 302.3, 0.0)
950.6779(0.0, 302.3, 0.0)
951.1779(0.0, 302.3, 0.0)
951.6945(0.0, 302.3, 0.0)
952.2112(0.0, 302.3, 0.0)
952.7278(0.0, 302.3, 0.0)
953.2445(0.0, 302.3, 0.0)
9, 4
953.7611(0.0, 302.3, 0.0)
954.2612(0.0, 302.3, 0.0)
954.7778(0.0, 302.3, 0.0)
955.2778(0.0, 302.3, 0.0)
955.7944(0.0, 302.3, 0.0)
956.3111(0.0, 302.3, 0.0)
956.8278(0.0, 302.3, 0.0)
957.3444(0.0, 302.3, 0.0)
957.8611(0.0, 302.3, 0.0)
958.3777(0.0, 302.3, 0.0)
958.8944(0.0, 302.3, 0.0)
959.4111(0.0, 302.3, 0.0)
959.9277(0.0, 302.3, 0.0)
960.4443(0.0, 302.3, 0.0)
960.961(0.0, 302.3, 0.0)
961.4777(0.0, 302.3, 0.0)
961.9943(0.0, 302.3, 0.0)
962.5109(0.0, 302.3, 0.0)
963.011(0.0, 302.3, 0.0)
963.5277(0.0, 302.3, 0.0)
964.0443(0.0, 302.3, 0.0)
964.561(0.0, 302.3, 0.0)
965.0776(0.0, 302.3, 0.0)
965.5943(0.0, 302.3, 0.0)
9, 5
966.1109(0.0, 302.3, 0.0)
966.611(0.0, 302.3, 0.0)
967.1276(0.0, 302.3, 0.0)
967.6276(0.0, 302.3, 0.0)
968.1442(0.0, 302.3, 0.0)
968.6609(0.0, 302.3, 0.0)
969.1776(0.0, 302.3, 0.0)
969.6942(0.0, 302.3, 0.0)
970.1942(0.0, 302.3, 0.0)
970.7109(0.0, 302.3, 0.0)
971.2275(0.0, 302.3, 0.0)
971.7442(0.0, 302.3, 0.0)
972.2609(0.0, 284.8, 0.0)
972.7775(0.0, 284.8, 0.0)
973.2775(0.0, 284.8, 0.0)
973.7942(0.0, 284.8, 0.0)
974.3108(0.0, 284.8, 0.0)
974.8275(0.0, 284.8, 0.0)
975.3441(0.0, 284.8, 0.0)
975.8607(0.0, 284.8, 0.0)
976.3774(0.0, 296.0, 0.0)
976.894(0.0, 357.2, 0.0)
977.3941(0.0, 355.8, 0.0)
9, 6
977.9108(0.0, 355.5, 0.0)
978.4274(0.0, 354.4, 0.0)
978.944(0.0, 353.3, 0.0)
979.4441(0.0, 316.8, 0.0)
979.9607(0.0, 315.9, 0.0)
980.4773(0.0, 334.2, 0.0)
980.9774(0.0, 333.0, 0.0)
981.494(0.0, 333.0, 0.0)
982.0107(0.0, 333.0, 0.0)
982.5273(0.0, 333.0, 0.0)
983.0439(0.0, 333.0, 0.0)
983.544(0.0, 333.0, 0.0)
984.0607(0.0, 333.0, 0.0)
984.5773(0.0, 333.0, 0.0)
985.094(0.0, 333.0, 0.0)
985.6107(0.0, 333.5, 0.0)
10, 1
986.1272(0.0, 356.0, 0.0)
986.6273(0.0, 355.3, 0.0)
987.1439(0.0, 6.2, 0.0)
987.6606(0.0, 37.0, 0.0)
988.1772(0.0, 352.6, 0.0)
988.6938(0.0, 332.5, 0.0)
989.1939(0.0, 18.8, 0.0)
989.7106(0.0, 18.8, 0.0)
990.2272(0.0, 19.5, 0.0)
990.7438(0.0, 18.7, 0.0)
991.2438(0.0, 11.7, 0.0)
991.7605(0.0, 8.6, 0.0)
992.2771(0.0, 8.3, 0.0)
10, 2
992.7939(0.0, 10.1, 0.0)
993.3105(0.0, 10.3, 0.0)
993.8271(0.0, 8.3, 0.0)
994.3438(0.0, 327.4, 0.0)
994.8604(0.0, 259.4, 0.0)
995.3605(0.0, 196.3, 0.0)
995.8771(0.0, 78.2, 0.0)
996.3771(0.0, 101.2, 0.0)
996.8937(0.0, 172.0, 0.0)
997.3937(0.0, 200.3, 0.0)
997.9105(0.0, 243.8, 0.0)
998.4271(0.0, 232.0, 0.0)
998.9437(0.0, 250.6, 0.0)
999.4604(0.0, 252.8, 0.0)
999.9771(0.0, 252.8, 0.0)
1000.494(0.0, 252.8, 0.0)
1001.01(0.0, 252.8, 0.0)
1001.51(0.0, 252.8, 0.0)
1002.027(0.0, 252.8, 0.0)
1002.544(0.0, 235.6, 0.0)
1003.06(0.0, 203.7, 0.0)
1003.577(0.0, 245.5, 0.0)
1004.077(0.0, 246.7, 0.0)
1004.594(0.0, 242.5, 0.0)
1005.094(0.0, 242.5, 0.0)
1005.61(0.0, 253.4, 0.0)
1006.127(0.0, 317.6, 0.0)
1006.644(0.0, 25.5, 0.0)
1007.16(0.0, 22.9, 0.0)
1007.677(0.0, 21.3, 0.0)
1008.194(0.0, 20.9, 0.0)
1008.71(0.0, 18.1, 0.0)
1009.227(0.0, 12.8, 0.0)
1009.744(0.0, 9.5, 0.0)
1010.26(0.0, 9.5, 0.0)
1010.777(0.0, 9.5, 0.0)
1011.294(0.0, 9.5, 0.0)
1011.81(0.0, 9.5, 0.0)
10, 3
1012.327(0.0, 6.5, 0.0)
1012.844(0.0, 6.0, 0.0)
1013.36(0.0, 6.0, 0.0)
1013.877(0.0, 6.0, 0.0)
1014.393(0.0, 6.0, 0.0)
1014.893(0.0, 6.0, 0.0)
1015.41(0.0, 6.0, 0.0)
1015.927(0.0, 3.5, 0.0)
1016.443(0.0, 3.5, 0.0)
10, 4
1016.96(0.0, 3.5, 0.0)
1017.477(0.0, 3.5, 0.0)
1017.993(0.0, 0.7, 0.0)
1018.51(0.0, 336.5, 0.0)
1019.027(0.0, 334.5, 0.0)
1019.527(0.0, 342.6, 0.0)
1020.043(0.0, 346.2, 0.0)
1020.56(0.0, 342.0, 0.0)
1021.077(0.0, 342.0, 0.0)
1021.577(0.0, 342.0, 0.0)
1022.093(0.0, 342.0, 0.0)
1022.61(0.0, 342.0, 0.0)
1023.127(0.0, 342.0, 0.0)
1023.643(0.0, 342.0, 0.0)
1024.143(0.0, 342.0, 0.0)
1024.66(0.0, 341.0, 0.0)
1025.177(0.0, 341.0, 0.0)
10, 5
1025.693(0.0, 341.0, 0.0)
1026.21(0.0, 341.0, 0.0)
1026.727(0.0, 334.5, 0.0)
1027.243(0.0, 328.1, 0.0)
1027.76(0.0, 345.1, 0.0)
1028.276(0.0, 9.4, 0.0)
1028.793(0.0, 356.2, 0.0)
1029.31(0.0, 353.5, 0.0)
1029.81(0.0, 352.8, 0.0)
1030.326(0.0, 352.8, 0.0)
1030.827(0.0, 352.8, 0.0)
1031.343(0.0, 352.8, 0.0)
1031.86(0.0, 352.8, 0.0)
1032.376(0.0, 352.8, 0.0)
1032.893(0.0, 352.8, 0.0)
1033.41(0.0, 352.8, 0.0)
10, 6
1033.943(0.0, 330.1, 0.0)
1034.46(0.0, 316.0, 0.0)
1034.976(0.0, 4.9, 0.0)
1035.493(0.0, 64.5, 0.0)
1035.993(0.0, 7.1, 0.0)
1036.51(0.0, 356.1, 0.0)
1037.026(0.0, 26.8, 0.0)
1037.543(0.0, 18.3, 0.0)
1038.06(0.0, 1.6, 0.0)
1038.56(0.0, 349.5, 0.0)
1039.076(0.0, 349.5, 0.0)
1039.593(0.0, 349.5, 0.0)
1040.11(0.0, 349.5, 0.0)
1040.626(0.0, 349.5, 0.0)
1041.143(0.0, 349.5, 0.0)
1041.643(0.0, 349.5, 0.0)
1042.16(0.0, 349.5, 0.0)
1042.676(0.0, 349.5, 0.0)
1043.193(0.0, 349.5, 0.0)
1043.71(0.0, 349.5, 0.0)
11, 1
1044.21(0.0, 349.5, 0.0)
1044.726(0.0, 349.5, 0.0)
1045.243(0.0, 352.3, 0.0)
1045.76(0.0, 8.4, 0.0)
1046.276(0.0, 16.0, 0.0)
1046.793(0.0, 11.8, 0.0)
1047.31(0.0, 11.6, 0.0)
1047.826(0.0, 11.3, 0.0)
1048.326(0.0, 11.3, 0.0)
1048.843(0.0, 11.3, 0.0)
1049.359(0.0, 11.3, 0.0)
1049.876(0.0, 11.3, 0.0)
1050.393(0.0, 11.3, 0.0)
1050.91(0.0, 11.3, 0.0)
11, 2
1051.426(0.0, 11.3, 0.0)
1051.943(0.0, 11.3, 0.0)
1052.443(0.0, 11.3, 0.0)
1052.959(0.0, 354.6, 0.0)
1053.476(0.0, 347.8, 0.0)
1053.993(0.0, 347.8, 0.0)
1054.509(0.0, 347.8, 0.0)
1055.026(0.0, 347.8, 0.0)
1055.543(0.0, 347.8, 0.0)
1056.059(0.0, 347.8, 0.0)
1056.576(0.0, 347.8, 0.0)
1057.093(0.0, 347.8, 0.0)
1057.593(0.0, 347.8, 0.0)
11, 3
1058.109(0.0, 347.8, 0.0)
1058.626(0.0, 347.8, 0.0)
1059.143(0.0, 347.8, 0.0)
1059.659(0.0, 337.3, 0.0)
1060.176(0.0, 5.7, 0.0)
1060.693(0.0, 346.8, 0.0)
1061.209(0.0, 349.9, 0.0)
1061.726(0.0, 7.5, 0.0)
1062.243(0.0, 5.5, 0.0)
1062.759(0.0, 5.5, 0.0)
1063.276(0.0, 5.5, 0.0)
1063.793(0.0, 5.5, 0.0)
1064.309(0.0, 5.5, 0.0)
1064.826(0.0, 5.5, 0.0)
11, 4
1065.343(0.0, 5.5, 0.0)
1065.859(0.0, 5.5, 0.0)
1066.376(0.0, 5.5, 0.0)
1066.893(0.0, 5.5, 0.0)
1067.409(0.0, 5.5, 0.0)
1067.926(0.0, 5.5, 0.0)
1068.443(0.0, 5.5, 0.0)
1068.959(0.0, 5.5, 0.0)
1069.476(0.0, 19.7, 0.0)
1069.993(0.0, 19.2, 0.0)
1070.509(0.0, 358.0, 0.0)
1071.026(0.0, 358.0, 0.0)
1071.542(0.0, 358.0, 0.0)
1072.059(0.0, 358.0, 0.0)
1072.576(0.0, 358.0, 0.0)
11, 5
1073.093(0.0, 358.0, 0.0)
1073.609(0.0, 358.0, 0.0)
1074.126(0.0, 353.2, 0.0)
1074.642(0.0, 344.3, 0.0)
1075.159(0.0, 16.3, 0.0)
1075.676(0.0, 12.5, 0.0)
1076.192(0.0, 12.5, 0.0)
1076.709(0.0, 12.5, 0.0)
1077.226(0.0, 12.5, 0.0)
1077.742(0.0, 12.5, 0.0)
1078.259(0.0, 12.5, 0.0)
1078.776(0.0, 12.5, 0.0)
1079.292(0.0, 12.5, 0.0)
1079.809(0.0, 12.5, 0.0)
1080.326(0.0, 12.5, 0.0)
1080.842(0.0, 12.5, 0.0)
11, 6
1081.359(0.0, 13.7, 0.0)
1081.892(0.0, 13.8, 0.0)
1082.409(0.0, 329.4, 0.0)
1082.926(0.0, 56.5, 0.0)
1083.442(0.0, 72.7, 0.0)
1083.959(0.0, 28.5, 0.0)
1084.476(0.0, 27.6, 0.0)
1084.992(0.0, 27.0, 0.0)
1085.509(0.0, 27.0, 0.0)
1086.026(0.0, 27.0, 0.0)
1086.542(0.0, 27.5, 0.0)
1087.076(0.0, 28.0, 0.0)
1087.609(0.0, 15.3, 0.0)
1088.125(0.0, 15.9, 0.0)
1088.642(0.0, 12.8, 0.0)
1089.159(0.0, 12.8, 0.0)
1089.676(0.0, 12.8, 0.0)
12, 1
1090.209(0.0, 12.8, 0.0)
1090.725(0.0, 12.8, 0.0)
1091.242(0.0, 10.4, 0.0)
1091.759(0.0, 47.3, 0.0)
1092.276(0.0, 47.5, 0.0)
1092.792(0.0, 29.3, 0.0)
1093.309(0.0, 27.8, 0.0)
1093.825(0.0, 27.8, 0.0)
1094.342(0.0, 27.8, 0.0)
1094.859(0.0, 27.8, 0.0)
1095.375(0.0, 27.8, 0.0)
1095.892(0.0, 27.8, 0.0)
1096.409(0.0, 27.8, 0.0)
1096.925(0.0, 27.8, 0.0)
12, 2
1097.442(0.0, 27.8, 0.0)
1097.959(0.0, 27.8, 0.0)
1098.475(0.0, 7.4, 0.0)
1098.975(0.0, 325.6, 0.0)
1099.492(0.0, 295.2, 0.0)
1100.009(0.0, 17.1, 0.0)
1100.525(0.0, 98.8, 0.0)
1101.042(0.0, 35.1, 0.0)
1101.559(0.0, 4.8, 0.0)
1102.075(0.0, 1.5, 0.0)
1102.592(0.0, 357.3, 0.0)
1103.109(0.0, 357.3, 0.0)
1103.625(0.0, 357.3, 0.0)
1104.142(0.0, 357.3, 0.0)
1104.659(0.0, 357.3, 0.0)
1105.175(0.0, 357.3, 0.0)
1105.692(0.0, 357.3, 0.0)
12, 3
1106.225(0.0, 357.3, 0.0)
1106.742(0.0, 357.3, 0.0)
1107.259(0.0, 357.3, 0.0)
1107.775(0.0, 357.3, 0.0)
1108.292(0.0, 357.3, 0.0)
1108.808(0.0, 13.4, 0.0)
1109.325(0.0, 65.0, 0.0)
1109.842(0.0, 60.9, 0.0)
1110.359(0.0, 43.3, 0.0)
1110.875(0.0, 43.3, 0.0)
1111.392(0.0, 36.4, 0.0)
1111.908(0.0, 31.8, 0.0)
1112.442(0.0, 30.5, 0.0)
1112.958(0.0, 30.5, 0.0)
1113.475(0.0, 30.5, 0.0)
1113.992(0.0, 30.5, 0.0)
1114.509(0.0, 30.5, 0.0)
12, 4
1115.025(0.0, 28.0, 0.0)
1115.542(0.0, 27.3, 0.0)
1116.058(0.0, 16.4, 0.0)
1116.575(0.0, 335.5, 0.0)
1117.092(0.0, 279.3, 0.0)
1117.608(0.0, 315.3, 0.0)
1118.125(0.0, 333.5, 0.0)
1118.642(0.0, 334.4, 0.0)
1119.158(0.0, 357.7, 0.0)
1119.675(0.0, 357.8, 0.0)
1120.192(0.0, 357.8, 0.0)
1120.708(0.0, 357.2, 0.0)
1121.208(0.0, 355.8, 0.0)
1121.725(0.0, 355.3, 0.0)
1122.242(0.0, 355.1, 0.0)
1122.758(0.0, 355.0, 0.0)
1123.275(0.0, 355.0, 0.0)
1123.792(0.0, 355.0, 0.0)
1124.308(0.0, 355.0, 0.0)
1124.842(0.0, 355.0, 0.0)
1125.358(0.0, 355.0, 0.0)
1125.875(0.0, 355.0, 0.0)
12, 5
1126.392(0.0, 355.0, 0.0)
1126.908(0.0, 355.0, 0.0)
1127.425(0.0, 355.0, 0.0)
1127.925(0.0, 355.0, 0.0)
1128.442(0.0, 355.0, 0.0)
1128.958(0.0, 355.0, 0.0)
1129.475(0.0, 355.0, 0.0)
1129.991(0.0, 355.0, 0.0)
1130.508(0.0, 355.0, 0.0)
1131.025(0.0, 355.0, 0.0)
1131.542(0.0, 355.2, 0.0)
1132.058(0.0, 19.3, 0.0)
1132.575(0.0, 13.6, 0.0)
1133.108(0.0, 359.1, 0.0)
1133.625(0.0, 356.0, 0.0)
1134.158(0.0, 356.0, 0.0)
1134.675(0.0, 356.0, 0.0)
1135.191(0.0, 356.0, 0.0)
1135.708(0.0, 356.0, 0.0)
1136.241(0.0, 13.0, 0.0)
1136.775(0.0, 12.3, 0.0)
1137.291(0.0, 8.5, 0.0)
1137.808(0.0, 8.3, 0.0)
1138.325(0.0, 8.3, 0.0)
1138.858(0.0, 8.3, 0.0)
1139.375(0.0, 8.3, 0.0)
1139.891(0.0, 8.3, 0.0)
12, 6
1140.425(0.0, 8.3, 0.0)
1140.941(0.0, 8.3, 0.0)
1141.458(0.0, 8.3, 0.0)
1141.975(0.0, 349.9, 0.0)
1142.491(0.0, 357.8, 0.0)
1143.008(0.0, 357.8, 0.0)
1143.525(0.0, 357.8, 0.0)
1144.041(0.0, 357.8, 0.0)
1144.558(0.0, 357.8, 0.0)
1145.075(0.0, 357.8, 0.0)
1145.591(0.0, 357.8, 0.0)
1146.108(0.0, 357.8, 0.0)
1146.625(0.0, 357.8, 0.0)
1147.141(0.0, 357.8, 0.0)
1147.658(0.0, 357.8, 0.0)
1148.175(0.0, 357.8, 0.0)
1148.681(0.0, 357.8, 0.0)
1149.197(0.0, 357.8, 0.0)
13, 1
1149.714(0.0, 357.8, 0.0)
1150.23(0.0, 357.8, 0.0)
1150.746(0.0, 357.8, 0.0)
1151.262(0.0, 2.8, 0.0)
1151.778(0.0, 10.5, 0.0)
1152.294(0.0, 0.4, 0.0)
1152.81(0.0, 359.3, 0.0)
1153.327(0.0, 15.5, 0.0)
1153.843(0.0, 6.3, 0.0)
1154.359(0.0, 2.3, 0.0)
1154.875(0.0, 2.3, 0.0)
1155.391(0.0, 3.2, 0.0)
1155.908(0.0, 3.9, 0.0)
1156.424(0.0, 5.5, 0.0)
1156.941(0.0, 358.4, 0.0)
1157.458(0.0, 348.8, 0.0)
1157.974(0.0, 348.8, 0.0)
1158.491(0.0, 348.8, 0.0)
1159.008(0.0, 348.8, 0.0)
13, 2
1159.524(0.0, 348.8, 0.0)
1160.024(0.0, 348.8, 0.0)
1160.541(0.0, 7.7, 0.0)
1161.058(0.0, 3.9, 0.0)
1161.574(0.0, 3.5, 0.0)
1162.074(0.0, 2.0, 0.0)
1162.591(0.0, 1.3, 0.0)
1163.108(0.0, 1.3, 0.0)
1163.624(0.0, 1.3, 0.0)
1164.141(0.0, 1.3, 0.0)
1164.658(0.0, 1.3, 0.0)
1165.174(0.0, 1.3, 0.0)
1165.691(0.0, 0.0, 0.0)
1166.208(0.0, 359.0, 0.0)
1166.724(0.0, 358.8, 0.0)
13, 3
1167.241(0.0, 358.8, 0.0)
1167.758(0.0, 358.8, 0.0)
1168.274(0.0, 358.8, 0.0)
1168.791(0.0, 28.1, 0.0)
1169.291(0.0, 13.5, 0.0)
1169.807(0.0, 13.3, 0.0)
1170.324(0.0, 346.3, 0.0)
1170.841(0.0, 357.9, 0.0)
1171.358(0.0, 355.0, 0.0)
1171.874(0.0, 355.0, 0.0)
1172.391(0.0, 355.0, 0.0)
1172.907(0.0, 355.0, 0.0)
1173.407(0.0, 355.0, 0.0)
1173.924(0.0, 355.0, 0.0)
1174.441(0.0, 355.0, 0.0)
1174.958(0.0, 355.0, 0.0)
1175.474(0.0, 355.0, 0.0)
1175.991(0.0, 355.0, 0.0)
13, 4
1176.507(0.0, 355.0, 0.0)
1177.024(0.0, 355.0, 0.0)
1177.541(0.0, 353.2, 0.0)
1178.057(0.0, 17.7, 0.0)
1178.574(0.0, 357.0, 0.0)
1179.091(0.0, 21.1, 0.0)
1179.607(0.0, 18.3, 0.0)
1180.124(0.0, 2.8, 0.0)
1180.641(0.0, 350.8, 0.0)
1181.157(0.0, 348.8, 0.0)
1181.674(0.0, 348.8, 0.0)
1182.191(0.0, 348.8, 0.0)
1182.707(0.0, 348.8, 0.0)
1183.224(0.0, 348.8, 0.0)
1183.741(0.0, 346.3, 0.0)
1184.257(0.0, 347.5, 0.0)
1184.774(0.0, 359.1, 0.0)
13, 5
1185.291(0.0, 358.3, 0.0)
1185.807(0.0, 358.3, 0.0)
1186.324(0.0, 357.0, 0.0)
1186.824(0.0, 345.6, 0.0)
1187.341(0.0, 345.0, 0.0)
1187.857(0.0, 345.0, 0.0)
1188.374(0.0, 346.0, 0.0)
1188.874(0.0, 346.0, 0.0)
1189.391(0.0, 346.0, 0.0)
1189.907(0.0, 346.0, 0.0)
1190.424(0.0, 346.3, 0.0)
1190.941(0.0, 8.7, 0.0)
1191.457(0.0, 3.7, 0.0)
1191.974(0.0, 1.8, 0.0)
1192.49(0.0, 360.0, 0.0)
1193.007(0.0, 354.5, 0.0)
13, 6
1193.507(0.0, 222.0, 0.0)
1194.024(0.0, 221.8, 0.0)
1194.541(0.0, 221.8, 0.0)
1195.057(0.0, 221.8, 0.0)
1195.574(0.0, 221.8, 0.0)
1196.074(0.0, 221.8, 0.0)
1196.591(0.0, 188.4, 0.0)
1197.107(0.0, 247.6, 0.0)
1197.624(0.0, 242.8, 0.0)
1198.141(0.0, 238.8, 0.0)
1198.657(0.0, 235.8, 0.0)
1199.174(0.0, 235.8, 0.0)
1199.69(0.0, 358.3, 0.0)
1200.207(0.0, 28.4, 0.0)
1200.724(0.0, 9.3, 0.0)
1201.24(0.0, 9.3, 0.0)
1201.757(0.0, 9.3, 0.0)
1202.274(0.0, 7.5, 0.0)
1202.774(0.0, 7.3, 0.0)
1203.29(0.0, 7.3, 0.0)
1203.807(0.0, 7.3, 0.0)
1204.324(0.0, 7.3, 0.0)
1204.84(0.0, 7.3, 0.0)
1205.357(0.0, 7.3, 0.0)
1205.874(0.0, 7.3, 0.0)
1206.39(0.0, 7.3, 0.0)
1206.907(0.0, 350.0, 0.0)
14, 1
1207.424(0.0, 346.5, 0.0)
1207.94(0.0, 346.5, 0.0)
1208.457(0.0, 346.5, 0.0)
1208.974(0.0, 346.5, 0.0)
1209.49(0.0, 2.0, 0.0)
1209.99(0.0, 7.2, 0.0)
1210.507(0.0, 6.5, 0.0)
1211.007(0.0, 6.3, 0.0)
1211.524(0.0, 6.3, 0.0)
1212.04(0.0, 5.8, 0.0)
1212.557(0.0, 5.3, 0.0)
1213.074(0.0, 4.6, 0.0)
1213.59(0.0, 4.3, 0.0)
1214.107(0.0, 4.0, 0.0)
1214.624(0.0, 5.0, 0.0)
1215.14(0.0, 5.0, 0.0)
1215.657(0.0, 2.6, 0.0)
1216.173(0.0, 329.2, 0.0)
14, 2
1216.69(0.0, 332.0, 0.0)
1217.207(0.0, 332.0, 0.0)
1217.724(0.0, 9.6, 0.0)
1218.24(0.0, 25.8, 0.0)
1218.757(0.0, 20.8, 0.0)
1219.273(0.0, 359.5, 0.0)
1219.79(0.0, 359.3, 0.0)
1220.307(0.0, 6.0, 0.0)
1220.823(0.0, 6.0, 0.0)
1221.34(0.0, 6.0, 0.0)
1221.857(0.0, 359.6, 0.0)
1222.373(0.0, 355.3, 0.0)
1222.89(0.0, 355.5, 0.0)
1223.407(0.0, 355.5, 0.0)
1223.923(0.0, 355.5, 0.0)
14, 3
1224.44(0.0, 350.5, 0.0)
1224.957(0.0, 7.9, 0.0)
1225.473(0.0, 16.0, 0.0)
1225.973(0.0, 16.4, 0.0)
1226.49(0.0, 357.9, 0.0)
1227.007(0.0, 1.8, 0.0)
1227.523(0.0, 2.3, 0.0)
1228.023(0.0, 1.9, 0.0)
1228.54(0.0, 1.8, 0.0)
1229.057(0.0, 1.8, 0.0)
1229.573(0.0, 1.8, 0.0)
1230.09(0.0, 1.8, 0.0)
14, 4
1230.607(0.0, 4.2, 0.0)
1231.123(0.0, 4.0, 0.0)
1231.64(0.0, 30.2, 0.0)
1232.156(0.0, 349.2, 0.0)
1232.657(0.0, 8.3, 0.0)
1233.173(0.0, 2.5, 0.0)
1233.69(0.0, 2.5, 0.0)
1234.207(0.0, 2.3, 0.0)
1234.723(0.0, 2.0, 0.0)
1235.24(0.0, 2.0, 0.0)
1235.756(0.0, 2.0, 0.0)
1236.273(0.0, 2.0, 0.0)
1236.79(0.0, 2.0, 0.0)
1237.306(0.0, 2.0, 0.0)
14, 5
1237.807(0.0, 1.5, 0.0)
1238.323(0.0, 1.5, 0.0)
1238.84(0.0, 352.3, 0.0)
1239.34(0.0, 355.0, 0.0)
1239.856(0.0, 354.5, 0.0)
1240.356(0.0, 354.0, 0.0)
1240.873(0.0, 354.0, 0.0)
1241.39(0.0, 354.0, 0.0)
1241.906(0.0, 354.0, 0.0)
1242.423(0.0, 354.0, 0.0)
1242.94(0.0, 354.0, 0.0)
1243.456(0.0, 354.0, 0.0)
14, 6
1244.223(0.0, 350.6, 0.0)
1244.74(0.0, 348.3, 0.0)
1245.256(0.0, 347.7, 0.0)
1245.773(0.0, 36.2, 0.0)
1246.29(0.0, 4.0, 0.0)
1246.806(0.0, 10.6, 0.0)
1247.323(0.0, 11.8, 0.0)
1247.84(0.0, 8.0, 0.0)
1248.356(0.0, 0.2, 0.0)
1248.873(0.0, 342.0, 0.0)
1249.39(0.0, 290.5, 0.0)
1249.906(0.0, 8.5, 0.0)
1250.423(0.0, 34.5, 0.0)
1250.956(0.0, 354.2, 0.0)
1251.473(0.0, 330.7, 0.0)
1251.99(0.0, 355.2, 0.0)
1252.49(0.0, 42.2, 0.0)
1253.006(0.0, 76.9, 0.0)
1253.523(0.0, 43.0, 0.0)
1254.04(0.0, 43.3, 0.0)
1254.556(0.0, 30.6, 0.0)
1255.073(0.0, 23.6, 0.0)
1255.589(0.0, 16.8, 0.0)
1256.106(0.0, 32.3, 0.0)
1256.623(0.0, 23.2, 0.0)
1257.156(0.0, 19.7, 0.0)
1257.673(0.0, 14.3, 0.0)
1258.189(0.0, 26.2, 0.0)
1258.706(0.0, 14.5, 0.0)
15, 1
1259.223(0.0, 16.0, 0.0)
1259.74(0.0, 15.2, 0.0)
1260.256(0.0, 13.6, 0.0)
1260.789(0.0, 341.7, 0.0)
1261.306(0.0, 3.7, 0.0)
1261.823(0.0, 24.8, 0.0)
1262.339(0.0, 30.9, 0.0)
1262.856(0.0, 28.3, 0.0)
1263.373(0.0, 27.8, 0.0)
1263.889(0.0, 27.3, 0.0)
1264.423(0.0, 23.8, 0.0)
1264.939(0.0, 20.8, 0.0)
1265.456(0.0, 20.8, 0.0)
1265.973(0.0, 6.5, 0.0)
1266.489(0.0, 12.3, 0.0)
1267.006(0.0, 14.9, 0.0)
15, 2
1267.523(0.0, 13.3, 0.0)
1268.039(0.0, 11.8, 0.0)
1268.556(0.0, 11.8, 0.0)
1269.089(0.0, 11.8, 0.0)
1269.606(0.0, 11.8, 0.0)
1270.139(0.0, 11.8, 0.0)
1270.672(0.0, 11.6, 0.0)
1271.189(0.0, 9.0, 0.0)
1271.706(0.0, 8.8, 0.0)
1272.223(0.0, 8.8, 0.0)
15, 3
1272.739(0.0, 8.8, 0.0)
1273.256(0.0, 10.5, 0.0)
1273.772(0.0, 342.9, 0.0)
1274.289(0.0, 348.1, 0.0)
1274.806(0.0, 348.8, 0.0)
1275.323(0.0, 352.9, 0.0)
1275.839(0.0, 4.7, 0.0)
1276.372(0.0, 15.6, 0.0)
1276.889(0.0, 20.1, 0.0)
1277.406(0.0, 25.5, 0.0)
1277.922(0.0, 9.1, 0.0)
1278.439(0.0, 350.5, 0.0)
15, 4
1278.956(0.0, 351.5, 0.0)
1279.472(0.0, 352.2, 0.0)
1279.989(0.0, 21.2, 0.0)
1280.506(0.0, 9.6, 0.0)
1281.039(0.0, 42.9, 0.0)
1281.556(0.0, 61.6, 0.0)
1282.072(0.0, 48.9, 0.0)
1282.606(0.0, 35.3, 0.0)
1283.122(0.0, 33.6, 0.0)
1283.622(0.0, 30.0, 0.0)
1284.139(0.0, 31.7, 0.0)
1284.672(0.0, 31.8, 0.0)
1285.189(0.0, 28.3, 0.0)
1285.706(0.0, 7.5, 0.0)
1286.222(0.0, 10.7, 0.0)
1286.739(0.0, 10.9, 0.0)
15, 5
1287.256(0.0, 11.7, 0.0)
1287.789(0.0, 12.5, 0.0)
1288.306(0.0, 11.6, 0.0)
1288.839(0.0, 326.6, 0.0)
1289.356(0.0, 347.2, 0.0)
1289.872(0.0, 24.1, 0.0)
1290.372(0.0, 47.4, 0.0)
1290.889(0.0, 60.8, 0.0)
1291.406(0.0, 37.8, 0.0)
1291.922(0.0, 7.0, 0.0)
1292.439(0.0, 358.6, 0.0)
1292.972(0.0, 343.2, 0.0)
1293.505(0.0, 346.3, 0.0)
1294.022(0.0, 346.3, 0.0)
1294.539(0.0, 4.6, 0.0)
1295.056(0.0, 61.3, 0.0)
1295.572(0.0, 52.9, 0.0)
1296.089(0.0, 46.8, 0.0)
1296.605(0.0, 46.8, 0.0)
1297.122(0.0, 42.9, 0.0)
1297.639(0.0, 37.9, 0.0)
1298.139(0.0, 30.6, 0.0)
1298.656(0.0, 27.0, 0.0)
1299.172(0.0, 27.0, 0.0)
15, 6
1299.939(0.0, 27.0, 0.0)
1300.455(0.0, 24.4, 0.0)
1300.972(0.0, 329.0, 0.0)
1301.489(0.0, 330.5, 0.0)
1302.005(0.0, 323.6, 0.0)
1302.505(0.0, 296.2, 0.0)
1303.022(0.0, 295.0, 0.0)
1303.539(0.0, 336.0, 0.0)
1304.039(0.0, 321.9, 0.0)
1304.555(0.0, 312.9, 0.0)
1305.072(0.0, 309.1, 0.0)
1305.589(0.0, 315.2, 0.0)
1306.105(0.0, 311.6, 0.0)
1306.622(0.0, 275.5, 0.0)
1307.139(0.0, 207.0, 0.0)
1307.655(0.0, 219.2, 0.0)
1308.155(0.0, 299.3, 0.0)
1308.672(0.0, 274.3, 0.0)
1309.188(0.0, 257.8, 0.0)
1309.705(0.0, 274.3, 0.0)
1310.222(0.0, 268.4, 0.0)
1310.722(0.0, 205.1, 0.0)
1311.239(0.0, 176.8, 0.0)
1311.755(0.0, 176.8, 0.0)
1312.272(0.0, 176.6, 0.0)
1312.772(0.0, 161.3, 0.0)
1313.288(0.0, 185.5, 0.0)
1313.805(0.0, 187.4, 0.0)
1314.322(0.0, 134.1, 0.0)
1314.838(0.0, 72.1, 0.0)
1315.355(0.0, 64.3, 0.0)
1315.872(0.0, 337.0, 0.0)
1316.388(0.0, 334.8, 0.0)
1316.905(0.0, 339.9, 0.0)
1317.422(0.0, 6.9, 0.0)
1317.938(0.0, 355.9, 0.0)
1318.455(0.0, 355.1, 0.0)
1318.955(0.0, 355.0, 0.0)
1319.472(0.0, 0.8, 0.0)
1319.988(0.0, 10.5, 0.0)
1320.488(0.0, 10.5, 0.0)
16, 1
1321.005(0.0, 335.0, 0.0)
1321.522(0.0, 335.0, 0.0)
1322.038(0.0, 8.5, 0.0)
1322.555(0.0, 38.6, 0.0)
1323.072(0.0, 1.6, 0.0)
1323.588(0.0, 356.0, 0.0)
1324.105(0.0, 359.7, 0.0)
1324.622(0.0, 0.5, 0.0)
1325.138(0.0, 0.7, 0.0)
1325.655(0.0, 0.7, 0.0)
1326.172(0.0, 0.7, 0.0)
1326.688(0.0, 0.7, 0.0)
16, 2
1327.205(0.0, 344.1, 0.0)
1327.722(0.0, 330.9, 0.0)
1328.238(0.0, 326.0, 0.0)
1328.755(0.0, 322.8, 0.0)
1329.271(0.0, 56.3, 0.0)
1329.788(0.0, 6.7, 0.0)
1330.305(0.0, 337.6, 0.0)
1330.822(0.0, 347.9, 0.0)
1331.338(0.0, 356.1, 0.0)
1331.855(0.0, 358.7, 0.0)
1332.371(0.0, 353.3, 0.0)
1332.888(0.0, 357.5, 0.0)
16, 3
1333.405(0.0, 359.8, 0.0)
1333.922(0.0, 358.6, 0.0)
1334.438(0.0, 357.5, 0.0)
1334.955(0.0, 355.2, 0.0)
1335.471(0.0, 349.8, 0.0)
1335.988(0.0, 349.3, 0.0)
1336.505(0.0, 358.3, 0.0)
1337.021(0.0, 354.9, 0.0)
1337.538(0.0, 356.2, 0.0)
1338.055(0.0, 26.2, 0.0)
1338.571(0.0, 10.5, 0.0)
1339.088(0.0, 357.1, 0.0)
16, 4
1339.605(0.0, 334.3, 0.0)
1340.121(0.0, 325.8, 0.0)
1340.638(0.0, 333.2, 0.0)
1341.155(0.0, 354.4, 0.0)
1341.671(0.0, 10.0, 0.0)
1342.188(0.0, 5.1, 0.0)
1342.705(0.0, 357.3, 0.0)
1343.221(0.0, 1.7, 0.0)
1343.738(0.0, 3.5, 0.0)
1344.255(0.0, 3.5, 0.0)
16, 5
1344.771(0.0, 356.8, 0.0)
1345.288(0.0, 328.3, 0.0)
1345.805(0.0, 328.3, 0.0)
1346.321(0.0, 16.4, 0.0)
1346.838(0.0, 22.3, 0.0)
1347.355(0.0, 8.3, 0.0)
1347.871(0.0, 5.2, 0.0)
1348.388(0.0, 358.8, 0.0)
1348.905(0.0, 358.8, 0.0)
1349.421(0.0, 359.8, 0.0)
1349.938(0.0, 1.2, 0.0)
1350.454(0.0, 351.0, 0.0)
1350.971(0.0, 353.7, 0.0)
16, 6
1351.538(0.0, 344.8, 0.0)
1352.038(0.0, 340.0, 0.0)
1352.554(0.0, 340.0, 0.0)
1353.071(0.0, 5.8, 0.0)
1353.588(0.0, 6.8, 0.0)
1354.104(0.0, 4.1, 0.0)
1354.621(0.0, 19.5, 0.0)
1355.138(0.0, 20.2, 0.0)
1355.654(0.0, 19.5, 0.0)
1356.171(0.0, 19.5, 0.0)
1356.688(0.0, 41.7, 0.0)
1357.204(0.0, 35.0, 0.0)
1357.721(0.0, 11.0, 0.0)
1358.238(0.0, 14.9, 0.0)
1358.754(0.0, 359.3, 0.0)
17, 1
1359.271(0.0, 13.7, 0.0)
1359.788(0.0, 29.7, 0.0)
1360.304(0.0, 345.5, 0.0)
1360.821(0.0, 316.4, 0.0)
1361.338(0.0, 325.6, 0.0)
1361.854(0.0, 313.3, 0.0)
1362.371(0.0, 325.4, 0.0)
1362.888(0.0, 317.3, 0.0)
1363.404(0.0, 321.1, 0.0)
1363.921(0.0, 322.8, 0.0)
1364.438(0.0, 319.0, 0.0)
1364.954(0.0, 297.4, 0.0)
1365.471(0.0, 274.2, 0.0)
1365.988(0.0, 273.0, 0.0)
1366.504(0.0, 276.4, 0.0)
1367.021(0.0, 322.3, 0.0)
1367.537(0.0, 297.5, 0.0)
1368.038(0.0, 341.8, 0.0)
1368.554(0.0, 80.8, 0.0)
1369.071(0.0, 4.4, 0.0)
1369.588(0.0, 346.5, 0.0)
17, 2
1370.104(0.0, 302.9, 0.0)
1370.621(0.0, 289.1, 0.0)
1371.137(0.0, 339.8, 0.0)
1371.654(0.0, 11.3, 0.0)
1372.154(0.0, 1.6, 0.0)
1372.671(0.0, 359.1, 0.0)
1373.188(0.0, 0.0, 0.0)
1373.704(0.0, 358.8, 0.0)
1374.221(0.0, 358.8, 0.0)
1374.737(0.0, 359.2, 0.0)
1375.254(0.0, 359.3, 0.0)
1375.771(0.0, 359.3, 0.0)
1376.287(0.0, 359.3, 0.0)
1376.804(0.0, 359.3, 0.0)
1377.321(0.0, 359.3, 0.0)
17, 3
1377.837(0.0, 359.3, 0.0)
1378.354(0.0, 359.0, 0.0)
1378.871(0.0, 5.5, 0.0)
1379.371(0.0, 5.7, 0.0)
1379.887(0.0, 5.7, 0.0)
1380.404(0.0, 5.7, 0.0)
1380.904(0.0, 4.0, 0.0)
1381.421(0.0, 0.2, 0.0)
1381.937(0.0, 357.9, 0.0)
1382.454(0.0, 1.0, 0.0)
17, 4
1382.971(0.0, 0.9, 0.0)
1383.487(0.0, 359.0, 0.0)
1384.004(0.0, 358.8, 0.0)
1384.521(0.0, 357.5, 0.0)
1385.037(0.0, 357.5, 0.0)
1385.554(0.0, 357.5, 0.0)
1386.071(0.0, 357.5, 0.0)
1386.587(0.0, 357.5, 0.0)
1387.104(0.0, 357.5, 0.0)
1387.62(0.0, 356.1, 0.0)
1388.121(0.0, 355.4, 0.0)
1388.637(0.0, 356.0, 0.0)
17, 5
1389.154(0.0, 356.3, 0.0)
1389.671(0.0, 356.5, 0.0)
1390.187(0.0, 8.6, 0.0)
1390.704(0.0, 359.9, 0.0)
1391.204(0.0, 13.7, 0.0)
1391.72(0.0, 21.0, 0.0)
1392.237(0.0, 46.5, 0.0)
1392.754(0.0, 57.5, 0.0)
1393.27(0.0, 144.5, 0.0)
1393.771(0.0, 101.1, 0.0)
1394.287(0.0, 27.3, 0.0)
1394.804(0.0, 354.3, 0.0)
1395.32(0.0, 348.4, 0.0)
1395.837(0.0, 340.0, 0.0)
17, 6
1396.437(0.0, 344.0, 0.0)
1396.954(0.0, 348.0, 0.0)
1397.47(0.0, 348.0, 0.0)
1397.987(0.0, 348.0, 0.0)
1398.504(0.0, 348.0, 0.0)
1399.02(0.0, 348.0, 0.0)
1399.537(0.0, 348.0, 0.0)
1400.054(0.0, 348.0, 0.0)
1400.57(0.0, 348.0, 0.0)
1401.087(0.0, 348.0, 0.0)
1401.604(0.0, 348.0, 0.0)
1402.12(0.0, 328.2, 0.0)
1402.62(0.0, 238.3, 0.0)
1403.137(0.0, 357.4, 0.0)
1403.654(0.0, 47.1, 0.0)
1404.17(0.0, 351.6, 0.0)
1404.704(0.0, 347.0, 0.0)
1405.237(0.0, 347.0, 0.0)
1405.754(0.0, 346.7, 0.0)
1406.27(0.0, 345.9, 0.0)
1406.787(0.0, 352.5, 0.0)
1407.303(0.0, 25.5, 0.0)
1407.804(0.0, 0.3, 0.0)
18, 1
1408.32(0.0, 313.9, 0.0)
1408.837(0.0, 286.9, 0.0)
1409.337(0.0, 190.9, 0.0)
1409.854(0.0, 184.3, 0.0)
1410.37(0.0, 176.9, 0.0)
1410.887(0.0, 111.5, 0.0)
1411.403(0.0, 171.0, 0.0)
1411.904(0.0, 141.0, 0.0)
1412.42(0.0, 130.0, 0.0)
1412.937(0.0, 130.0, 0.0)
1413.453(0.0, 130.0, 0.0)
1413.97(0.0, 130.0, 0.0)
1414.487(0.0, 130.0, 0.0)
1415.003(0.0, 129.0, 0.0)
1415.52(0.0, 145.1, 0.0)
1416.037(0.0, 161.0, 0.0)
1416.553(0.0, 146.8, 0.0)
1417.07(0.0, 146.5, 0.0)
1417.587(0.0, 124.1, 0.0)
1418.103(0.0, 151.2, 0.0)
1418.62(0.0, 230.3, 0.0)
1419.137(0.0, 175.1, 0.0)
1419.653(0.0, 137.9, 0.0)
1420.17(0.0, 135.5, 0.0)
1420.687(0.0, 102.2, 0.0)
1421.203(0.0, 310.4, 0.0)
1421.72(0.0, 350.6, 0.0)
1422.237(0.0, 353.3, 0.0)
1422.753(0.0, 353.3, 0.0)
1423.27(0.0, 353.3, 0.0)
1423.787(0.0, 353.3, 0.0)
1424.303(0.0, 353.3, 0.0)
1424.82(0.0, 353.3, 0.0)
1425.337(0.0, 6.2, 0.0)
1425.853(0.0, 334.3, 0.0)
18, 2
1426.37(0.0, 330.3, 0.0)
1426.886(0.0, 338.0, 0.0)
1427.403(0.0, 338.0, 0.0)
1427.937(0.0, 30.3, 0.0)
1428.453(0.0, 17.5, 0.0)
1428.97(0.0, 17.5, 0.0)
1429.486(0.0, 17.5, 0.0)
1430.02(0.0, 5.8, 0.0)
1430.536(0.0, 307.4, 0.0)
1431.053(0.0, 313.9, 0.0)
1431.57(0.0, 5.3, 0.0)
1432.086(0.0, 127.9, 0.0)
1432.603(0.0, 132.8, 0.0)
1433.103(0.0, 64.2, 0.0)
1433.62(0.0, 99.2, 0.0)
1434.136(0.0, 129.5, 0.0)
1434.653(0.0, 158.4, 0.0)
1435.17(0.0, 201.1, 0.0)
1435.686(0.0, 270.9, 0.0)
1436.203(0.0, 262.9, 0.0)
1436.72(0.0, 262.8, 0.0)
1437.236(0.0, 176.3, 0.0)
1437.736(0.0, 103.4, 0.0)
1438.27(0.0, 359.3, 0.0)
1438.786(0.0, 18.7, 0.0)
1439.32(0.0, 6.0, 0.0)
1439.853(0.0, 3.0, 0.0)
1440.37(0.0, 3.0, 0.0)
1440.903(0.0, 3.0, 0.0)
1441.436(0.0, 3.0, 0.0)
1441.953(0.0, 3.0, 0.0)
18, 3
1442.47(0.0, 3.0, 0.0)
1442.986(0.0, 3.0, 0.0)
1443.503(0.0, 3.0, 0.0)
1444.036(0.0, 349.8, 0.0)
1444.553(0.0, 348.5, 0.0)
1445.07(0.0, 358.0, 0.0)
1445.586(0.0, 358.0, 0.0)
1446.103(0.0, 358.0, 0.0)
1446.62(0.0, 358.0, 0.0)
1447.136(0.0, 358.0, 0.0)
1447.653(0.0, 358.0, 0.0)
1448.169(0.0, 358.0, 0.0)
1448.686(0.0, 358.0, 0.0)
18, 4
1449.203(0.0, 358.0, 0.0)
1449.719(0.0, 358.0, 0.0)
1450.236(0.0, 358.0, 0.0)
1450.753(0.0, 358.0, 0.0)
1451.269(0.0, 358.0, 0.0)
1451.803(0.0, 2.0, 0.0)
1452.336(0.0, 2.0, 0.0)
1452.853(0.0, 2.0, 0.0)
1453.369(0.0, 2.0, 0.0)
1453.886(0.0, 2.0, 0.0)
1454.403(0.0, 2.0, 0.0)
18, 5
1454.936(0.0, 2.0, 0.0)
1455.469(0.0, 2.0, 0.0)
1455.986(0.0, 2.4, 0.0)
1456.519(0.0, 4.3, 0.0)
1457.036(0.0, 4.8, 0.0)
1457.553(0.0, 4.8, 0.0)
1458.069(0.0, 4.8, 0.0)
1458.586(0.0, 4.8, 0.0)
1459.103(0.0, 4.8, 0.0)
1459.636(0.0, 4.8, 0.0)
1460.153(0.0, 4.8, 0.0)
18, 6
1460.669(0.0, 4.8, 0.0)
1461.186(0.0, 4.8, 0.0)
1461.686(0.0, 4.8, 0.0)
1462.203(0.0, 355.7, 0.0)
1462.719(0.0, 316.7, 0.0)
1463.236(0.0, 323.4, 0.0)
1463.736(0.0, 326.3, 0.0)
1464.253(0.0, 326.3, 0.0)
1464.769(0.0, 326.3, 0.0)
1465.286(0.0, 326.3, 0.0)
1465.802(0.0, 327.1, 0.0)
1466.319(0.0, 354.0, 0.0)
1466.836(0.0, 353.8, 0.0)
1467.349(0.0, 353.8, 0.0)
1467.852(0.0, 353.8, 0.0)
19, 1
1468.353(0.0, 353.8, 0.0)
1468.869(0.0, 353.5, 0.0)
1469.386(0.0, 358.7, 0.0)
1469.902(0.0, 356.0, 0.0)
1470.419(0.0, 356.0, 0.0)
1470.936(0.0, 356.0, 0.0)
1471.453(0.0, 356.0, 0.0)
1471.969(0.0, 356.0, 0.0)
1472.486(0.0, 356.0, 0.0)
1473.002(0.0, 352.0, 0.0)
1473.519(0.0, 352.0, 0.0)
1474.036(0.0, 351.8, 0.0)
19, 2
1474.552(0.0, 351.8, 0.0)
1475.069(0.0, 337.0, 0.0)
1475.586(0.0, 337.0, 0.0)
1476.102(0.0, 0.1, 0.0)
1476.619(0.0, 358.0, 0.0)
1477.136(0.0, 358.0, 0.0)
1477.652(0.0, 358.0, 0.0)
1478.169(0.0, 358.0, 0.0)
1478.686(0.0, 353.5, 0.0)
1479.202(0.0, 350.7, 0.0)
1479.719(0.0, 348.6, 0.0)
1480.236(0.0, 346.8, 0.0)
1480.752(0.0, 346.0, 0.0)
19, 3
1481.269(0.0, 345.8, 0.0)
1481.786(0.0, 343.8, 0.0)
1482.302(0.0, 343.5, 0.0)
1482.819(0.0, 343.5, 0.0)
1483.336(0.0, 343.5, 0.0)
1483.852(0.0, 343.5, 0.0)
1484.369(0.0, 343.5, 0.0)
1484.886(0.0, 343.5, 0.0)
1485.402(0.0, 343.5, 0.0)
1485.919(0.0, 343.5, 0.0)
1486.436(0.0, 343.5, 0.0)
1486.952(0.0, 343.5, 0.0)
1487.469(0.0, 343.5, 0.0)
1487.985(0.0, 343.5, 0.0)
1488.502(0.0, 343.5, 0.0)
1489.019(0.0, 343.5, 0.0)
19, 4
1489.536(0.0, 343.5, 0.0)
1490.052(0.0, 343.5, 0.0)
1490.569(0.0, 343.5, 0.0)
1491.085(0.0, 349.1, 0.0)
1491.602(0.0, 359.0, 0.0)
1492.119(0.0, 356.8, 0.0)
1492.635(0.0, 346.9, 0.0)
1493.152(0.0, 334.0, 0.0)
1493.669(0.0, 332.3, 0.0)
1494.185(0.0, 332.0, 0.0)
1494.702(0.0, 326.8, 0.0)
1495.202(0.0, 354.1, 0.0)
1495.719(0.0, 349.3, 0.0)
1496.235(0.0, 349.3, 0.0)
1496.752(0.0, 349.3, 0.0)
1497.269(0.0, 349.3, 0.0)
1497.785(0.0, 349.3, 0.0)
1498.302(0.0, 349.3, 0.0)
1498.819(0.0, 349.3, 0.0)
1499.335(0.0, 349.3, 0.0)
1499.852(0.0, 349.3, 0.0)
1500.369(0.0, 349.3, 0.0)
1500.885(0.0, 349.3, 0.0)
1501.402(0.0, 349.3, 0.0)
1501.919(0.0, 349.3, 0.0)
19, 5
1502.435(0.0, 349.3, 0.0)
1502.952(0.0, 349.3, 0.0)
1503.469(0.0, 349.3, 0.0)
1503.985(0.0, 349.3, 0.0)
1504.502(0.0, 349.3, 0.0)
1505.002(0.0, 349.3, 0.0)
1505.519(0.0, 349.3, 0.0)
1506.035(0.0, 349.3, 0.0)
1506.552(0.0, 349.3, 0.0)
1507.068(0.0, 349.3, 0.0)
1507.585(0.0, 349.3, 0.0)
1508.102(0.0, 349.3, 0.0)
1508.619(0.0, 349.3, 0.0)
19, 6
1509.252(0.0, 349.3, 0.0)
1509.752(0.0, 349.3, 0.0)
1510.268(0.0, 351.6, 0.0)
1510.785(0.0, 335.2, 0.0)
1511.302(0.0, 27.2, 0.0)
1511.818(0.0, 5.0, 0.0)
1512.318(0.0, 336.6, 0.0)
1512.835(0.0, 357.2, 0.0)
1513.352(0.0, 357.3, 0.0)
1513.868(0.0, 357.3, 0.0)
1514.385(0.0, 357.3, 0.0)
1514.902(0.0, 357.3, 0.0)
1515.418(0.0, 357.3, 0.0)
20, 1
1515.935(0.0, 357.3, 0.0)
1516.452(0.0, 357.3, 0.0)
1516.968(0.0, 357.3, 0.0)
1517.485(0.0, 357.3, 0.0)
1518.002(0.0, 357.3, 0.0)
1518.518(0.0, 357.3, 0.0)
1519.035(0.0, 357.3, 0.0)
1519.535(0.0, 357.3, 0.0)
1520.052(0.0, 356.0, 0.0)
1520.552(0.0, 355.5, 0.0)
1521.068(0.0, 355.5, 0.0)
20, 2
1521.585(0.0, 355.5, 0.0)
1522.102(0.0, 355.5, 0.0)
1522.618(0.0, 355.5, 0.0)
1523.135(0.0, 355.5, 0.0)
1523.652(0.0, 355.5, 0.0)
1524.168(0.0, 355.5, 0.0)
1524.685(0.0, 355.5, 0.0)
1525.202(0.0, 355.5, 0.0)
1525.718(0.0, 355.5, 0.0)
20, 3
1526.235(0.0, 355.5, 0.0)
1526.751(0.0, 355.3, 0.0)
1527.268(0.0, 355.3, 0.0)
1527.785(0.0, 355.3, 0.0)
1528.302(0.0, 355.3, 0.0)
1528.818(0.0, 355.3, 0.0)
1529.335(0.0, 355.3, 0.0)
1529.835(0.0, 355.3, 0.0)
1530.351(0.0, 355.3, 0.0)
1530.868(0.0, 355.3, 0.0)
1531.385(0.0, 355.3, 0.0)
1531.901(0.0, 355.3, 0.0)
20, 4
1532.418(0.0, 355.3, 0.0)
1532.935(0.0, 355.3, 0.0)
1533.451(0.0, 355.3, 0.0)
1533.968(0.0, 355.3, 0.0)
1534.485(0.0, 355.3, 0.0)
1535.001(0.0, 355.3, 0.0)
1535.518(0.0, 355.3, 0.0)
1536.035(0.0, 353.8, 0.0)
1536.551(0.0, 353.5, 0.0)
1537.051(0.0, 353.3, 0.0)
1537.568(0.0, 353.0, 0.0)
1538.085(0.0, 351.3, 0.0)
20, 5
1538.601(0.0, 351.3, 0.0)
1539.118(0.0, 351.3, 0.0)
1539.635(0.0, 351.3, 0.0)
1540.135(0.0, 351.3, 0.0)
1540.651(0.0, 351.3, 0.0)
1541.168(0.0, 351.0, 0.0)
1541.668(0.0, 351.0, 0.0)
1542.185(0.0, 351.0, 0.0)
1542.701(0.0, 351.0, 0.0)
1543.218(0.0, 351.0, 0.0)
1543.735(0.0, 351.0, 0.0)
1544.251(0.0, 351.0, 0.0)
20, 6
1544.918(0.0, 351.0, 0.0)
1545.426(0.0, 351.0, 0.0)
1545.942(0.0, 352.4, 0.0)
1546.458(0.0, 351.3, 0.0)
1546.974(0.0, 351.0, 0.0)
1547.49(0.0, 351.0, 0.0)
1548.007(0.0, 351.0, 0.0)
1548.523(0.0, 351.0, 0.0)
1549.039(0.0, 351.0, 0.0)
1549.555(0.0, 351.0, 0.0)
1550.071(0.0, 351.0, 0.0)
21, 1
1550.587(0.0, 351.0, 0.0)
1551.104(0.0, 351.0, 0.0)
1551.62(0.0, 351.0, 0.0)
1552.136(0.0, 351.0, 0.0)
1552.652(0.0, 351.0, 0.0)
1553.168(0.0, 351.0, 0.0)
1553.684(0.0, 351.0, 0.0)
1554.201(0.0, 351.0, 0.0)
1554.701(0.0, 351.0, 0.0)
1555.218(0.0, 351.0, 0.0)
21, 2
1555.734(0.0, 351.0, 0.0)
1556.251(0.0, 351.0, 0.0)
1556.768(0.0, 359.0, 0.0)
1557.268(0.0, 355.8, 0.0)
1557.784(0.0, 355.3, 0.0)
1558.301(0.0, 355.0, 0.0)
1558.801(0.0, 353.1, 0.0)
1559.318(0.0, 352.5, 0.0)
1559.834(0.0, 352.5, 0.0)
1560.351(0.0, 352.5, 0.0)
1560.868(0.0, 352.5, 0.0)
1561.384(0.0, 352.5, 0.0)
1561.901(0.0, 351.0, 0.0)
21, 3
1562.418(0.0, 350.8, 0.0)
1562.934(0.0, 350.8, 0.0)
1563.451(0.0, 350.8, 0.0)
1563.968(0.0, 350.8, 0.0)
1564.484(0.0, 344.6, 0.0)
1565.001(0.0, 344.3, 0.0)
1565.517(0.0, 344.3, 0.0)
1566.034(0.0, 344.3, 0.0)
1566.551(0.0, 344.3, 0.0)
1567.068(0.0, 344.3, 0.0)
1567.584(0.0, 344.3, 0.0)
1568.101(0.0, 344.3, 0.0)
21, 4
1568.617(0.0, 344.3, 0.0)
1569.134(0.0, 357.3, 0.0)
1569.651(0.0, 356.8, 0.0)
1570.167(0.0, 356.8, 0.0)
1570.684(0.0, 356.8, 0.0)
1571.201(0.0, 356.8, 0.0)
1571.717(0.0, 356.8, 0.0)
1572.234(0.0, 356.8, 0.0)
1572.751(0.0, 356.8, 0.0)
21, 5
1573.267(0.0, 356.8, 0.0)
1573.784(0.0, 356.8, 0.0)
1574.301(0.0, 356.8, 0.0)
1574.817(0.0, 346.7, 0.0)
1575.334(0.0, 334.8, 0.0)
1575.851(0.0, 334.8, 0.0)
1576.367(0.0, 334.9, 0.0)
1576.884(0.0, 349.5, 0.0)
1577.401(0.0, 356.3, 0.0)
1577.901(0.0, 356.3, 0.0)
21, 6
1578.417(0.0, 356.3, 0.0)
1578.934(0.0, 356.3, 0.0)
1579.451(0.0, 356.3, 0.0)
1579.967(0.0, 356.3, 0.0)
1580.484(0.0, 356.3, 0.0)
1581.001(0.0, 356.3, 0.0)
1581.517(0.0, 353.6, 0.0)
1582.034(0.0, 351.2, 0.0)
1582.551(0.0, 351.0, 0.0)
1583.067(0.0, 349.0, 0.0)
1583.584(0.0, 348.3, 0.0)
1584.1(0.0, 348.0, 0.0)
1584.602(0.0, 344.8, 0.0)
22, 1
1585.118(0.0, 337.7, 0.0)
1585.634(0.0, 337.3, 0.0)
1586.151(0.0, 337.3, 0.0)
1586.667(0.0, 337.3, 0.0)
1587.184(0.0, 337.3, 0.0)
1587.7(0.0, 337.0, 0.0)
1588.217(0.0, 337.0, 0.0)
1588.734(0.0, 356.0, 0.0)
1589.25(0.0, 1.4, 0.0)
1589.767(0.0, 355.8, 0.0)
1590.284(0.0, 339.5, 0.0)
1590.784(0.0, 339.5, 0.0)
22, 2
1591.3(0.0, 339.5, 0.0)
1591.817(0.0, 339.5, 0.0)
1592.334(0.0, 13.2, 0.0)
1592.85(0.0, 359.6, 0.0)
1593.367(0.0, 356.3, 0.0)
1593.884(0.0, 356.3, 0.0)
1594.4(0.0, 356.3, 0.0)
1594.917(0.0, 350.5, 0.0)
1595.434(0.0, 330.0, 0.0)
1595.95(0.0, 344.1, 0.0)
1596.467(0.0, 349.0, 0.0)
1596.984(0.0, 349.5, 0.0)
1597.5(0.0, 337.0, 0.0)
1598.017(0.0, 325.0, 0.0)
1598.534(0.0, 325.6, 0.0)
1599.05(0.0, 2.8, 0.0)
1599.567(0.0, 1.5, 0.0)
1600.084(0.0, 1.5, 0.0)
1600.6(0.0, 10.8, 0.0)
1601.117(0.0, 18.2, 0.0)
1601.634(0.0, 6.8, 0.0)
1602.15(0.0, 6.7, 0.0)
1602.65(0.0, 355.3, 0.0)
1603.167(0.0, 340.5, 0.0)
1603.683(0.0, 358.8, 0.0)
1604.2(0.0, 330.6, 0.0)
1604.717(0.0, 328.7, 0.0)
1605.233(0.0, 334.0, 0.0)
22, 3
1605.75(0.0, 340.4, 0.0)
1606.267(0.0, 340.0, 0.0)
1606.783(0.0, 340.0, 0.0)
1607.3(0.0, 352.7, 0.0)
1607.817(0.0, 353.0, 0.0)
1608.333(0.0, 352.5, 0.0)
1608.85(0.0, 353.2, 0.0)
1609.367(0.0, 353.3, 0.0)
1609.883(0.0, 353.3, 0.0)
1610.383(0.0, 351.3, 0.0)
1610.9(0.0, 350.5, 0.0)
1611.417(0.0, 350.0, 0.0)
1611.933(0.0, 342.5, 0.0)
22, 4
1612.45(0.0, 340.8, 0.0)
1612.967(0.0, 340.8, 0.0)
1613.483(0.0, 340.8, 0.0)
1614(0.0, 352.6, 0.0)
1614.517(0.0, 352.0, 0.0)
1615.033(0.0, 352.0, 0.0)
1615.55(0.0, 352.0, 0.0)
1616.067(0.0, 1.4, 0.0)
1616.583(0.0, 0.7, 0.0)
1617.1(0.0, 0.5, 0.0)
22, 5
1617.617(0.0, 0.5, 0.0)
1618.133(0.0, 0.5, 0.0)
1618.65(0.0, 0.5, 0.0)
1619.167(0.0, 0.5, 0.0)
1619.683(0.0, 356.0, 0.0)
1620.2(0.0, 356.0, 0.0)
1620.717(0.0, 356.0, 0.0)
1621.233(0.0, 356.0, 0.0)
1621.75(0.0, 356.0, 0.0)
1622.266(0.0, 356.0, 0.0)
1622.783(0.0, 356.0, 0.0)
1623.3(0.0, 356.0, 0.0)
22, 6
1623.817(0.0, 356.0, 0.0)
1624.333(0.0, 356.0, 0.0)
1624.85(0.0, 356.0, 0.0)
1625.366(0.0, 356.0, 0.0)
1625.883(0.0, 356.0, 0.0)
1626.4(0.0, 356.0, 0.0)
1626.9(0.0, 323.6, 0.0)
1627.416(0.0, 18.9, 0.0)
1627.933(0.0, 351.4, 0.0)
1628.45(0.0, 354.5, 0.0)
1628.966(0.0, 354.5, 0.0)
1629.483(0.0, 357.4, 0.0)
1630(0.0, 5.0, 0.0)
1630.516(0.0, 0.4, 0.0)
23, 1
1631.033(0.0, 359.8, 0.0)
1631.55(0.0, 359.8, 0.0)
1632.066(0.0, 359.8, 0.0)
1632.583(0.0, 359.8, 0.0)
1633.1(0.0, 359.8, 0.0)
1633.616(0.0, 359.8, 0.0)
1634.133(0.0, 359.8, 0.0)
1634.65(0.0, 359.8, 0.0)
1635.166(0.0, 359.8, 0.0)
23, 2
1635.683(0.0, 359.8, 0.0)
1636.2(0.0, 359.8, 0.0)
1636.716(0.0, 38.4, 0.0)
1637.233(0.0, 14.7, 0.0)
1637.75(0.0, 345.3, 0.0)
1638.266(0.0, 359.4, 0.0)
1638.783(0.0, 0.0, 0.0)
1639.3(0.0, 355.3, 0.0)
1639.816(0.0, 352.3, 0.0)
23, 3
1640.333(0.0, 352.3, 0.0)
1640.85(0.0, 349.2, 0.0)
1641.366(0.0, 349.0, 0.0)
1641.866(0.0, 354.2, 0.0)
1642.383(0.0, 354.3, 0.0)
1642.899(0.0, 344.2, 0.0)
1643.415(0.0, 337.9, 0.0)
1643.931(0.0, 320.2, 0.0)
1644.447(0.0, 333.3, 0.0)
1644.963(0.0, 1.0, 0.0)
1645.479(0.0, 2.7, 0.0)
1645.995(0.0, 353.3, 0.0)
23, 4
1646.511(0.0, 355.8, 0.0)
1647.028(0.0, 356.3, 0.0)
1647.544(0.0, 356.3, 0.0)
1648.06(0.0, 354.6, 0.0)
1648.576(0.0, 351.1, 0.0)
1649.092(0.0, 350.5, 0.0)
1649.608(0.0, 350.5, 0.0)
1650.125(0.0, 350.5, 0.0)
1650.641(0.0, 348.3, 0.0)
1651.157(0.0, 348.0, 0.0)
1651.673(0.0, 348.0, 0.0)
23, 5
1652.189(0.0, 348.0, 0.0)
1652.705(0.0, 347.8, 0.0)
1653.221(0.0, 347.8, 0.0)
1653.738(0.0, 347.8, 0.0)
1654.254(0.0, 347.8, 0.0)
1654.77(0.0, 347.8, 0.0)
1655.286(0.0, 347.8, 0.0)
1655.802(0.0, 347.8, 0.0)
1656.318(0.0, 347.8, 0.0)
1656.835(0.0, 347.8, 0.0)
1657.351(0.0, 347.8, 0.0)
23, 6
1657.983(0.0, 345.8, 0.0)
1658.51(0.0, 344.3, 0.0)
1659.026(0.0, 0.1, 0.0)
1659.542(0.0, 0.5, 0.0)
1660.058(0.0, 0.5, 0.0)
1660.574(0.0, 357.9, 0.0)
1661.09(0.0, 354.4, 0.0)
1661.607(0.0, 352.0, 0.0)
1662.123(0.0, 352.0, 0.0)
1662.639(0.0, 352.0, 0.0)
24, 1
1663.155(0.0, 352.0, 0.0)
1663.671(0.0, 352.0, 0.0)
1664.187(0.0, 352.0, 0.0)
1664.703(0.0, 352.0, 0.0)
1665.22(0.0, 350.5, 0.0)
1665.736(0.0, 350.5, 0.0)
1666.252(0.0, 350.5, 0.0)
1666.768(0.0, 350.5, 0.0)
1667.284(0.0, 350.5, 0.0)
1667.8(0.0, 350.5, 0.0)
24, 2
1668.317(0.0, 350.5, 0.0)
1668.833(0.0, 350.5, 0.0)
1669.349(0.0, 359.6, 0.0)
1669.866(0.0, 341.8, 0.0)
1670.382(0.0, 338.5, 0.0)
1670.899(0.0, 338.5, 0.0)
1671.399(0.0, 338.5, 0.0)
1671.916(0.0, 338.5, 0.0)
1672.432(0.0, 338.5, 0.0)
1672.949(0.0, 338.5, 0.0)
24, 3
1673.466(0.0, 338.5, 0.0)
1673.982(0.0, 338.5, 0.0)
1674.499(0.0, 338.5, 0.0)
1675.016(0.0, 338.5, 0.0)
1675.532(0.0, 338.5, 0.0)
1676.049(0.0, 338.5, 0.0)
1676.566(0.0, 338.5, 0.0)
1677.082(0.0, 14.0, 0.0)
1677.599(0.0, 14.7, 0.0)
1678.115(0.0, 14.7, 0.0)
24, 4
1678.632(0.0, 14.7, 0.0)
1679.149(0.0, 14.7, 0.0)
1679.666(0.0, 14.7, 0.0)
1680.182(0.0, 14.7, 0.0)
1680.699(0.0, 14.7, 0.0)
1681.215(0.0, 14.7, 0.0)
1681.732(0.0, 14.7, 0.0)
1682.249(0.0, 14.7, 0.0)
1682.765(0.0, 14.7, 0.0)
24, 5
1683.282(0.0, 14.7, 0.0)
1683.799(0.0, 14.7, 0.0)
1684.315(0.0, 14.7, 0.0)
1684.832(0.0, 14.7, 0.0)
1685.349(0.0, 14.7, 0.0)
1685.865(0.0, 14.7, 0.0)
1686.382(0.0, 14.7, 0.0)
1686.899(0.0, 14.7, 0.0)
24, 6
1687.482(0.0, 14.7, 0.0)
1687.982(0.0, 14.7, 0.0)
1688.499(0.0, 14.7, 0.0)
1689.015(0.0, 14.7, 0.0)
1689.532(0.0, 14.7, 0.0)
1690.049(0.0, 14.7, 0.0)
1690.565(0.0, 14.7, 0.0)
1691.082(0.0, 9.8, 0.0)
25, 1
1691.599(0.0, 9.7, 0.0)
1692.099(0.0, 9.7, 0.0)
1692.615(0.0, 45.0, 0.0)
1693.132(0.0, 357.8, 0.0)
1693.649(0.0, 347.5, 0.0)
1694.158(0.0, 352.7, 0.0)
1694.674(0.0, 352.8, 0.0)
1695.19(0.0, 352.8, 0.0)
1695.706(0.0, 352.8, 0.0)
1696.223(0.0, 352.8, 0.0)
1696.739(0.0, 352.8, 0.0)
25, 2
1697.255(0.0, 352.8, 0.0)
1697.771(0.0, 352.8, 0.0)
1698.287(0.0, 352.8, 0.0)
1698.803(0.0, 352.8, 0.0)
1699.319(0.0, 352.8, 0.0)
1699.836(0.0, 352.8, 0.0)
1700.352(0.0, 352.8, 0.0)
1700.868(0.0, 352.8, 0.0)
1701.384(0.0, 356.3, 0.0)
1701.9(0.0, 357.3, 0.0)
25, 3
1702.416(0.0, 357.3, 0.0)
1702.933(0.0, 357.3, 0.0)
1703.449(0.0, 357.3, 0.0)
1703.965(0.0, 357.3, 0.0)
1704.482(0.0, 357.3, 0.0)
1704.998(0.0, 357.3, 0.0)
1705.515(0.0, 357.3, 0.0)
1706.032(0.0, 357.3, 0.0)
1706.548(0.0, 357.3, 0.0)
1707.065(0.0, 357.3, 0.0)
1707.582(0.0, 357.3, 0.0)
1708.098(0.0, 357.3, 0.0)
25, 4
1708.615(0.0, 357.3, 0.0)
1709.132(0.0, 357.3, 0.0)
1709.632(0.0, 16.0, 0.0)
1710.148(0.0, 349.3, 0.0)
1710.665(0.0, 344.1, 0.0)
1711.182(0.0, 352.5, 0.0)
1711.698(0.0, 352.5, 0.0)
1712.215(0.0, 29.8, 0.0)
1712.732(0.0, 36.2, 0.0)
1713.248(0.0, 41.2, 0.0)
1713.748(0.0, 30.0, 0.0)
1714.265(0.0, 40.8, 0.0)
25, 5
1714.782(0.0, 36.3, 0.0)
1715.298(0.0, 338.8, 0.0)
1715.815(0.0, 320.5, 0.0)
1716.332(0.0, 345.1, 0.0)
1716.848(0.0, 287.5, 0.0)
1717.348(0.0, 286.9, 0.0)
1717.865(0.0, 278.6, 0.0)
1718.381(0.0, 325.3, 0.0)
1718.898(0.0, 1.7, 0.0)
1719.415(0.0, 345.1, 0.0)
1719.932(0.0, 344.5, 0.0)
1720.448(0.0, 344.5, 0.0)
1720.965(0.0, 344.5, 0.0)
1721.481(0.0, 359.9, 0.0)
1721.998(0.0, 359.8, 0.0)
1722.515(0.0, 359.8, 0.0)
25, 6
1723.315(0.0, 359.2, 0.0)
1723.831(0.0, 359.0, 0.0)
1724.348(0.0, 359.0, 0.0)
1724.865(0.0, 352.0, 0.0)
1725.381(0.0, 356.0, 0.0)
1725.898(0.0, 357.0, 0.0)
1726.415(0.0, 357.0, 0.0)
1726.931(0.0, 357.0, 0.0)
26, 1
1727.448(0.0, 357.0, 0.0)
1727.948(0.0, 357.0, 0.0)
1728.465(0.0, 357.0, 0.0)
1728.981(0.0, 357.0, 0.0)
1729.498(0.0, 357.0, 0.0)
1730.015(0.0, 2.9, 0.0)
1730.531(0.0, 0.4, 0.0)
1731.048(0.0, 0.2, 0.0)
26, 2
1731.565(0.0, 0.1, 0.0)
1732.081(0.0, 358.8, 0.0)
1732.598(0.0, 358.0, 0.0)
1733.115(0.0, 358.0, 0.0)
1733.631(0.0, 358.0, 0.0)
1734.148(0.0, 358.0, 0.0)
1734.665(0.0, 358.0, 0.0)
1735.181(0.0, 358.0, 0.0)
1735.698(0.0, 358.0, 0.0)
26, 3
1736.215(0.0, 358.0, 0.0)
1736.731(0.0, 358.0, 0.0)
1737.248(0.0, 358.0, 0.0)
1737.765(0.0, 358.0, 0.0)
1738.281(0.0, 358.0, 0.0)
1738.798(0.0, 358.0, 0.0)
1739.315(0.0, 358.0, 0.0)
1739.831(0.0, 358.0, 0.0)
26, 4
1740.348(0.0, 358.0, 0.0)
1740.865(0.0, 358.0, 0.0)
1741.381(0.0, 358.0, 0.0)
1741.898(0.0, 358.0, 0.0)
1742.414(0.0, 358.0, 0.0)
1742.931(0.0, 358.0, 0.0)
1743.448(0.0, 358.0, 0.0)
1743.964(0.0, 358.0, 0.0)
26, 5
1744.481(0.0, 358.0, 0.0)
1744.998(0.0, 358.0, 0.0)
1745.514(0.0, 350.1, 0.0)
1746.031(0.0, 346.0, 0.0)
1746.548(0.0, 347.0, 0.0)
1747.064(0.0, 348.4, 0.0)
1747.581(0.0, 351.0, 0.0)
1748.098(0.0, 351.0, 0.0)
26, 6
1748.614(0.0, 351.0, 0.0)
1749.131(0.0, 351.0, 0.0)
1749.634(0.0, 351.0, 0.0)
1750.151(0.0, 351.0, 0.0)
1750.667(0.0, 351.0, 0.0)
1751.183(0.0, 351.0, 0.0)
1751.699(0.0, 351.0, 0.0)
1752.215(0.0, 351.0, 0.0)
1752.731(0.0, 351.0, 0.0)
1753.248(0.0, 351.0, 0.0)
1753.764(0.0, 351.0, 0.0)
1754.281(0.0, 359.3, 0.0)
1754.781(0.0, 352.2, 0.0)
1755.298(0.0, 348.0, 0.0)
1755.814(0.0, 348.0, 0.0)
1756.331(0.0, 348.0, 0.0)
1756.848(0.0, 348.0, 0.0)
1757.364(0.0, 348.0, 0.0)
1757.881(0.0, 349.7, 0.0)
27, 1
1758.398(0.0, 349.8, 0.0)
1758.914(0.0, 349.8, 0.0)
1759.431(0.0, 349.8, 0.0)
1759.948(0.0, 349.8, 0.0)
1760.464(0.0, 349.8, 0.0)
1760.981(0.0, 349.8, 0.0)
1761.498(0.0, 349.8, 0.0)
1762.014(0.0, 349.8, 0.0)
1762.531(0.0, 349.8, 0.0)
1763.047(0.0, 349.8, 0.0)
27, 2
1763.564(0.0, 349.8, 0.0)
1764.081(0.0, 349.8, 0.0)
1764.597(0.0, 349.8, 0.0)
1765.114(0.0, 349.8, 0.0)
1765.631(0.0, 349.8, 0.0)
1766.147(0.0, 349.8, 0.0)
1766.664(0.0, 349.8, 0.0)
1767.181(0.0, 349.8, 0.0)
27, 3
1767.681(0.0, 349.8, 0.0)
1768.197(0.0, 349.8, 0.0)
1768.714(0.0, 349.8, 0.0)
1769.214(0.0, 349.8, 0.0)
1769.731(0.0, 349.8, 0.0)
1770.247(0.0, 349.8, 0.0)
1770.764(0.0, 349.8, 0.0)
1771.281(0.0, 349.8, 0.0)
1771.797(0.0, 349.8, 0.0)
1772.314(0.0, 349.8, 0.0)
1772.831(0.0, 349.8, 0.0)
1773.347(0.0, 349.8, 0.0)
1773.864(0.0, 349.8, 0.0)
27, 4
1774.381(0.0, 349.8, 0.0)
1774.897(0.0, 349.8, 0.0)
1775.414(0.0, 349.8, 0.0)
1775.931(0.0, 349.8, 0.0)
1776.447(0.0, 349.8, 0.0)
1776.964(0.0, 349.8, 0.0)
1777.481(0.0, 349.8, 0.0)
1777.997(0.0, 349.8, 0.0)
1778.514(0.0, 349.8, 0.0)
27, 5
1779.031(0.0, 349.8, 0.0)
1779.547(0.0, 349.8, 0.0)
1780.064(0.0, 349.8, 0.0)
1780.581(0.0, 349.8, 0.0)
1781.097(0.0, 349.8, 0.0)
1781.614(0.0, 349.8, 0.0)
1782.13(0.0, 349.8, 0.0)
1782.647(0.0, 349.8, 0.0)
27, 6
1783.164(0.0, 349.8, 0.0)
1783.68(0.0, 349.8, 0.0)
1784.197(0.0, 349.8, 0.0)
1784.714(0.0, 349.8, 0.0)
1785.23(0.0, 349.8, 0.0)
1785.747(0.0, 349.8, 0.0)
1786.264(0.0, 349.8, 0.0)
1786.78(0.0, 349.8, 0.0)
1787.297(0.0, 349.8, 0.0)
1787.814(0.0, 349.8, 0.0)
1788.33(0.0, 349.8, 0.0)
1788.847(0.0, 349.8, 0.0)
1789.364(0.0, 349.8, 0.0)
1789.88(0.0, 349.8, 0.0)
1790.397(0.0, 349.8, 0.0)
1790.914(0.0, 349.8, 0.0)
1791.43(0.0, 349.8, 0.0)
1791.947(0.0, 349.8, 0.0)
1792.464(0.0, 349.8, 0.0)
1792.98(0.0, 349.8, 0.0)
1793.497(0.0, 349.8, 0.0)
1794.014(0.0, 349.8, 0.0)
1794.53(0.0, 349.8, 0.0)
1795.047(0.0, 349.8, 0.0)
1795.564(0.0, 349.8, 0.0)
1796.08(0.0, 349.8, 0.0)
1796.597(0.0, 349.8, 0.0)
1797.114(0.0, 349.8, 0.0)
1797.63(0.0, 349.8, 0.0)
1798.147(0.0, 349.8, 0.0)
1798.664(0.0, 349.8, 0.0)
1799.18(0.0, 349.8, 0.0)
1799.697(0.0, 349.8, 0.0)
1800.214(0.0, 349.8, 0.0)
1800.73(0.0, 349.8, 0.0)
1801.247(0.0, 349.8, 0.0)
1801.763(0.0, 349.8, 0.0)
1802.264(0.0, 349.8, 0.0)
1802.78(0.0, 349.8, 0.0)
1803.297(0.0, 349.8, 0.0)
1803.813(0.0, 349.8, 0.0)
1804.33(0.0, 349.8, 0.0)
1804.847(0.0, 349.8, 0.0)
1805.363(0.0, 349.8, 0.0)
1805.88(0.0, 349.8, 0.0)
1806.38(0.0, 349.8, 0.0)
1806.897(0.0, 349.8, 0.0)
1807.413(0.0, 349.8, 0.0)
1807.913(0.0, 349.8, 0.0)
1808.43(0.0, 349.8, 0.0)
1808.947(0.0, 349.8, 0.0)
1809.463(0.0, 349.8, 0.0)
1809.98(0.0, 349.8, 0.0)
1810.497(0.0, 349.8, 0.0)
1811.013(0.0, 349.8, 0.0)
1811.53(0.0, 349.8, 0.0)
1812.047(0.0, 349.8, 0.0)
1812.563(0.0, 349.8, 0.0)
1813.08(0.0, 349.8, 0.0)
1813.597(0.0, 349.8, 0.0)
1814.113(0.0, 349.8, 0.0)
1814.63(0.0, 349.8, 0.0)
1815.147(0.0, 349.8, 0.0)
1815.663(0.0, 349.8, 0.0)
1816.18(0.0, 349.8, 0.0)
1816.697(0.0, 349.8, 0.0)
1817.213(0.0, 349.8, 0.0)
1817.73(0.0, 349.8, 0.0)
1818.246(0.0, 349.8, 0.0)
1818.747(0.0, 349.8, 0.0)
1819.263(0.0, 349.8, 0.0)
1819.78(0.0, 349.8, 0.0)
1820.297(0.0, 349.8, 0.0)
1820.813(0.0, 349.8, 0.0)
1821.33(0.0, 349.8, 0.0)
1821.846(0.0, 349.8, 0.0)
1822.363(0.0, 349.8, 0.0)
1822.863(0.0, 349.8, 0.0)
1823.38(0.0, 349.8, 0.0)
1823.896(0.0, 349.8, 0.0)
1824.413(0.0, 349.8, 0.0)
1824.93(0.0, 349.8, 0.0)
1825.446(0.0, 349.8, 0.0)
1825.963(0.0, 349.8, 0.0)
1826.48(0.0, 349.8, 0.0)
1826.996(0.0, 349.8, 0.0)
1827.513(0.0, 349.8, 0.0)
1828.03(0.0, 349.8, 0.0)
1828.546(0.0, 349.8, 0.0)
1829.046(0.0, 349.8, 0.0)
1829.563(0.0, 349.8, 0.0)
1830.08(0.0, 349.8, 0.0)
1830.596(0.0, 349.8, 0.0)
1831.113(0.0, 349.8, 0.0)
1831.63(0.0, 349.8, 0.0)
1832.146(0.0, 349.8, 0.0)
1832.646(0.0, 349.8, 0.0)
1833.163(0.0, 89.5, 0.0)
1833.68(0.0, 40.5, 0.0)
1834.196(0.0, 40.5, 0.0)
1834.713(0.0, 40.5, 0.0)
1835.229(0.0, 40.5, 0.0)
1835.746(0.0, 40.5, 0.0)
1836.263(0.0, 40.5, 0.0)
1836.78(0.0, 273.1, 0.0)
1837.296(0.0, 269.0, 0.0)
1837.813(0.0, 269.0, 0.0)
1838.329(0.0, 269.0, 0.0)
1838.846(0.0, 269.0, 0.0)
1839.346(0.0, 269.0, 0.0)
1839.863(0.0, 269.0, 0.0)
1840.363(0.0, 269.0, 0.0)
1840.879(0.0, 269.0, 0.0)
1841.38(0.0, 269.0, 0.0)
1841.896(0.0, 269.0, 0.0)
1842.413(0.0, 269.0, 0.0)
