12.70474(0.0, 1.8, -1.0)
13.20794(0.0, 1.8, -1.0)
13.70797(0.0, 1.8, -1.0)
14.22467(0.0, 1.8, -1.0)
14.74131(0.0, 1.8, -1.0)
15.25796(0.0, 1.8, -1.0)
15.75798(0.0, 1.8, -1.0)
16.27462(0.0, 1.8, -1.0)
16.7912(0.0, 1.8, -1.0)
17.29126(0.0, 1.8, -1.0)
17.8079(0.0, 1.8, -1.0)
18.30793(0.0, 1.8, -1.0)
18.82459(0.0, 1.8, -1.0)
19.34117(0.0, 1.8, -1.0)
19.85781(0.0, 1.8, -1.0)
20.35787(0.0, 1.8, -1.0)
20.87448(0.0, 1.8, -1.0)
21.37453(0.0, 1.8, -1.0)
21.89118(0.0, 1.8, -1.0)
22.40782(0.0, 1.8, -1.0)
22.92445(0.0, 1.8, -1.0)
23.4245(0.0, 1.8, -1.0)
23.94114(0.0, 1.8, -1.0)
24.45778(0.0, 1.8, -1.0)
24.95782(0.0, 1.8, -1.0)
25.47448(0.0, 1.8, -1.0)
25.99104(0.0, 1.8, -1.0)
26.49109(0.0, 1.8, -1.0)
27.00774(0.0, 1.8, -1.0)
27.52439(0.0, 1.8, -1.0)
28.041(0.0, 1.8, -1.0)
28.54103(0.0, 1.8, -1.0)
29.04105(-0.1, 1.8, -0.8)
29.55769(0.2, 1.8, -1.2)
30.05769(0.3, 1.8, -1.2)
30.57439(0.1, 1.8, -0.7)
31.09103(-0.2, 1.8, -0.8)
31.60767(-0.2, 1.8, -0.8)
32.1077(-0.2, 1.8, -0.8)
32.62428(-0.2, 1.8, -0.8)
33.12433(-0.5, 1.8, -0.4)
33.641(-0.4, 1.8, -0.6)
34.15764(-0.3, 1.8, -0.5)
34.67432(-0.3, 1.8, -0.5)
35.19098(-0.3, 1.8, -0.5)
35.70758(-0.3, 1.8, -0.5)
36.20763(-0.3, 1.8, -0.5)
36.72425(-0.3, 1.8, -0.5)
37.24088(-0.3, 1.8, -0.5)
37.7575(-0.3, 1.8, -0.5)
38.25755(-0.3, 1.8, -0.5)
38.77418(-0.3, 1.8, -0.5)
39.27424(-0.3, 1.8, -0.5)
39.79081(-0.3, 1.8, -0.5)
40.29084(-0.3, 1.8, -0.5)
40.80745(-0.3, 1.8, -0.5)
41.30746(-0.3, 1.8, -0.5)
41.82414(-0.3, 1.8, -0.5)
42.32415(-0.3, 1.8, -0.5)
42.84077(-0.3, 1.8, -0.5)
43.3575(-0.3, 1.8, -0.5)
43.87413(-0.3, 1.8, -0.5)
44.39073(-0.3, 1.8, -0.5)
44.89077(-0.3, 1.8, -0.5)
45.39078(-0.3, 1.8, -0.5)
45.89079(-0.3, 1.8, -0.5)
46.40745(-0.3, 1.8, -0.5)
46.92402(-0.3, 1.8, -0.5)
47.42408(-0.3, 1.8, -0.5)
47.94075(-0.3, 1.8, -0.5)
48.45738(-0.3, 2.4, -0.5)
48.97401(-0.3, 1.8, -0.5)
49.49064(-0.4, 1.8, -0.4)
50.00734(-0.4, 1.8, -0.4)
50.52398(-0.5, 1.8, 0.2)
51.02402(-0.7, 1.8, 1.3)
51.54065(-0.7, 1.8, 1.7)
52.04068(-0.7, 1.8, 1.9)
52.55732(-0.7, 1.8, 1.9)
53.07391(-0.7, 1.8, 1.9)
53.57391(-0.7, 1.8, 1.9)
54.07396(-0.6, 1.8, 2.0)
54.57397(0.0, 1.8, 2.1)
55.09061(0.3, 1.8, 2.3)
55.60725(0.3, 1.8, 2.3)
56.1239(0.3, 1.8, 2.5)
56.6406(0.2, 1.8, 2.7)
57.15725(0.2, 1.8, 2.8)
57.67382(0.2, 1.8, 2.8)
58.1739(0.3, 1.8, 2.9)
58.69056(0.4, 1.8, 2.9)
59.20722(0.0, 1.8, 4.0)
59.7238(-0.1, 1.8, 4.4)
60.22386(0.7, 1.8, 4.8)
60.74045(0.6, 1.8, 5.1)
61.25711(0.4, 1.8, 5.7)
61.75714(0.0, 1.8, 6.6)
62.25717(-0.5, 1.8, 7.7)
62.77381(-0.7, 1.8, 8.3)
63.29049(-0.7, 1.8, 8.5)
63.80713(-0.8, 1.8, 8.7)
64.32374(-0.8, 1.8, 8.8)
64.84037(-0.8, 1.8, 8.8)
65.3404(-0.8, 1.8, 8.8)
65.84042(-0.8, 1.8, 8.8)
66.3571(-0.9, 1.8, 9.0)
66.85712(-0.9, 1.8, 9.0)
67.37373(-0.9, 1.8, 9.1)
67.89036(-0.9, 1.8, 9.1)
68.40701(-0.9, 1.8, 9.1)
68.92366(-0.9, 1.8, 9.1)
69.44027(-0.9, 1.8, 9.1)
69.94038(-0.9, 1.8, 9.1)
70.45694(-0.9, 1.8, 9.1)
70.95702(-0.9, 1.8, 9.1)
71.47366(-0.9, 1.8, 9.1)
71.97366(-0.9, 1.8, 9.1)
72.4903(-0.9, 1.8, 9.1)
73.00697(-0.9, 1.8, 9.1)
73.52362(-0.9, 1.8, 9.1)
74.02363(-0.9, 1.8, 9.1)
74.54026(-0.9, 1.8, 9.1)
75.05685(-0.9, 1.8, 9.1)
75.55686(-0.9, 1.8, 9.1)
76.07352(-0.9, 1.8, 9.1)
76.59018(-0.9, 1.8, 9.1)
77.10684(-0.9, 1.8, 9.1)
77.62347(-0.9, 1.8, 9.1)
78.12348(-0.9, 1.8, 9.1)
78.64012(-0.9, 1.8, 9.1)
79.14014(-0.9, 1.8, 9.1)
79.65679(-0.9, 1.8, 9.1)
80.17343(-0.9, 1.8, 9.1)
80.67351(-0.9, 1.8, 9.1)
81.19006(-0.9, 1.8, 9.1)
81.69009(-0.9, 1.8, 9.1)
82.19012(-0.9, 1.8, 9.1)
82.69012(-0.9, 1.8, 9.1)
83.20676(-0.9, 1.8, 9.1)
83.72346(-0.9, 1.8, 9.1)
84.2401(-0.9, 1.8, 9.1)
84.75677(-0.9, 1.8, 9.1)
85.27341(-0.9, 1.8, 9.1)
85.79002(-0.9, 1.8, 9.1)
86.29004(-0.9, 1.8, 9.1)
86.80666(-0.9, 1.8, 9.1)
87.32335(-0.9, 1.8, 9.1)
87.84(-0.9, 1.8, 9.1)
88.34003(-0.9, 1.8, 9.1)
88.8567(-0.9, 1.8, 9.1)
89.37335(-0.9, 1.8, 9.1)
89.88998(-0.9, 1.8, 9.1)
90.40663(-0.9, 1.8, 9.1)
90.92328(-0.9, 1.8, 9.1)
91.42336(-0.9, 1.8, 9.1)
91.93997(-0.9, 1.8, 9.1)
92.45664(-0.9, 1.8, 9.2)
92.97322(-0.9, 1.8, 9.3)
0, 1
93.4733(0.0, 1.2, -1.5)
93.98988(0.0, 1.8, -1.3)
94.48993(0.0, 1.8, -1.3)
95.00659(0.0, 1.8, -1.3)
95.52324(0.0, 1.8, -1.3)
96.03989(0.0, 1.8, -1.3)
96.53991(0.0, 1.8, -1.3)
97.05657(0.0, 1.8, -1.3)
97.57319(0.2, 1.8, -0.7)
98.08988(0.4, 1.8, 0.7)
98.6065(0.6, 1.8, 2.0)
99.10653(0.7, 1.8, 3.2)
99.62311(0.7, 1.8, 3.6)
100.1232(0.7, 1.8, 4.4)
100.6398(0.7, 1.8, 5.6)
101.1565(0.7, 1.8, 5.6)
101.6731(0.6, 1.8, 5.6)
102.1898(-0.3, 1.8, 5.8)
102.7064(-0.7, 1.8, 5.9)
103.2065(-0.7, 1.8, 5.9)
103.7231(-0.6, 1.8, 5.9)
104.2398(-0.3, 1.8, 5.8)
104.7564(0.6, 1.8, 5.6)
105.273(0.6, 1.8, 5.6)
105.773(0.7, 1.8, 5.8)
106.2897(0.7, 1.8, 6.0)
106.8063(0.7, 1.8, 6.3)
107.323(0.7, 1.8, 7.2)
107.8396(0.7, 1.8, 7.4)
108.3563(0.7, 1.8, 7.4)
108.873(0.7, 1.8, 7.4)
109.3896(0.7, 1.8, 7.4)
109.9063(0.7, 1.8, 7.4)
110.4063(0.7, 1.8, 7.4)
110.923(0.7, 1.8, 7.4)
111.423(0.7, 1.8, 7.4)
111.9396(0.5, 1.8, 7.4)
112.4562(0.1, 1.8, 7.5)
112.9562(-0.4, 1.8, 7.6)
113.4729(-0.7, 1.8, 7.7)
113.9729(-0.7, 1.8, 7.7)
114.4896(-0.7, 1.8, 8.0)
115.0062(-0.7, 1.8, 8.1)
115.5062(-0.6, 1.8, 8.2)
116.0229(-0.7, 1.8, 8.2)
116.5395(-0.7, 1.8, 8.6)
0, 2
117.0396(0.1, 1.8, -1.1)
117.5561(0.1, 1.8, -0.9)
118.0728(0.1, 1.8, -0.9)
118.5728(0.1, 1.8, -0.9)
119.0894(0.1, 1.8, -0.9)
119.5895(0.2, 1.8, -0.6)
120.0895(0.4, 1.8, 0.6)
120.6062(0.4, 1.8, 0.7)
121.1228(-0.4, 1.8, 0.8)
121.6395(-0.7, 1.8, 0.9)
122.1561(-0.7, 1.8, 1.1)
122.6728(-0.5, 1.8, 2.3)
123.1894(-0.3, 1.8, 3.4)
123.706(-0.4, 1.8, 3.4)
124.206(-0.4, 1.8, 3.5)
124.706(-0.2, 1.8, 4.5)
125.2226(-0.1, 1.8, 5.2)
125.7227(-0.1, 1.8, 5.2)
126.2394(-0.1, 1.8, 5.2)
126.756(-0.1, 1.8, 5.2)
127.2727(-0.1, 1.8, 5.2)
127.7893(-0.1, 1.8, 5.2)
128.306(-0.1, 1.8, 5.2)
128.8226(-0.1, 1.8, 5.2)
129.3226(-0.1, 1.8, 5.2)
129.8226(-0.1, 1.8, 5.2)
130.3393(-0.1, 1.8, 5.2)
130.8559(-0.1, 1.8, 5.2)
131.3559(-0.1, 1.8, 5.2)
131.8725(-0.1, 1.8, 5.3)
132.3726(0.1, 1.8, 6.0)
132.8893(0.1, 1.8, 6.0)
133.4059(0.0, 1.8, 6.0)
133.9059(-0.3, 1.8, 6.1)
134.4225(-0.7, 1.8, 6.3)
134.9225(-0.7, 1.8, 6.5)
135.4392(-0.6, 1.8, 6.8)
135.9559(-0.7, 1.8, 7.2)
136.4725(-0.7, 1.8, 7.3)
136.9892(-0.5, 1.8, 8.2)
137.5058(-0.3, 1.8, 8.8)
138.0225(-0.3, 1.8, 9.0)
138.5391(-0.2, 1.8, 9.2)
0, 3
139.2724(-0.7, 1.8, -1.2)
139.7724(-0.7, 1.8, -1.0)
140.289(-0.7, 1.8, -1.0)
140.7891(-0.7, 1.8, -1.0)
141.3057(-0.7, 1.8, -1.0)
141.8058(-0.7, 1.8, -1.0)
142.3224(-0.7, 1.8, -1.0)
142.8391(-0.7, 1.8, -1.0)
143.3557(-0.7, 1.8, -0.9)
143.8724(-0.7, 1.8, -0.8)
144.3891(-0.6, 1.8, -0.6)
144.9057(-0.6, 1.8, -0.4)
145.4224(-0.5, 1.8, -0.1)
145.939(-0.4, 1.8, 0.4)
146.439(-0.4, 1.8, 0.8)
146.939(-0.3, 1.8, 1.0)
147.4556(-0.2, 1.8, 1.6)
147.9557(-0.1, 1.8, 2.4)
148.4723(0.1, 1.8, 3.4)
148.9889(0.3, 1.8, 4.6)
149.489(0.3, 1.8, 5.3)
150.0056(0.4, 1.8, 5.5)
150.5222(0.4, 1.8, 5.6)
151.0222(0.4, 1.8, 5.6)
151.539(0.2, 1.8, 5.5)
152.0556(0.1, 1.8, 5.5)
152.5722(0.1, 1.8, 5.5)
153.0723(0.0, 1.8, 5.4)
153.5889(0.0, 1.8, 5.4)
154.0889(-0.1, 1.8, 5.4)
154.6055(-0.1, 1.8, 5.4)
155.1055(-0.2, 1.8, 5.3)
155.6222(-0.2, 1.8, 5.3)
156.1389(-0.2, 1.8, 5.3)
156.6555(-0.2, 1.8, 5.3)
157.1721(-0.2, 1.8, 5.3)
157.6888(-0.2, 1.8, 5.3)
158.2055(-0.2, 1.8, 5.3)
158.7222(-0.6, 1.8, 5.1)
159.2388(-0.7, 1.8, 4.6)
159.7554(-0.7, 1.8, 4.0)
160.2554(-0.7, 1.8, 3.8)
160.7721(-0.7, 1.8, 3.8)
161.2888(-0.7, 1.8, 3.8)
161.8054(-0.7, 1.8, 3.8)
162.322(-0.7, 1.8, 3.8)
162.8221(-0.7, 1.8, 3.8)
163.3387(-0.7, 1.8, 3.8)
163.8554(-0.7, 1.8, 3.8)
164.372(-0.7, 1.8, 3.3)
164.8887(-0.7, 1.8, 2.7)
165.4053(-0.7, 1.8, 2.1)
165.9053(-0.7, 1.8, 1.5)
166.422(-0.7, 1.8, 1.2)
166.9387(-0.7, 1.8, 1.2)
167.4553(-0.7, 1.8, 1.2)
167.972(-0.7, 1.8, 1.2)
168.4887(-0.7, 1.8, 1.2)
169.0053(-0.7, 1.8, 1.2)
169.5219(-0.7, 1.8, 1.2)
170.0219(-0.7, 1.8, 1.2)
170.5386(-0.7, 1.8, 1.2)
171.0553(-0.7, 1.8, 1.2)
171.5719(-0.7, 1.8, 1.2)
172.0885(-0.7, 1.8, 1.2)
172.5885(-0.7, 1.8, 1.2)
173.1052(-0.7, 1.8, 1.2)
173.6219(-0.7, 1.8, 1.2)
174.1385(-0.7, 1.8, 1.2)
174.6385(-0.7, 1.8, 1.2)
175.1552(-0.7, 1.8, 1.2)
175.6552(-0.7, 1.8, 1.2)
176.1718(-0.7, 1.8, 1.2)
176.6884(-0.7, 1.8, 1.2)
177.2051(-0.7, 1.8, 1.2)
177.7052(-0.7, 1.8, 1.8)
178.2218(-0.7, 1.8, 2.8)
178.7218(-0.7, 1.8, 3.0)
179.2385(-0.7, 1.8, 2.9)
179.7551(-0.7, 1.8, 2.7)
180.2551(-0.7, 1.8, 2.7)
180.7717(-0.7, 1.8, 2.5)
181.2718(-0.7, 1.8, 2.2)
181.7884(-0.7, 1.8, 2.1)
182.305(-0.7, 1.8, 2.0)
182.8217(-0.7, 1.8, 2.0)
183.3217(-0.7, 1.8, 1.8)
183.8384(-0.7, 1.8, 1.8)
184.3384(-0.7, 1.8, 1.8)
184.855(-0.7, 1.8, 1.6)
185.355(-0.7, 1.8, 1.6)
185.8717(-0.7, 1.8, 1.5)
186.3884(-0.7, 1.8, 1.5)
186.9049(-0.7, 1.8, 1.2)
187.405(-0.7, 1.8, 0.6)
187.9216(-0.7, 1.8, -0.1)
188.4382(-0.7, 1.8, -0.8)
188.9383(-0.7, 1.8, -1.4)
189.455(-0.7, 1.8, -2.0)
189.9716(-0.7, 1.8, -2.0)
190.4883(-0.7, 1.8, -2.0)
191.0049(-0.7, 1.8, -2.0)
191.5215(-0.7, 1.8, -2.0)
192.0215(-0.7, 1.8, -2.0)
192.5216(-0.7, 1.8, -2.0)
193.0382(-0.7, 1.8, -2.0)
193.5382(-0.7, 1.8, -2.0)
194.0549(-0.7, 1.8, -2.0)
194.5715(-0.7, 1.8, -2.0)
195.0715(-0.7, 1.8, -2.0)
195.5882(-0.7, 1.8, -2.0)
196.1048(-0.7, 1.8, -2.0)
196.6048(-0.7, 1.8, -2.0)
197.1215(-0.7, 1.8, -2.0)
197.6381(-0.7, 1.8, -2.0)
198.1548(-0.7, 1.8, -2.0)
198.6714(-0.7, 1.8, -2.0)
199.1715(-0.7, 1.8, -2.0)
199.688(-0.7, 1.8, -2.0)
200.1881(-0.7, 1.8, -2.0)
200.7048(-0.7, 1.8, -2.0)
201.2214(-0.7, 1.8, -2.0)
201.7381(-0.7, 1.8, -2.0)
202.2381(-0.7, 1.8, -2.0)
202.7547(-0.7, 1.8, -2.0)
203.2714(-0.7, 1.8, -2.0)
203.788(-0.7, 1.8, -2.0)
204.3047(-0.7, 1.8, -2.0)
204.8214(-0.7, 1.8, -2.0)
205.338(-0.7, 1.8, -2.0)
205.8547(-0.7, 1.8, -2.0)
206.3713(-0.7, 1.8, -2.0)
206.8713(-0.7, 1.8, -1.9)
207.388(-0.6, 1.8, -1.3)
207.9046(-0.4, 1.8, -0.2)
208.4213(-0.3, 1.8, -0.2)
208.9379(0.7, 1.8, -0.4)
209.4379(0.7, 1.8, 0.1)
209.9546(0.7, 1.8, 1.4)
210.4546(0.7, 1.8, 2.7)
210.9712(0.7, 1.8, 3.2)
211.4879(0.3, 1.8, 3.2)
212.0045(-0.7, 1.8, 3.4)
212.5045(-0.7, 1.8, 3.4)
213.0212(-0.7, 1.8, 3.4)
213.5378(0.0, 1.8, 3.3)
214.0545(0.4, 1.8, 3.2)
214.5545(0.4, 1.8, 3.3)
215.0545(0.4, 1.8, 3.8)
215.5712(0.5, 1.8, 4.2)
216.0878(0.4, 1.8, 4.3)
216.6044(0.3, 1.8, 4.3)
217.1044(-0.1, 1.8, 4.3)
217.6211(-0.7, 1.8, 4.3)
218.1377(-0.7, 1.8, 4.3)
218.6544(-0.7, 1.8, 5.3)
219.1544(-0.6, 1.8, 6.6)
219.6711(-0.5, 1.8, 8.0)
220.1711(-0.5, 1.8, 9.3)
0, 4
220.6711(0.1, 1.8, -0.4)
221.1877(0.1, 1.8, -0.3)
221.7043(0.1, 1.8, -0.3)
222.2044(0.1, 1.8, -0.3)
222.721(0.1, 1.8, 0.0)
223.2211(0.1, 1.8, 1.3)
223.7377(0.2, 1.8, 2.7)
224.2543(0.3, 1.8, 4.0)
224.771(0.4, 1.8, 5.4)
225.2876(0.4, 1.8, 6.8)
225.8043(0.5, 1.8, 8.1)
0, 5
226.3209(0.0, 1.2, -1.4)
226.821(0.1, 1.8, -0.1)
227.3376(0.1, 1.8, 0.8)
227.8543(0.1, 1.8, 0.8)
228.371(0.2, 1.8, 1.9)
228.8876(0.2, 1.8, 3.2)
229.4042(0.3, 1.8, 4.6)
229.9042(0.4, 1.8, 5.9)
230.4208(0.5, 1.8, 7.3)
230.9209(0.5, 1.8, 8.6)
0, 6
231.5875(0.1, 1.8, -0.5)
232.1041(0.1, 1.8, 0.8)
232.6208(0.2, 1.8, 2.2)
233.1374(0.3, 1.8, 3.6)
233.6374(0.3, 1.8, 4.9)
234.1541(0.4, 1.8, 6.2)
234.6707(0.5, 1.8, 7.6)
235.1873(0.5, 1.8, 9.0)
1, 1
235.6874(0.0, 1.8, -0.6)
236.2041(0.1, 1.8, 0.7)
236.7207(0.2, 1.8, 2.1)
237.2374(0.3, 1.8, 3.4)
237.754(0.3, 1.8, 4.8)
238.2706(0.4, 1.8, 6.2)
238.7873(0.5, 1.8, 7.5)
239.2873(0.5, 1.8, 8.9)
1, 2
239.804(0.0, 1.8, -0.7)
240.3206(0.1, 1.8, 0.7)
240.8206(0.2, 1.8, 2.0)
241.3373(0.3, 1.8, 3.3)
241.8539(0.3, 1.8, 4.7)
242.3539(0.4, 1.8, 6.0)
242.8706(0.5, 1.8, 7.4)
243.3706(0.5, 1.8, 8.7)
1, 3
243.8873(0.0, 1.8, -0.8)
244.4039(0.1, 1.8, 0.6)
244.9206(0.2, 1.8, 1.9)
245.4372(0.3, 1.8, 3.3)
245.9539(0.3, 1.8, 4.7)
246.4705(0.4, 1.8, 6.0)
246.9872(0.5, 1.8, 7.4)
247.5039(0.5, 1.8, 8.7)
1, 4
248.0205(0.0, 1.8, -0.8)
248.5372(0.1, 1.8, 0.5)
249.0538(0.2, 1.8, 1.9)
249.5538(0.2, 1.8, 3.2)
250.0704(0.3, 1.8, 4.6)
250.5872(0.4, 1.8, 6.0)
251.1038(0.5, 1.8, 7.3)
251.6205(0.5, 1.8, 8.7)
1, 5
252.1371(0.0, 1.8, -0.9)
252.6538(0.1, 1.8, 0.4)
253.1704(0.1, 1.8, 0.6)
253.6871(0.1, 1.8, 0.6)
254.2037(0.1, 1.8, 0.8)
254.7037(0.2, 1.8, 2.1)
255.2204(0.3, 1.8, 3.4)
255.7204(0.3, 1.8, 4.7)
256.237(0.4, 1.8, 6.1)
256.7536(0.5, 1.8, 7.5)
257.2537(0.5, 1.8, 8.8)
1, 6
257.837(0.0, 1.8, -0.6)
258.3536(0.1, 1.8, 0.8)
258.8703(0.2, 1.8, 2.2)
259.387(0.3, 1.8, 3.5)
259.9036(0.3, 1.8, 4.9)
260.4203(0.4, 1.8, 6.3)
260.9369(0.5, 1.8, 7.6)
261.4535(0.5, 1.8, 9.0)
2, 1
261.9536(0.0, 1.8, -0.6)
262.4702(0.1, 1.8, 0.7)
262.9702(0.2, 1.8, 2.1)
263.4869(0.3, 1.8, 3.4)
264.0035(0.3, 1.8, 4.8)
264.5202(0.4, 1.8, 6.1)
265.0368(0.5, 1.8, 7.5)
265.5369(0.5, 1.8, 8.8)
2, 2
266.0535(0.0, 1.8, -0.7)
266.5701(0.1, 1.8, 0.6)
267.0701(0.2, 1.8, 2.0)
267.5868(0.3, 1.8, 3.3)
268.1035(0.3, 1.8, 4.7)
268.6201(0.4, 1.8, 6.0)
269.1367(0.5, 1.8, 7.4)
269.6368(0.5, 1.8, 8.7)
2, 3
270.1534(0.0, 1.8, -0.8)
270.6701(0.1, 1.8, 0.5)
271.1868(0.2, 1.8, 1.9)
271.7034(0.2, 1.8, 3.3)
272.22(0.3, 1.8, 4.6)
272.7367(0.4, 1.8, 6.0)
273.2367(0.5, 1.8, 7.3)
273.7534(0.5, 1.8, 8.7)
2, 4
274.2701(0.0, 1.8, -0.8)
274.7867(0.1, 1.8, 0.5)
275.2867(0.2, 1.8, 1.8)
275.8033(0.2, 1.8, 3.2)
276.32(0.3, 1.8, 4.6)
276.8366(0.4, 1.8, 5.9)
277.3533(0.5, 1.8, 7.3)
277.87(0.5, 1.8, 8.7)
2, 5
278.3866(0.0, 1.8, -0.9)
278.9032(0.1, 1.8, 0.5)
279.4033(0.2, 1.8, 1.8)
279.9199(0.2, 1.8, 3.1)
280.4365(0.3, 1.8, 4.5)
280.9532(0.4, 1.8, 5.9)
281.4532(0.5, 1.8, 7.2)
281.9698(0.5, 1.8, 8.5)
2, 6
282.6532(0.0, 1.8, -0.6)
283.1698(0.1, 1.8, 0.8)
283.6698(0.2, 1.8, 2.1)
284.1864(0.3, 1.8, 3.5)
284.7031(0.3, 1.8, 4.8)
285.2031(0.4, 1.8, 6.2)
285.7198(0.5, 1.8, 7.5)
286.2364(0.5, 1.8, 8.9)
3, 1
286.7531(0.0, 1.8, -0.6)
287.2531(0.1, 1.8, 0.7)
287.7697(0.2, 1.8, 2.1)
288.2864(0.3, 1.8, 3.4)
288.803(0.3, 1.8, 4.8)
289.3197(0.4, 1.8, 6.1)
289.8364(0.5, 1.8, 7.5)
290.353(0.5, 1.8, 8.9)
3, 2
290.8697(0.0, 1.8, -0.7)
291.3864(0.1, 1.8, 0.7)
291.903(0.2, 1.8, 2.0)
292.4196(0.3, 1.8, 3.4)
292.9197(0.3, 1.8, 4.7)
293.4363(0.4, 1.8, 6.1)
293.953(0.5, 1.8, 7.4)
294.4696(0.5, 1.8, 8.8)
3, 3
294.9863(0.0, 1.8, -0.7)
295.5029(0.1, 1.8, 0.6)
296.0196(0.2, 1.8, 2.0)
296.5362(0.3, 1.8, 3.3)
297.0363(0.3, 1.8, 4.7)
297.5529(0.4, 1.8, 6.0)
298.0696(0.5, 1.8, 7.4)
298.5862(0.5, 1.8, 8.7)
3, 4
299.1029(0.0, 1.8, -0.8)
299.6195(0.1, 1.8, 0.6)
300.1361(0.2, 1.8, 2.0)
300.6362(0.3, 1.8, 3.3)
301.1529(0.3, 1.8, 4.7)
301.6695(0.4, 1.8, 6.0)
302.1861(0.5, 1.8, 7.4)
302.6862(0.5, 1.8, 8.7)
3, 5
303.2028(0.0, 1.8, -0.9)
303.7194(0.1, 1.8, 0.5)
304.2361(0.2, 1.8, 1.9)
304.7361(0.2, 1.8, 3.2)
305.2528(0.3, 1.8, 4.5)
305.7694(0.4, 1.8, 5.9)
306.2861(0.5, 1.8, 7.3)
306.7861(0.5, 1.8, 8.6)
3, 6
307.3028(0.0, 1.8, -1.0)
307.8194(0.1, 1.8, 0.4)
308.336(0.2, 1.8, 1.8)
308.8361(0.2, 1.8, 3.1)
309.3527(0.3, 1.8, 4.4)
309.8694(0.4, 1.8, 5.8)
310.386(0.5, 1.8, 7.2)
310.886(0.5, 1.8, 8.5)
4, 1
311.4027(0.0, 1.8, -1.0)
311.9194(0.1, 1.8, 0.3)
312.436(0.2, 1.8, 1.7)
312.9527(0.2, 1.8, 3.1)
313.4693(0.3, 1.8, 4.4)
313.9859(0.4, 1.8, 5.8)
314.5026(0.5, 1.8, 7.2)
315.0193(0.5, 1.8, 8.5)
4, 2
315.5359(0.0, 1.8, -1.0)
316.0526(0.1, 1.8, 0.3)
316.5693(0.2, 1.8, 1.7)
317.0859(0.2, 1.8, 3.1)
317.6025(0.3, 1.8, 4.4)
318.1025(0.4, 1.8, 5.7)
318.6192(0.5, 1.8, 7.1)
319.1359(0.5, 1.8, 8.5)
4, 3
319.6526(0.0, 1.8, -1.1)
320.1691(0.1, 1.8, 0.3)
320.6692(0.2, 1.8, 1.6)
321.1858(0.2, 1.8, 2.9)
321.7025(0.3, 1.8, 4.3)
322.2025(0.4, 1.8, 5.6)
322.7191(0.4, 1.8, 7.0)
323.2192(0.5, 1.8, 8.3)
4, 4
323.7358(0.0, 1.8, -1.2)
324.2524(0.1, 1.8, 0.2)
324.7691(0.2, 1.8, 1.5)
325.2857(0.2, 1.8, 2.9)
325.8024(0.3, 1.8, 4.3)
326.3024(0.4, 1.8, 5.6)
326.8191(0.4, 1.8, 6.9)
327.3357(0.5, 1.8, 8.3)
4, 5
327.8523(0.0, 1.6, -1.3)
328.369(0.1, 1.8, 0.1)
328.8691(0.2, 1.8, 1.4)
329.3857(0.2, 1.8, 2.8)
329.9023(0.3, 1.8, 4.1)
330.4024(0.4, 1.8, 5.5)
330.919(0.4, 1.8, 6.8)
331.4356(0.5, 1.8, 8.2)
4, 6
332.2523(0.0, 1.8, -0.6)
332.769(0.1, 1.8, 0.8)
333.2691(0.2, 1.8, 2.1)
333.7857(0.3, 1.8, 3.5)
334.3024(0.3, 1.8, 4.8)
334.819(0.4, 1.8, 6.2)
335.3357(0.5, 1.8, 7.6)
335.8523(0.5, 1.8, 8.9)
5, 1
336.3524(0.0, 1.8, -0.6)
336.8689(0.1, 1.8, 0.7)
337.369(0.2, 1.8, 2.1)
337.8857(0.3, 1.8, 3.4)
338.4023(0.3, 1.8, 4.8)
338.9023(0.4, 1.8, 6.1)
339.4189(0.5, 1.8, 7.5)
339.9189(0.5, 1.8, 8.8)
5, 2
340.4355(0.0, 1.8, -0.8)
340.9356(0.1, 1.8, 0.5)
341.4522(0.2, 1.8, 1.9)
341.9522(0.2, 1.8, 3.2)
342.4689(0.3, 1.8, 4.6)
342.9856(0.4, 1.8, 5.9)
343.5022(0.5, 1.8, 7.3)
344.0022(0.5, 1.8, 8.6)
5, 3
344.5188(0.0, 1.8, -0.9)
345.0355(0.1, 1.8, 0.4)
345.5355(0.2, 1.8, 1.8)
346.0522(0.2, 1.8, 3.1)
346.5688(0.3, 1.8, 4.5)
347.0855(0.4, 1.8, 5.8)
347.6022(0.5, 1.8, 7.2)
348.1188(0.5, 1.8, 8.6)
5, 4
348.6355(0.0, 1.8, -0.9)
349.1521(0.1, 1.8, 0.4)
349.6688(0.2, 1.8, 1.8)
350.1854(0.2, 1.8, 3.2)
350.7021(0.3, 1.8, 4.5)
351.2187(0.4, 1.8, 5.9)
351.7353(0.5, 1.8, 7.2)
352.252(0.5, 1.8, 8.6)
5, 5
352.7687(0.0, 1.8, -0.9)
353.2854(0.1, 1.8, 0.4)
353.802(0.2, 1.8, 1.8)
354.3187(0.2, 1.8, 3.1)
354.8353(0.3, 1.8, 4.5)
355.3353(0.4, 1.8, 5.8)
355.852(0.5, 1.8, 7.2)
356.3686(0.5, 1.8, 8.5)
5, 6
357.052(0.0, 1.8, -0.6)
357.5521(0.1, 1.8, 0.7)
358.0687(0.2, 1.8, 2.1)
358.5687(0.3, 1.8, 3.4)
359.0853(0.3, 1.8, 4.8)
359.5854(0.4, 1.8, 6.1)
360.102(0.5, 1.8, 7.5)
360.6186(0.5, 1.8, 8.8)
6, 1
361.1187(0.0, 1.8, -0.7)
361.6353(0.1, 1.8, 0.6)
362.152(0.2, 1.8, 2.0)
362.6686(0.3, 1.8, 3.4)
363.1853(0.3, 1.8, 4.7)
363.6853(0.4, 1.8, 6.1)
364.202(0.5, 1.8, 7.4)
364.7186(0.5, 1.8, 8.8)
6, 2
365.2352(0.0, 1.8, -0.8)
365.7519(0.1, 1.8, 0.6)
366.2686(0.2, 1.8, 1.9)
366.7852(0.3, 1.8, 3.3)
367.3019(0.3, 1.8, 4.7)
367.8186(0.4, 1.8, 6.0)
368.3352(0.5, 1.8, 7.4)
368.8352(0.5, 1.8, 8.7)
6, 3
369.3519(0.0, 1.8, -0.8)
369.8685(0.1, 1.8, 0.5)
370.3851(0.2, 1.8, 1.9)
370.8852(0.2, 1.8, 3.2)
371.4018(0.3, 1.8, 4.6)
371.9018(0.4, 1.8, 5.9)
372.4184(0.5, 1.8, 7.2)
372.9185(0.5, 1.8, 8.6)
6, 4
373.4352(0.0, 1.8, -0.9)
373.9518(0.1, 1.8, 0.4)
374.4684(0.2, 1.8, 1.8)
374.9851(0.2, 1.8, 3.2)
375.5017(0.3, 1.8, 4.5)
376.0184(0.4, 1.8, 5.9)
376.5351(0.5, 1.8, 7.2)
377.0517(0.5, 1.8, 8.6)
6, 5
377.5683(0.0, 1.8, -1.0)
378.0684(0.1, 1.8, 0.4)
378.5684(0.2, 1.8, 1.7)
379.0851(0.2, 1.8, 3.0)
379.6017(0.3, 1.8, 4.4)
380.1183(0.4, 1.8, 5.8)
380.6183(0.5, 1.8, 7.1)
381.135(0.5, 1.8, 8.5)
6, 6
381.6516(0.0, 1.8, -1.1)
382.1683(0.1, 1.8, 0.3)
382.685(0.2, 1.8, 1.6)
383.2016(0.2, 1.8, 3.0)
383.7183(0.3, 1.8, 4.3)
384.235(0.4, 1.8, 5.7)
384.7516(0.4, 1.8, 7.1)
385.2516(0.5, 1.8, 8.4)
7, 1
385.7682(0.0, 1.8, -1.1)
386.2849(0.1, 1.8, 0.3)
386.8016(0.2, 1.8, 1.6)
387.3182(0.2, 1.8, 3.0)
387.8348(0.3, 1.8, 4.3)
388.3349(0.4, 1.8, 5.7)
388.8515(0.4, 1.8, 7.0)
389.3681(0.5, 1.8, 8.4)
7, 2
389.8848(0.0, 1.8, -1.2)
390.4014(0.1, 1.8, 0.2)
390.9015(0.2, 1.8, 1.5)
391.4181(0.2, 1.8, 2.9)
391.9348(0.3, 1.8, 4.2)
392.4514(0.4, 1.8, 5.6)
392.9681(0.4, 1.8, 7.0)
393.4847(0.5, 1.8, 8.3)
7, 3
394.0014(0.0, 1.8, -1.2)
394.5014(0.1, 1.8, 0.1)
395.0181(0.2, 1.8, 1.4)
395.5181(0.2, 1.8, 2.8)
396.0347(0.3, 1.8, 4.1)
396.5514(0.4, 1.8, 5.5)
397.068(0.4, 1.8, 6.9)
397.568(0.5, 1.8, 8.2)
7, 4
398.068(0.0, 1.2, -1.4)
398.5681(0.1, 1.8, -0.1)
399.0846(0.1, 1.8, 1.3)
399.5847(0.2, 1.8, 2.6)
400.1013(0.3, 1.8, 4.0)
400.618(0.4, 1.8, 5.3)
401.1346(0.4, 1.8, 6.7)
401.6346(0.5, 1.8, 8.0)
402.1513(0.6, 1.8, 9.4)
7, 5
402.668(0.1, 1.8, -0.2)
403.1846(0.1, 1.8, 1.2)
403.7013(0.2, 1.8, 2.6)
404.2179(0.3, 1.8, 3.9)
404.7346(0.4, 1.8, 5.3)
405.2513(0.4, 1.8, 6.6)
405.7679(0.5, 1.8, 8.0)
406.2679(0.6, 1.8, 9.3)
7, 6
406.7845(0.1, 1.8, -0.2)
407.3011(0.1, 1.8, 1.1)
407.8177(0.2, 1.8, 2.5)
408.3178(0.3, 1.8, 3.8)
408.8344(0.4, 1.8, 5.2)
409.3511(0.4, 1.8, 6.5)
409.8677(0.5, 1.8, 7.9)
410.3678(0.6, 1.8, 9.2)
8, 1
410.8844(0.1, 1.8, -0.3)
411.4011(0.1, 1.8, 1.0)
411.9177(0.2, 1.8, 2.4)
412.4344(0.3, 1.8, 3.8)
412.9344(0.3, 1.8, 5.1)
413.451(0.4, 1.8, 6.4)
413.9676(0.5, 1.8, 7.8)
414.4677(0.6, 1.8, 9.1)
8, 2
414.9843(0.1, 1.8, -0.4)
415.5009(0.1, 1.8, 0.9)
416.001(0.2, 1.8, 2.2)
416.5176(0.3, 1.8, 3.6)
417.0342(0.3, 1.8, 5.0)
417.5343(0.4, 1.8, 6.3)
418.0509(0.5, 1.8, 7.7)
418.5676(0.6, 1.8, 9.0)
8, 3
419.0676(0.1, 1.8, -0.5)
419.5843(0.1, 1.8, 0.8)
420.1009(0.2, 1.8, 2.2)
420.6009(0.3, 1.8, 3.5)
421.1176(0.3, 1.8, 4.9)
421.6342(0.4, 1.8, 6.2)
422.1509(0.5, 1.8, 7.6)
422.6675(0.5, 1.8, 9.0)
8, 4
423.1842(0.0, 1.8, -0.6)
423.7009(0.1, 1.8, 0.8)
424.2175(0.2, 1.8, 2.1)
424.7341(0.3, 1.8, 3.5)
425.2341(0.3, 1.8, 4.8)
425.7509(0.4, 1.8, 6.2)
426.2674(0.5, 1.8, 7.5)
426.7675(0.5, 1.8, 8.9)
8, 5
427.2841(0.0, 1.8, -0.7)
427.8008(0.1, 1.8, 0.7)
428.3008(0.2, 1.8, 2.0)
428.8174(0.3, 1.8, 3.3)
429.334(0.3, 1.8, 4.7)
429.8507(0.4, 1.8, 6.1)
430.3508(0.5, 1.8, 7.4)
430.8674(0.5, 1.8, 8.7)
8, 6
431.4673(0.1, 1.8, -0.5)
431.9673(0.1, 1.8, 0.8)
432.484(0.2, 1.8, 2.1)
433.0006(0.3, 1.8, 3.5)
433.5007(0.3, 1.8, 4.8)
434.0173(0.4, 1.8, 6.2)
434.5173(0.5, 1.8, 7.5)
435.034(0.5, 1.8, 8.9)
9, 1
435.5506(0.0, 1.8, -0.7)
436.0507(0.1, 1.8, 0.6)
436.5673(0.2, 1.8, 2.0)
437.0839(0.3, 1.8, 3.4)
437.5839(0.3, 1.8, 4.7)
438.084(0.4, 1.8, 6.0)
438.6006(0.5, 1.8, 7.4)
439.1172(0.5, 1.8, 8.7)
9, 2
439.6339(0.0, 1.8, -0.8)
440.1506(0.1, 1.8, 0.5)
440.6672(0.2, 1.8, 1.9)
441.1672(0.2, 1.8, 3.2)
441.6838(0.3, 1.8, 4.6)
442.1838(0.4, 1.8, 5.9)
442.7005(0.5, 1.8, 7.3)
443.2171(0.5, 1.8, 8.6)
9, 3
443.7338(0.0, 1.8, -0.9)
444.2505(0.1, 1.8, 0.5)
444.7671(0.2, 1.8, 1.8)
445.2672(0.2, 1.8, 3.2)
445.7838(0.3, 1.8, 4.5)
446.3004(0.4, 1.8, 5.9)
446.8004(0.5, 1.8, 7.2)
447.3171(0.5, 1.8, 8.6)
9, 4
447.8337(0.0, 1.8, -1.0)
448.3504(0.1, 1.8, 0.4)
448.8671(0.2, 1.8, 1.7)
449.3838(0.2, 1.8, 3.1)
449.9004(0.3, 1.8, 4.5)
450.4004(0.4, 1.8, 5.8)
450.917(0.5, 1.8, 7.1)
451.4337(0.5, 1.8, 8.5)
9, 5
451.9337(0.0, 1.8, -1.1)
452.4504(0.1, 1.8, 0.3)
452.9669(0.2, 1.8, 1.6)
453.467(0.2, 1.8, 2.9)
453.9836(0.3, 1.8, 4.3)
454.5003(0.4, 1.8, 5.7)
455.0003(0.4, 1.8, 7.0)
455.5169(0.5, 1.8, 8.4)
9, 6
456.0336(0.0, 1.8, -1.1)
456.5336(0.1, 1.8, 0.2)
457.0502(0.2, 1.8, 1.5)
457.5503(0.2, 1.8, 2.9)
458.0668(0.3, 1.8, 4.2)
458.5669(0.4, 1.8, 5.5)
459.0669(0.4, 1.8, 6.8)
459.5836(0.5, 1.8, 8.2)
10, 1
460.1003(0.0, 1.4, -1.3)
460.6169(0.1, 1.8, 0.0)
461.1335(0.2, 1.8, 1.4)
461.6502(0.2, 1.8, 2.7)
462.1668(0.3, 1.8, 4.1)
462.6835(0.4, 1.8, 5.5)
463.2001(0.4, 1.8, 6.8)
463.7002(0.5, 1.8, 8.1)
10, 2
464.2167(0.0, 1.0, -1.4)
464.7168(0.1, 1.8, -0.1)
465.2335(0.1, 1.8, 1.3)
465.7501(0.2, 1.8, 2.6)
466.2668(0.3, 1.8, 4.0)
466.7834(0.4, 1.8, 5.4)
467.3(0.4, 1.8, 6.7)
467.8001(0.5, 1.8, 8.0)
468.3167(0.6, 1.8, 9.4)
10, 3
468.8167(0.1, 1.8, -0.1)
469.3334(0.1, 1.8, 1.2)
469.8501(0.2, 1.8, 2.6)
470.3667(0.3, 1.8, 3.9)
470.8834(0.4, 1.8, 5.3)
471.4(0.4, 1.8, 6.7)
471.9001(0.5, 1.8, 8.0)
472.4167(0.6, 1.8, 9.4)
10, 4
472.9333(0.1, 1.8, -0.2)
473.4333(0.1, 1.8, 1.1)
473.95(0.2, 1.8, 2.5)
474.4666(0.3, 1.8, 3.8)
474.9666(0.3, 1.8, 5.2)
475.4833(0.4, 1.8, 6.5)
475.9999(0.5, 1.8, 7.9)
476.5166(0.6, 1.8, 9.2)
10, 5
477.0333(0.1, 1.8, -0.3)
477.5499(0.1, 1.8, 1.1)
478.0499(0.2, 1.8, 2.4)
478.5665(0.3, 1.8, 3.7)
479.0666(0.3, 1.8, 5.1)
479.5832(0.4, 1.8, 6.4)
480.0998(0.5, 1.8, 7.8)
480.6165(0.6, 1.8, 9.1)
10, 6
481.1165(0.0, 1.8, -1.4)
481.6332(0.0, 1.8, -1.4)
482.1499(0.0, 1.8, -1.4)
482.6666(0.0, 1.8, -0.7)
483.1832(0.1, 1.8, 0.7)
483.6833(0.2, 1.8, 2.0)
484.1998(0.3, 1.8, 3.3)
484.6999(0.3, 1.8, 4.7)
485.2166(0.4, 1.8, 6.0)
485.7332(0.5, 1.8, 7.4)
486.2499(0.5, 1.8, 8.7)
11, 1
486.7665(0.0, 1.8, -0.7)
487.2831(0.1, 1.8, 0.6)
487.7832(0.2, 1.8, 1.9)
488.2998(0.3, 1.8, 3.3)
488.7998(0.3, 1.8, 4.6)
489.3164(0.4, 1.8, 6.0)
489.8331(0.5, 1.8, 7.3)
490.3331(0.5, 1.8, 8.7)
11, 2
490.8498(0.0, 1.8, -0.8)
491.3665(0.1, 1.8, 0.5)
491.8831(0.2, 1.8, 1.9)
492.3997(0.2, 1.8, 3.2)
492.9164(0.3, 1.8, 4.6)
493.433(0.4, 1.8, 6.0)
493.9498(0.5, 1.8, 7.3)
494.4664(0.5, 1.8, 8.7)
11, 3
494.9831(0.0, 1.8, -0.9)
495.4997(0.1, 1.8, 0.5)
496.0164(0.2, 1.8, 1.9)
496.533(0.2, 1.8, 3.2)
497.0497(0.3, 1.8, 4.6)
497.5497(0.4, 1.8, 5.9)
498.0663(0.5, 1.8, 7.3)
498.583(0.5, 1.8, 8.6)
11, 4
499.0996(0.0, 1.8, -0.9)
499.5996(0.1, 1.8, 0.4)
500.1163(0.2, 1.8, 1.8)
500.6329(0.2, 1.8, 3.1)
501.1496(0.3, 1.8, 4.5)
501.6663(0.4, 1.8, 5.8)
502.1829(0.5, 1.8, 7.2)
502.6995(0.5, 1.8, 8.6)
11, 5
503.1996(0.0, 1.8, -1.0)
503.7162(0.1, 1.8, 0.4)
504.2329(0.2, 1.8, 1.8)
504.7495(0.2, 1.8, 3.1)
505.2495(0.3, 1.8, 4.4)
505.7495(0.4, 1.8, 5.7)
506.2662(0.5, 1.8, 7.1)
506.7828(0.5, 1.8, 8.5)
11, 6
507.4995(0.0, 1.8, -0.6)
508.0162(0.1, 1.8, 0.8)
508.5495(0.2, 1.8, 2.2)
509.0496(0.3, 1.8, 3.5)
509.5828(0.3, 1.8, 4.9)
510.1163(0.4, 1.8, 6.3)
510.6495(0.5, 1.8, 7.8)
511.1495(0.6, 1.8, 9.1)
12, 1
511.6662(0.1, 1.8, -0.5)
512.1995(0.1, 1.8, 0.9)
512.7328(0.2, 1.8, 2.3)
513.2661(0.3, 1.8, 3.7)
513.7662(0.3, 1.8, 5.1)
514.2994(0.4, 1.8, 6.5)
514.8328(0.5, 1.8, 7.9)
515.3328(0.6, 1.8, 9.2)
12, 2
515.8661(0.1, 1.8, -0.3)
516.3994(0.1, 1.8, 1.1)
516.9327(0.2, 1.8, 2.5)
517.4661(0.3, 1.8, 3.9)
517.9662(0.4, 1.8, 5.3)
518.4993(0.4, 1.8, 6.7)
519.0161(0.5, 1.8, 8.0)
519.5327(0.6, 1.8, 9.4)
12, 3
520.0661(0.1, 1.8, -0.1)
520.5993(0.1, 1.8, 1.3)
521.1326(0.2, 1.8, 2.7)
521.6328(0.3, 1.8, 4.0)
522.166(0.4, 1.8, 5.4)
522.666(0.4, 1.8, 6.7)
523.1826(0.5, 1.8, 8.1)
12, 4
523.6993(0.0, 0.8, -1.5)
524.2326(0.1, 1.8, 0.0)
524.766(0.2, 1.8, 1.4)
525.2993(0.2, 1.8, 2.8)
525.8326(0.3, 1.8, 4.2)
526.366(0.4, 1.8, 5.6)
526.8992(0.4, 1.8, 7.0)
527.3993(0.5, 1.8, 8.3)
12, 5
527.9326(0.0, 1.8, -1.2)
528.4658(0.1, 1.8, 0.3)
528.9992(0.2, 1.8, 1.7)
529.5325(0.2, 1.8, 3.1)
530.0658(0.3, 1.8, 4.5)
530.5991(0.4, 1.8, 5.9)
531.1158(0.5, 1.8, 7.2)
531.6324(0.5, 1.8, 8.6)
12, 6
532.2991(0.0, 1.8, -0.6)
532.8157(0.1, 1.8, 0.8)
533.3324(0.2, 1.8, 2.2)
533.8491(0.3, 1.8, 3.5)
534.3658(0.3, 1.8, 4.9)
534.8824(0.4, 1.8, 6.3)
535.3991(0.5, 1.8, 7.6)
535.9157(0.5, 1.8, 9.0)
13, 1
536.4324(0.0, 1.8, -0.6)
536.949(0.1, 1.8, 0.8)
537.449(0.2, 1.8, 2.1)
537.9657(0.3, 1.8, 3.5)
538.4824(0.3, 1.8, 4.8)
538.999(0.4, 1.8, 6.2)
539.499(0.5, 1.8, 7.5)
540.0156(0.5, 1.8, 8.9)
13, 2
540.5323(0.0, 1.8, -0.6)
541.049(0.1, 1.8, 0.7)
541.5656(0.2, 1.8, 1.8)
542.0823(0.2, 1.8, 1.8)
542.5989(0.2, 1.8, 1.8)
543.0989(0.2, 1.8, 1.8)
543.6156(0.2, 1.8, 2.1)
544.1323(0.2, 1.8, 2.3)
544.6489(0.3, 1.8, 3.4)
545.1656(0.3, 1.8, 3.8)
545.6822(0.3, 1.8, 4.0)
546.1988(0.3, 1.8, 4.2)
546.6989(0.3, 1.8, 4.5)
547.2155(0.4, 1.8, 5.4)
547.7322(0.4, 1.8, 6.2)
548.2488(0.5, 1.8, 7.2)
548.7654(0.5, 1.8, 8.2)
549.2821(0.5, 1.8, 8.2)
549.7822(0.5, 1.8, 8.2)
550.2988(0.4, 1.8, 8.2)
550.8154(0.4, 1.8, 8.2)
551.332(0.2, 1.8, 8.2)
551.8321(-0.2, 1.8, 8.2)
552.3487(-0.4, 1.8, 8.2)
552.8488(-0.4, 1.8, 8.2)
553.3654(-0.3, 1.8, 9.4)
13, 3
553.882(0.1, 1.8, -0.2)
554.3821(0.1, 1.8, 0.0)
554.8987(0.1, 1.8, 0.0)
555.4154(0.1, 1.8, 0.0)
555.932(0.1, 1.8, 0.1)
556.4321(0.1, 1.8, 0.1)
556.9487(0.1, 1.8, 0.1)
557.4653(0.0, 1.8, 0.1)
557.982(-0.3, 1.8, 0.2)
558.4987(-0.7, 1.8, 0.2)
559.0153(-0.7, 1.8, 0.2)
559.532(-0.7, 1.8, 0.9)
560.0486(-0.6, 1.8, 2.0)
560.5652(-0.7, 1.8, 2.1)
561.0653(-0.7, 1.8, 2.1)
561.582(-0.7, 1.8, 2.8)
562.0986(-0.6, 1.8, 4.2)
562.6152(-0.7, 1.8, 4.5)
563.132(-0.7, 1.8, 4.5)
563.6486(-0.7, 1.8, 5.2)
564.1652(-0.6, 1.8, 6.5)
564.6819(-0.6, 1.8, 7.3)
565.1985(-0.7, 1.8, 7.3)
565.7152(-0.7, 1.8, 7.5)
566.2319(-0.6, 1.8, 8.8)
13, 4
566.7485(0.0, 1.8, -0.7)
567.2651(0.1, 1.8, -0.2)
567.7652(0.1, 1.8, -0.2)
568.2818(0.1, 1.8, -0.2)
568.7985(-0.3, 1.8, -0.2)
569.3151(-0.5, 1.8, -0.2)
569.8318(-0.7, 1.8, -0.2)
570.3484(-0.7, 1.8, 0.0)
570.8651(-0.6, 1.8, 1.4)
571.3818(-0.6, 1.8, 2.3)
571.8984(-0.6, 1.8, 2.7)
572.415(-0.6, 1.8, 2.9)
572.9151(-0.5, 1.8, 3.3)
573.4317(-0.5, 1.8, 4.5)
573.9484(-0.5, 1.8, 4.8)
574.465(-0.5, 1.8, 4.9)
574.9817(-0.4, 1.8, 5.4)
575.4818(-0.4, 1.8, 6.7)
575.9984(-0.3, 1.8, 7.9)
576.515(-0.4, 1.8, 8.0)
577.0317(-0.7, 1.8, 8.0)
577.5483(-0.7, 1.8, 8.0)
578.0649(-0.7, 1.8, 8.2)
578.565(-0.7, 1.8, 8.4)
579.0817(-0.7, 1.8, 9.2)
13, 5
579.5983(0.1, 1.8, -0.4)
580.115(0.1, 1.8, -0.1)
580.6317(0.1, 1.8, -0.1)
581.1483(0.1, 1.8, 0.2)
581.6649(0.2, 1.8, 1.5)
582.1816(0.1, 1.8, 1.8)
582.6982(-0.7, 1.8, 1.9)
583.2149(-0.7, 1.8, 1.9)
583.7316(-0.7, 1.8, 2.5)
584.2482(-0.6, 1.8, 3.9)
584.7482(-0.5, 1.8, 5.2)
585.2649(-0.5, 1.8, 6.5)
585.7816(-0.4, 1.8, 7.9)
586.2982(-0.3, 1.8, 9.3)
13, 6
586.8149(0.0, 1.8, -1.4)
587.3315(0.0, 1.8, -1.4)
587.8483(0.0, 1.8, -1.4)
588.3649(0.0, 1.8, -1.4)
588.8815(0.0, 1.8, -1.3)
589.3982(0.0, 1.8, -1.2)
589.9148(0.0, 1.8, -0.7)
590.4149(0.1, 1.8, 0.4)
590.9315(0.2, 1.8, 1.7)
591.4482(0.2, 1.8, 2.8)
591.9648(0.3, 1.8, 4.1)
592.4815(0.4, 1.8, 5.2)
592.9981(0.4, 1.8, 6.4)
593.5147(0.5, 1.8, 7.1)
594.0314(0.5, 1.8, 7.1)
594.5481(0.5, 1.8, 7.5)
595.0648(0.5, 1.8, 7.7)
595.5814(0.5, 1.8, 7.9)
596.0981(0.5, 1.8, 8.5)
596.6147(0.5, 1.8, 8.9)
597.1147(0.5, 1.8, 8.9)
597.6314(0.4, 1.8, 9.0)
14, 1
598.1481(0.0, 1.8, -0.8)
598.6647(0.1, 1.8, -0.2)
599.1813(0.1, 1.8, 0.1)
599.6814(0.0, 1.8, 0.1)
600.198(-0.7, 1.8, 0.1)
600.7146(-0.7, 1.8, 0.3)
601.2313(-0.6, 1.8, 1.7)
601.7313(-0.6, 1.8, 2.7)
602.248(-0.6, 1.8, 2.7)
602.7646(-0.6, 1.8, 3.0)
603.2813(-0.6, 1.8, 3.4)
603.798(-0.6, 1.8, 3.4)
604.3146(-0.7, 1.8, 3.4)
604.8313(-0.7, 1.8, 4.0)
605.3479(-0.6, 1.8, 5.3)
605.8646(-0.5, 1.8, 6.6)
606.3812(-0.5, 1.8, 7.1)
606.8979(-0.5, 1.8, 7.7)
607.4146(-0.5, 1.8, 8.4)
607.9312(-0.4, 1.8, 9.4)
14, 2
608.4479(0.1, 1.8, -0.2)
608.9645(0.1, 1.8, 0.0)
609.4812(0.1, 1.8, 0.3)
609.9979(0.1, 1.8, 0.8)
610.5145(-0.8, 1.8, 0.8)
611.0311(-0.7, 1.8, 0.9)
611.5478(-0.7, 1.8, 1.5)
612.0645(-0.6, 1.8, 2.8)
612.5812(-0.6, 1.8, 4.2)
613.0978(-0.6, 1.8, 5.0)
613.6144(-0.7, 1.8, 5.1)
614.131(-0.7, 1.8, 5.6)
614.6311(-0.6, 1.8, 6.9)
615.1477(-0.6, 1.8, 8.2)
14, 3
615.6478(0.0, 1.4, -1.3)
616.1644(0.0, 1.8, -0.9)
616.681(0.0, 1.8, -0.9)
617.1976(-0.1, 1.8, -0.9)
617.7144(-0.1, 1.8, -0.4)
618.231(0.0, 1.8, 0.8)
618.7477(-0.1, 1.8, 0.9)
619.2643(-0.7, 1.8, 0.9)
619.7809(-0.7, 1.8, 0.9)
620.2977(-0.7, 1.8, 1.7)
620.8143(-0.6, 1.8, 3.1)
621.331(-0.5, 1.8, 4.5)
621.8477(-0.5, 1.8, 5.8)
622.3643(-0.4, 1.8, 7.2)
622.8809(-0.3, 1.8, 8.2)
623.381(-0.3, 1.8, 8.3)
623.8976(-0.3, 1.8, 8.5)
624.4142(-0.3, 1.8, 8.7)
624.9158(-0.3, 1.8, 8.7)
14, 4
625.4319(0.0, 1.4, -1.3)
625.9481(0.1, 1.8, -0.2)
626.4642(0.1, 1.8, -0.2)
626.9809(0.1, 1.8, -0.2)
627.4976(0.1, 1.8, 0.4)
628.0142(0.2, 1.8, 1.8)
628.5309(0.2, 1.8, 3.2)
629.0475(0.3, 1.8, 4.5)
629.5641(0.4, 1.8, 5.9)
630.0808(0.5, 1.8, 7.3)
630.5975(0.5, 1.8, 8.6)
14, 5
631.1141(0.0, 1.8, -0.9)
631.6308(0.1, 1.8, -0.5)
632.1474(0.1, 1.8, -0.5)
632.6475(0.1, 1.8, 0.2)
633.1641(0.2, 1.8, 1.6)
633.6807(0.2, 1.8, 2.9)
634.1974(0.3, 1.8, 4.3)
634.714(0.4, 1.8, 5.7)
635.2141(0.4, 1.8, 7.0)
635.7307(0.5, 1.8, 8.3)
14, 6
636.4973(0.0, 1.8, -1.4)
636.9974(0.0, 1.8, -1.4)
637.5306(0.0, 1.8, -1.4)
638.064(0.0, 1.8, -1.4)
638.5973(0.0, 1.8, -1.4)
639.1306(0.0, 1.8, -1.1)
639.664(0.1, 1.8, 0.3)
640.1973(0.2, 1.8, 1.7)
640.6974(0.2, 1.8, 3.1)
641.2306(0.3, 1.8, 4.5)
641.7639(0.4, 1.8, 5.9)
642.2973(0.5, 1.8, 7.3)
642.8139(0.5, 1.8, 8.6)
15, 1
643.3306(0.0, 1.8, -0.9)
643.8639(0.1, 1.8, 0.3)
644.364(0.1, 1.8, 0.4)
644.8972(0.2, 1.8, 1.7)
645.4306(0.2, 1.8, 3.1)
645.9638(0.3, 1.8, 4.5)
646.4971(0.4, 1.8, 5.9)
647.0305(0.5, 1.8, 7.3)
647.5305(0.5, 1.8, 8.6)
15, 2
648.0471(0.0, 1.8, -1.0)
648.5804(0.1, 1.8, 0.2)
649.0805(0.1, 1.8, 0.9)
649.6138(0.2, 1.8, 2.3)
650.1471(0.3, 1.8, 3.7)
650.6472(0.3, 1.8, 5.0)
651.1804(0.4, 1.8, 6.4)
651.7138(0.5, 1.8, 7.8)
652.2304(0.6, 1.8, 9.2)
15, 3
652.7637(0.1, 1.8, -0.3)
653.2971(0.1, 1.8, 1.1)
653.8304(0.2, 1.8, 2.5)
654.3304(0.3, 1.8, 3.9)
654.8637(0.4, 1.8, 5.3)
655.397(0.4, 1.8, 6.7)
655.9303(0.5, 1.8, 8.1)
656.4304(0.6, 1.8, 9.4)
15, 4
656.9637(0.1, 1.8, -0.1)
657.4969(0.1, 1.8, 1.3)
658.0303(0.2, 1.8, 2.7)
658.5636(0.3, 1.8, 4.1)
659.0969(0.4, 1.8, 5.5)
659.6302(0.4, 1.8, 6.9)
660.1636(0.5, 1.8, 8.3)
15, 5
660.697(0.0, 1.8, -1.2)
661.2302(0.1, 1.8, 0.2)
661.7635(0.2, 1.8, 1.6)
662.2969(0.2, 1.8, 3.0)
662.8302(0.3, 1.8, 4.4)
663.3636(0.4, 1.8, 5.8)
663.8802(0.5, 1.8, 7.2)
664.3969(0.5, 1.8, 8.6)
15, 6
665.0802(0.0, 1.8, -0.6)
665.5969(0.1, 1.8, 0.8)
666.0969(0.2, 1.8, 2.1)
666.6135(0.3, 1.8, 3.5)
667.1302(0.3, 1.8, 4.9)
667.6469(0.4, 1.8, 6.2)
668.1636(0.5, 1.8, 7.6)
668.6802(0.5, 1.8, 8.9)
16, 1
669.1969(0.0, 1.8, -0.6)
669.7135(0.1, 1.8, 0.8)
670.2302(0.2, 1.8, 2.1)
670.7302(0.3, 1.8, 3.4)
671.2468(0.3, 1.8, 4.8)
671.7635(0.4, 1.8, 6.2)
672.2802(0.5, 1.8, 7.5)
672.7969(0.5, 1.8, 8.9)
16, 2
673.3135(0.0, 1.8, -0.6)
673.8301(0.1, 1.8, 0.7)
674.3467(0.2, 1.8, 2.1)
674.8468(0.3, 1.8, 3.4)
675.3635(0.3, 1.8, 4.8)
675.8801(0.4, 1.8, 6.1)
676.3801(0.5, 1.8, 7.5)
676.8967(0.5, 1.8, 8.8)
16, 3
677.4134(0.0, 1.8, -0.7)
677.9301(0.1, 1.8, 0.6)
678.4467(0.2, 1.8, 2.0)
678.9634(0.3, 1.8, 3.4)
679.48(0.3, 1.8, 4.7)
679.9967(0.4, 1.8, 6.1)
680.5134(0.5, 1.8, 7.4)
681.03(0.5, 1.8, 8.8)
16, 4
681.5466(0.0, 1.8, -0.7)
682.0634(0.1, 1.8, 0.6)
682.58(0.2, 1.8, 2.0)
683.0966(0.3, 1.8, 3.3)
683.6133(0.3, 1.8, 4.7)
684.1299(0.4, 1.8, 6.1)
684.6465(0.5, 1.8, 7.4)
685.1633(0.5, 1.8, 8.8)
16, 5
685.6799(0.0, 1.8, -0.7)
686.1966(0.1, 1.8, 0.7)
686.7133(0.2, 1.8, 2.0)
687.2299(0.3, 1.8, 3.4)
687.7466(0.3, 1.8, 4.7)
688.2632(0.4, 1.8, 6.1)
688.7632(0.5, 1.8, 7.4)
689.2798(0.5, 1.8, 8.8)
16, 6
689.8798(0.0, 1.8, -0.6)
690.3799(0.1, 1.8, 0.6)
690.8965(0.1, 1.8, 1.3)
691.3965(0.2, 1.8, 2.7)
691.9131(0.3, 1.8, 4.0)
692.4132(0.4, 1.8, 5.3)
692.9298(0.4, 1.8, 6.7)
693.4465(0.5, 1.8, 8.1)
693.9465(0.6, 1.8, 9.4)
17, 1
694.4631(0.1, 1.8, -0.2)
694.9797(0.1, 1.8, 1.2)
695.4964(0.2, 1.8, 2.6)
695.9965(0.3, 1.8, 3.9)
696.5131(0.4, 1.8, 5.2)
697.0297(0.4, 1.8, 6.6)
697.5463(0.5, 1.8, 8.0)
698.0464(0.6, 1.8, 9.3)
17, 2
698.5631(0.1, 1.8, -0.2)
699.0797(0.1, 1.8, 1.1)
699.5964(0.2, 1.8, 2.5)
700.113(0.3, 1.8, 3.9)
700.6297(0.4, 1.8, 5.2)
701.1464(0.4, 1.8, 6.6)
701.663(0.5, 1.8, 7.9)
702.1796(0.6, 1.8, 9.3)
17, 3
702.6797(0.1, 1.8, -0.3)
703.1963(0.1, 1.8, 1.1)
703.6964(0.2, 1.8, 2.4)
704.213(0.3, 1.8, 3.8)
704.7297(0.3, 1.8, 5.1)
705.2463(0.4, 1.8, 6.5)
705.7629(0.5, 1.8, 7.8)
706.2795(0.6, 1.8, 9.2)
17, 4
706.7796(0.1, 1.8, -0.4)
707.2963(0.1, 1.8, 1.0)
707.8129(0.2, 1.8, 2.3)
708.3295(0.3, 1.8, 3.7)
708.8463(0.3, 1.8, 5.1)
709.3629(0.4, 1.8, 6.4)
709.8795(0.5, 1.8, 7.8)
710.3795(0.6, 1.8, 9.1)
17, 5
710.8962(0.1, 1.8, -0.4)
711.4128(0.1, 1.8, 1.0)
711.9294(0.2, 1.8, 2.3)
712.4295(0.3, 1.8, 3.6)
712.9462(0.3, 1.8, 5.0)
713.4628(0.4, 1.8, 6.4)
713.9795(0.5, 1.8, 7.7)
714.4962(0.6, 1.8, 9.1)
17, 6
715.0128(0.1, 1.8, -0.5)
715.5129(0.1, 1.8, 0.9)
716.0462(0.2, 1.8, 2.3)
716.5795(0.3, 1.8, 3.7)
717.1128(0.3, 1.8, 5.1)
717.6461(0.4, 1.8, 6.5)
718.1627(0.5, 1.8, 7.8)
718.6628(0.6, 1.8, 9.2)
18, 1
719.1794(0.1, 1.8, -0.4)
719.7127(0.1, 1.8, 1.0)
720.246(0.2, 1.8, 2.4)
720.7794(0.3, 1.8, 3.8)
721.3127(0.4, 1.8, 5.2)
721.8461(0.4, 1.8, 6.6)
722.3793(0.5, 1.8, 8.0)
722.896(0.6, 1.8, 9.4)
18, 2
723.4127(0.0, 1.8, -0.9)
723.946(0.1, 1.8, -0.5)
724.4793(0.1, 1.8, 0.0)
725.0126(0.1, 1.8, 0.7)
725.546(0.2, 1.8, 2.1)
726.0793(0.3, 1.8, 3.6)
726.6126(0.3, 1.8, 5.0)
727.1459(0.4, 1.8, 6.4)
727.6793(0.5, 1.8, 7.8)
728.196(0.6, 1.8, 9.1)
18, 3
728.7293(0.1, 1.8, -0.4)
729.2626(0.1, 1.8, 1.0)
729.7626(0.2, 1.8, 2.4)
730.2958(0.3, 1.8, 3.8)
730.8292(0.3, 1.8, 5.2)
731.3625(0.4, 1.8, 6.6)
731.8792(0.5, 1.8, 7.9)
732.3792(0.6, 1.8, 9.3)
18, 4
732.8959(0.1, 1.8, -0.3)
733.4291(0.1, 1.8, 1.1)
733.9625(0.2, 1.8, 2.5)
734.4958(0.3, 1.8, 3.9)
734.9958(0.4, 1.8, 5.2)
735.5291(0.4, 1.8, 6.6)
736.0624(0.5, 1.8, 8.1)
736.5625(0.6, 1.8, 9.4)
18, 5
737.0958(0.1, 1.8, -0.1)
737.6291(0.1, 1.8, 1.3)
738.1292(0.2, 1.8, 2.6)
738.6624(0.3, 1.8, 4.0)
739.1958(0.4, 1.8, 5.4)
739.729(0.4, 1.8, 6.9)
740.2291(0.5, 1.8, 8.2)
18, 6
740.7958(0.0, 1.8, -1.2)
741.3124(0.1, 1.8, 0.2)
741.8291(0.2, 1.8, 1.5)
742.3457(0.2, 1.8, 2.9)
742.8624(0.3, 1.8, 3.9)
743.379(0.3, 1.8, 4.9)
743.8957(0.4, 1.8, 6.2)
744.4123(0.5, 1.8, 7.6)
744.9124(0.5, 1.8, 8.9)
19, 1
745.429(0.0, 1.8, -0.6)
745.9457(0.1, 1.8, 0.7)
746.4623(0.2, 1.8, 2.1)
746.9623(0.3, 1.8, 3.4)
747.4789(0.3, 1.8, 4.8)
747.9955(0.4, 1.8, 6.1)
748.5123(0.5, 1.8, 7.5)
749.0289(0.5, 1.8, 8.9)
19, 2
749.5456(0.0, 1.8, -0.7)
750.0623(0.1, 1.8, 0.7)
750.5789(0.2, 1.8, 2.0)
751.0789(0.3, 1.8, 3.3)
751.5955(0.3, 1.8, 4.7)
752.1122(0.4, 1.8, 6.1)
752.6289(0.5, 1.8, 7.4)
753.1454(0.5, 1.8, 8.8)
19, 3
753.6455(0.0, 1.8, -0.7)
754.1456(0.1, 1.8, 0.6)
754.6621(0.2, 1.8, 1.9)
755.1622(0.2, 1.8, 3.3)
755.6788(0.3, 1.8, 4.6)
756.1955(0.4, 1.8, 6.0)
756.7122(0.5, 1.8, 7.3)
757.2288(0.5, 1.8, 8.7)
19, 4
757.7454(0.0, 1.8, -0.8)
758.2621(0.1, 1.8, 0.6)
758.7621(0.2, 1.8, 1.9)
759.2787(0.2, 1.8, 3.2)
759.7955(0.3, 1.8, 4.6)
760.3121(0.4, 1.8, 6.0)
760.8287(0.5, 1.8, 7.3)
761.3453(0.5, 1.8, 8.7)
19, 5
761.862(0.0, 1.8, -0.9)
762.3621(0.1, 1.8, 0.5)
762.8787(0.2, 1.8, 1.8)
763.3954(0.2, 1.8, 3.2)
763.912(0.3, 1.8, 4.5)
764.4286(0.4, 1.8, 5.9)
764.9453(0.5, 1.8, 7.3)
765.4619(0.5, 1.8, 8.6)
19, 6
766.112(0.0, 1.8, -0.6)
766.6287(0.1, 1.8, 0.8)
767.1454(0.2, 1.8, 2.2)
767.662(0.3, 1.8, 3.5)
768.1786(0.3, 1.8, 4.9)
768.6953(0.4, 1.8, 6.2)
769.1953(0.5, 1.8, 7.6)
769.712(0.5, 1.8, 8.9)
20, 1
770.2286(0.0, 1.8, -0.6)
770.7453(0.1, 1.8, 0.8)
771.262(0.2, 1.8, 2.1)
771.7786(0.3, 1.8, 3.5)
772.2952(0.3, 1.8, 4.9)
772.8119(0.4, 1.8, 6.2)
773.312(0.5, 1.8, 7.5)
773.8286(0.5, 1.8, 8.9)
20, 2
774.3452(0.0, 1.8, -0.6)
774.8619(0.1, 1.8, 0.7)
775.3786(0.2, 1.8, 2.1)
775.8952(0.3, 1.8, 3.4)
776.4119(0.3, 1.8, 4.8)
776.9285(0.4, 1.8, 6.2)
777.4452(0.5, 1.8, 7.5)
777.9619(0.5, 1.8, 8.9)
20, 3
778.4785(0.0, 1.8, -0.7)
778.9952(0.1, 1.8, 0.7)
779.5118(0.2, 1.8, 2.1)
780.0285(0.3, 1.8, 3.4)
780.5451(0.3, 1.8, 4.8)
781.0618(0.4, 1.8, 6.2)
781.5618(0.5, 1.8, 7.5)
782.0784(0.5, 1.8, 8.8)
20, 4
782.5951(0.0, 1.8, -0.7)
783.1118(0.1, 1.8, 0.7)
783.6284(0.2, 1.8, 2.1)
784.1451(0.3, 1.8, 3.4)
784.6617(0.3, 1.8, 4.8)
785.1783(0.4, 1.8, 6.1)
785.6784(0.5, 1.8, 7.5)
786.195(0.5, 1.8, 8.8)
20, 5
786.7117(0.0, 1.8, -0.7)
787.2284(0.1, 1.8, 0.6)
787.745(0.2, 1.8, 2.0)
788.2617(0.3, 1.8, 3.4)
788.7783(0.3, 1.8, 4.7)
789.295(0.4, 1.8, 6.1)
789.8116(0.5, 1.8, 7.4)
790.3116(0.5, 1.8, 8.8)
20, 6
790.9116(0.0, 1.8, -0.6)
791.4282(0.1, 1.8, 0.8)
791.9449(0.2, 1.8, 2.2)
792.4517(0.3, 1.8, 3.5)
792.9679(0.3, 1.8, 4.8)
793.484(0.4, 1.8, 6.2)
794.0002(0.5, 1.8, 7.6)
794.5163(0.5, 1.8, 8.9)
21, 1
795.0325(0.0, 1.8, -0.6)
795.5486(0.1, 1.8, 0.8)
796.0648(0.2, 1.8, 2.2)
796.5809(0.3, 1.8, 3.5)
797.097(0.3, 1.8, 4.9)
797.6132(0.4, 1.8, 6.2)
798.1294(0.5, 1.8, 7.3)
798.6455(0.5, 1.8, 7.5)
799.1617(0.5, 1.8, 8.8)
21, 2
799.678(0.0, 1.8, -0.8)
800.178(0.1, 1.8, -0.1)
800.6947(0.1, 1.8, 1.2)
801.2114(0.2, 1.8, 2.6)
801.728(0.3, 1.8, 3.9)
802.2447(0.4, 1.8, 5.3)
802.7613(0.4, 1.8, 6.6)
803.278(0.5, 1.8, 8.0)
803.7946(0.6, 1.8, 9.4)
21, 3
804.3113(0.1, 1.8, -0.2)
804.8279(0.1, 1.8, 1.2)
805.3446(0.2, 1.8, 2.6)
805.8613(0.3, 1.8, 3.9)
806.3779(0.4, 1.8, 5.3)
806.8946(0.4, 1.8, 6.7)
807.4113(0.5, 1.8, 8.0)
807.9279(0.6, 1.8, 9.4)
21, 4
808.4445(0.1, 1.8, -0.2)
808.9445(0.1, 1.8, 1.1)
809.4612(0.2, 1.8, 2.5)
809.9778(0.3, 1.8, 3.9)
810.4945(0.4, 1.8, 5.2)
811.0111(0.4, 1.8, 6.6)
811.5112(0.5, 1.8, 7.9)
812.0278(0.6, 1.8, 9.3)
21, 5
812.5445(0.1, 1.8, -0.2)
813.0612(0.1, 1.8, 1.1)
813.5778(0.2, 1.8, 2.5)
814.0945(0.3, 1.8, 3.9)
814.6111(0.4, 1.8, 5.2)
815.1111(0.4, 1.8, 6.5)
815.6277(0.5, 1.8, 7.9)
816.1443(0.6, 1.8, 9.3)
21, 6
816.661(0.1, 1.8, -0.3)
817.1777(0.1, 1.8, 1.1)
817.6943(0.2, 1.8, 2.4)
818.2253(0.3, 1.8, 3.8)
818.7415(0.4, 1.8, 5.2)
819.2576(0.4, 1.8, 6.6)
819.7737(0.5, 1.8, 7.9)
820.2899(0.6, 1.8, 9.3)
22, 1
820.806(0.1, 1.8, -0.2)
821.3222(0.1, 1.8, 1.1)
821.8384(0.2, 1.8, 2.5)
822.3545(0.3, 1.8, 3.9)
822.8707(0.4, 1.8, 5.2)
823.3868(0.4, 1.8, 6.6)
823.903(0.5, 1.8, 7.9)
824.4191(0.6, 1.8, 9.3)
22, 2
824.9352(0.1, 1.8, -0.2)
825.4514(0.1, 1.8, 1.1)
825.9675(0.2, 1.8, 2.5)
826.4837(0.3, 1.8, 3.8)
826.986(0.3, 1.8, 5.2)
827.5021(0.4, 1.8, 6.5)
828.0182(0.5, 1.8, 7.9)
828.5344(0.6, 1.8, 9.2)
22, 3
829.0505(0.1, 1.8, -0.3)
829.5667(0.1, 1.8, 1.0)
830.0829(0.2, 1.8, 2.4)
830.599(0.3, 1.8, 3.8)
831.1152(0.3, 1.8, 5.1)
831.6313(0.4, 1.8, 6.5)
832.1475(0.5, 1.8, 7.9)
832.6636(0.6, 1.8, 9.2)
22, 4
833.1797(0.1, 1.8, -0.3)
833.6959(0.1, 1.8, 1.0)
834.212(0.2, 1.8, 2.4)
834.7282(0.3, 1.8, 3.7)
835.2444(0.3, 1.8, 5.1)
835.7607(0.4, 1.8, 6.5)
836.2774(0.5, 1.8, 7.8)
836.7941(0.6, 1.8, 9.2)
22, 5
837.3107(0.1, 1.8, -0.3)
837.8274(0.1, 1.8, 1.1)
838.344(0.2, 1.8, 2.4)
838.8607(0.3, 1.8, 3.8)
839.3773(0.3, 1.8, 5.1)
839.894(0.4, 1.8, 6.5)
840.4106(0.5, 1.8, 7.9)
840.9272(0.6, 1.8, 9.2)
22, 6
841.4273(0.1, 1.8, -0.4)
841.9441(0.1, 1.8, 1.0)
842.4608(0.2, 1.8, 2.4)
842.9773(0.3, 1.8, 3.7)
843.4774(0.3, 1.8, 5.0)
843.994(0.4, 1.8, 6.4)
844.494(0.5, 1.8, 7.7)
845.0107(0.6, 1.8, 9.1)
23, 1
845.5273(0.1, 1.8, -0.5)
846.044(0.1, 1.8, 0.9)
846.5606(0.2, 1.8, 2.2)
847.0607(0.3, 1.8, 3.6)
847.5773(0.3, 1.8, 4.9)
848.0939(0.4, 1.8, 6.3)
848.6106(0.5, 1.8, 7.6)
849.1273(0.6, 1.8, 9.0)
23, 2
849.6439(0.1, 1.8, -0.5)
850.1439(0.1, 1.8, 0.8)
850.6606(0.2, 1.8, 2.2)
851.1772(0.3, 1.8, 3.6)
851.6938(0.3, 1.8, 4.9)
852.1939(0.4, 1.8, 6.2)
852.7105(0.5, 1.8, 7.6)
853.2272(0.5, 1.8, 9.0)
23, 3
853.7438(0.0, 1.8, -0.6)
854.2438(0.1, 1.8, 0.7)
854.7604(0.2, 1.8, 2.1)
855.2605(0.3, 1.8, 3.4)
855.7771(0.3, 1.8, 4.8)
856.2938(0.4, 1.8, 6.1)
856.8104(0.5, 1.8, 7.5)
857.3104(0.5, 1.8, 8.8)
23, 4
857.8271(0.0, 1.8, -0.7)
858.3438(0.1, 1.8, 0.6)
858.8604(0.2, 1.8, 2.0)
859.3771(0.3, 1.8, 3.3)
859.8937(0.3, 1.8, 4.7)
860.4104(0.4, 1.8, 6.1)
860.9271(0.5, 1.8, 7.4)
861.4437(0.5, 1.8, 8.8)
23, 5
861.9603(0.0, 1.8, -0.7)
862.4771(0.1, 1.8, 0.7)
862.9937(0.2, 1.8, 2.0)
863.5103(0.3, 1.8, 3.4)
864.0104(0.3, 1.8, 4.7)
864.527(0.4, 1.8, 6.1)
865.0436(0.5, 1.8, 7.4)
865.5602(0.5, 1.8, 8.8)
23, 6
866.1603(0.0, 1.8, -0.6)
866.6603(0.1, 1.8, 0.8)
867.1769(0.2, 1.8, 2.1)
867.677(0.3, 1.8, 3.4)
868.1935(0.3, 1.8, 4.8)
868.6936(0.4, 1.8, 6.1)
869.2103(0.5, 1.8, 7.5)
869.7269(0.5, 1.8, 8.9)
24, 1
870.2436(0.0, 1.8, -0.7)
870.7602(0.1, 1.8, 0.7)
871.2603(0.2, 1.8, 2.0)
871.7769(0.3, 1.8, 3.3)
872.2936(0.3, 1.8, 4.7)
872.8102(0.4, 1.8, 6.1)
873.3269(0.5, 1.8, 7.4)
873.8435(0.5, 1.8, 8.8)
24, 2
874.3602(0.0, 1.8, -0.7)
874.8768(0.1, 1.8, 0.7)
875.3935(0.2, 1.8, 2.0)
875.9101(0.3, 1.8, 3.4)
876.4102(0.3, 1.8, 4.7)
876.9268(0.4, 1.8, 6.1)
877.4435(0.5, 1.8, 7.4)
877.9601(0.5, 1.8, 8.8)
24, 3
878.4767(0.0, 1.8, -0.8)
878.9767(0.1, 1.8, 0.5)
879.4934(0.2, 1.8, 1.9)
880.0101(0.3, 1.8, 3.3)
880.5267(0.3, 1.8, 4.6)
881.0434(0.4, 1.8, 6.0)
881.5601(0.5, 1.8, 7.4)
882.0767(0.5, 1.8, 8.7)
24, 4
882.5933(0.0, 1.8, -0.8)
883.11(0.1, 1.8, 0.5)
883.6266(0.2, 1.8, 1.9)
884.1433(0.2, 1.8, 3.3)
884.6599(0.3, 1.8, 4.6)
885.16(0.4, 1.8, 5.9)
885.6766(0.5, 1.8, 7.3)
886.1933(0.5, 1.8, 8.7)
24, 5
886.71(0.0, 1.8, -0.8)
887.2266(0.1, 1.8, 0.5)
887.7433(0.2, 1.8, 1.9)
888.2599(0.2, 1.8, 3.2)
888.7599(0.3, 1.8, 4.6)
889.2766(0.4, 1.8, 5.9)
889.7933(0.5, 1.8, 7.3)
890.3099(0.5, 1.8, 8.6)
24, 6
890.8265(0.0, 1.8, -0.9)
891.3266(0.1, 1.8, 0.4)
891.8432(0.2, 1.8, 1.8)
892.3599(0.2, 1.8, 3.1)
892.8765(0.3, 1.8, 4.5)
893.3765(0.4, 1.8, 5.8)
893.8932(0.5, 1.8, 7.2)
894.4098(0.5, 1.8, 8.5)
25, 1
894.9099(0.0, 1.8, -1.1)
895.4265(0.1, 1.8, 0.3)
895.9431(0.2, 1.8, 1.7)
896.4598(0.2, 1.8, 3.0)
896.9765(0.3, 1.8, 4.4)
897.4931(0.4, 1.8, 5.8)
898.0098(0.5, 1.8, 7.1)
898.5264(0.5, 1.8, 8.5)
25, 2
899.0431(0.0, 1.8, -1.0)
899.5597(0.1, 1.8, 0.3)
900.0764(0.2, 1.8, 1.7)
900.5764(0.2, 1.8, 3.0)
901.093(0.3, 1.8, 4.4)
901.6097(0.4, 1.8, 5.7)
902.1264(0.5, 1.8, 7.1)
902.6431(0.5, 1.8, 8.5)
25, 3
903.1597(0.0, 1.8, -1.1)
903.6763(0.1, 1.8, 0.3)
904.193(0.2, 1.8, 1.6)
904.6949(0.2, 1.8, 3.0)
905.2111(0.3, 1.8, 4.3)
905.7272(0.4, 1.8, 5.7)
906.2433(0.4, 1.8, 7.1)
906.7596(0.5, 1.8, 8.4)
25, 4
907.2762(0.0, 1.8, -1.1)
907.7762(0.1, 1.8, 0.2)
908.293(0.2, 1.8, 1.5)
908.8096(0.2, 1.8, 2.9)
909.3262(0.3, 1.8, 4.3)
909.8429(0.4, 1.8, 5.6)
910.3595(0.4, 1.8, 7.0)
910.8762(0.5, 1.8, 8.4)
25, 5
911.3762(0.0, 1.8, -1.2)
911.8929(0.1, 1.8, 0.2)
912.4095(0.2, 1.8, 1.5)
912.9262(0.2, 1.8, 2.9)
913.4429(0.3, 1.8, 4.3)
913.9595(0.4, 1.8, 5.6)
914.4761(0.4, 1.8, 7.0)
914.9928(0.5, 1.8, 8.3)
25, 6
915.7595(0.0, 1.8, -0.6)
916.2595(0.1, 1.8, 0.8)
916.7762(0.2, 1.8, 2.1)
917.2928(0.3, 1.8, 3.5)
917.8095(0.3, 1.8, 4.9)
918.3262(0.4, 1.8, 6.2)
918.8428(0.5, 1.8, 7.6)
919.3595(0.5, 1.8, 8.9)
26, 1
919.8762(0.0, 1.8, -0.6)
920.3928(0.1, 1.8, 0.7)
920.8928(0.2, 1.8, 2.1)
921.4095(0.3, 1.8, 3.4)
921.9261(0.3, 1.8, 4.8)
922.4428(0.4, 1.8, 6.2)
922.9594(0.5, 1.8, 7.5)
923.4594(0.5, 1.8, 8.8)
26, 2
923.9761(0.0, 1.8, -0.7)
924.4927(0.1, 1.8, 0.7)
925.0094(0.2, 1.8, 2.1)
925.5261(0.3, 1.8, 3.4)
926.0427(0.3, 1.8, 4.8)
926.5594(0.4, 1.8, 6.1)
927.076(0.5, 1.8, 7.5)
927.5927(0.5, 1.8, 8.9)
26, 3
928.1093(0.0, 1.8, -0.7)
928.6094(0.1, 1.8, 0.6)
929.1259(0.2, 1.8, 2.0)
929.626(0.3, 1.8, 3.3)
930.1426(0.3, 1.8, 4.7)
930.6592(0.4, 1.8, 6.0)
931.176(0.5, 1.8, 7.4)
931.6926(0.5, 1.8, 8.8)
26, 4
932.1926(0.0, 1.8, -0.8)
932.7092(0.1, 1.8, 0.5)
933.2093(0.2, 1.8, 1.8)
933.7259(0.2, 1.8, 3.2)
934.2426(0.3, 1.8, 4.6)
934.7592(0.4, 1.8, 5.9)
935.2759(0.5, 1.8, 7.3)
935.7925(0.5, 1.8, 8.7)
26, 5
936.3091(0.0, 1.8, -0.8)
936.8258(0.1, 1.8, 0.5)
937.3259(0.2, 1.8, 1.8)
937.8425(0.2, 1.8, 3.2)
938.3592(0.3, 1.8, 4.6)
938.8758(0.4, 1.8, 5.9)
939.3925(0.5, 1.8, 7.3)
939.9091(0.5, 1.8, 8.6)
26, 6
940.5591(0.0, 1.8, -0.6)
941.0592(0.1, 1.8, 0.8)
941.5759(0.2, 1.8, 2.1)
942.0925(0.3, 1.8, 3.5)
942.6092(0.3, 1.8, 4.9)
943.1259(0.4, 1.8, 6.2)
943.6425(0.5, 1.8, 7.6)
944.1425(0.5, 1.8, 8.9)
27, 1
944.6592(0.0, 1.8, -0.7)
945.1758(0.1, 1.8, 0.7)
945.6924(0.2, 1.8, 2.1)
946.2091(0.3, 1.8, 3.4)
946.7258(0.3, 1.8, 4.8)
947.2424(0.4, 1.8, 6.2)
947.759(0.5, 1.8, 7.5)
948.2757(0.5, 1.8, 8.9)
27, 2
948.7758(0.0, 1.8, -0.7)
949.2924(0.1, 1.8, 0.7)
949.8091(0.2, 1.8, 2.1)
950.3257(0.3, 1.8, 3.4)
950.8424(0.3, 1.8, 4.8)
951.359(0.4, 1.8, 6.1)
951.8757(0.5, 1.8, 7.5)
952.3923(0.5, 1.8, 8.9)
27, 3
952.909(0.0, 1.8, -0.7)
953.4257(0.1, 1.8, 0.7)
953.9423(0.2, 1.8, 2.0)
954.4589(0.3, 1.8, 3.4)
954.9756(0.3, 1.8, 4.8)
955.4922(0.4, 1.8, 6.1)
956.009(0.5, 1.8, 7.5)
956.5256(0.5, 1.8, 8.8)
27, 4
957.0422(0.0, 1.8, -0.7)
957.5588(0.1, 1.8, 0.7)
958.0589(0.2, 1.8, 2.0)
958.5756(0.3, 1.8, 3.3)
959.0922(0.3, 1.8, 4.7)
959.6089(0.4, 1.8, 6.1)
960.1255(0.5, 1.8, 7.4)
960.6422(0.5, 1.8, 8.8)
27, 5
961.1588(0.0, 1.8, -0.7)
961.6589(0.1, 1.8, 0.6)
962.1755(0.2, 1.8, 2.0)
962.6755(0.3, 1.8, 3.3)
963.1921(0.3, 1.8, 4.6)
963.7088(0.4, 1.8, 6.0)
964.2254(0.5, 1.8, 7.4)
964.7255(0.5, 1.8, 8.7)
27, 6
965.2421(0.0, 1.8, -0.9)
965.7588(0.1, 1.8, 0.5)
966.2754(0.2, 1.8, 1.9)
966.7921(0.2, 1.8, 2.2)
967.3087(0.2, 1.8, 2.2)
967.8254(0.2, 1.8, 2.2)
968.342(0.2, 1.8, 2.2)
968.842(0.2, 1.8, 2.2)
969.3587(0.2, 1.8, 2.2)
969.8754(0.2, 1.8, 2.2)
970.392(0.2, 1.8, 2.2)
970.9087(0.2, 1.8, 2.2)
971.4254(0.2, 1.8, 2.2)
971.942(0.2, 1.8, 2.2)
972.4586(0.2, 1.8, 2.2)
972.9587(0.2, 1.8, 2.2)
973.4753(0.2, 1.8, 2.2)
973.9919(0.2, 1.8, 2.2)
974.5086(0.2, 1.8, 2.2)
975.0253(0.2, 1.8, 2.2)
975.5419(0.2, 1.8, 2.2)
976.0585(0.2, 1.8, 2.2)
976.5586(0.2, 1.8, 2.2)
977.0752(0.2, 1.8, 2.2)
977.5919(0.2, 1.8, 2.2)
978.0919(0.2, 1.8, 2.2)
978.6086(0.2, 1.8, 2.2)
979.1252(0.2, 1.8, 2.2)
979.6418(0.2, 1.8, 2.2)
980.1419(0.2, 1.8, 2.2)
980.6585(0.2, 1.8, 2.2)
981.1752(0.2, 1.8, 2.2)
981.6918(0.2, 1.8, 2.2)
982.2085(0.2, 1.8, 2.2)
982.725(0.2, 1.8, 2.2)
983.2251(0.2, 1.8, 2.2)
983.7418(0.2, 1.8, 2.2)
984.2584(0.2, 1.8, 2.2)
984.7751(0.2, 1.8, 2.2)
985.2917(0.2, 1.8, 2.2)
985.7986(0.2, 1.8, 2.2)
986.3148(0.2, 1.8, 2.2)
986.8309(0.2, 1.8, 2.2)
987.347(0.2, 1.8, 2.2)
987.8632(0.2, 1.8, 2.2)
988.3793(0.2, 1.8, 2.2)
988.8955(0.2, 1.8, 2.2)
989.4116(0.2, 1.8, 2.2)
989.9278(0.2, 1.8, 2.2)
990.444(0.2, 1.8, 2.2)
990.9601(0.2, 1.8, 2.2)
991.4763(0.2, 1.8, 2.2)
991.9924(0.2, 1.8, 2.2)
992.5085(0.2, 1.8, 2.2)
993.0249(0.2, 1.8, 2.2)
993.525(0.2, 1.8, 2.2)
994.0416(0.2, 1.8, 2.2)
994.5583(0.2, 1.8, 2.2)
995.0749(0.2, 1.8, 2.2)
995.5916(0.2, 1.8, 2.2)
996.1082(0.2, 1.8, 2.2)
996.6249(0.2, 1.8, 2.2)
997.1249(0.2, 1.8, 2.2)
